-132,-77,j/If0appdHXkBdzEkjLKu91vAFw=,qq2hZ+SfybPVSnEXP1w7CRAPc34=
-130,-78,j/If0appdHXkBdzEkjLKu91vAFw=,qq2hZ+SfybPVSnEXP1w7CRAPc34=
-140,-80,j/If0appdHXkBdzEkjLKu91vAFw=,qq2hZ+SfybPVSnEXP1w7CRAPc34=
-131,-77,j/If0appdHXkBdzEkjLKu91vAFw=,qq2hZ+SfybPVSnEXP1w7CRAPc34=
-130,-77,j/If0appdHXkBdzEkjLKu91vAFw=,qq2hZ+SfybPVSnEXP1w7CRAPc34=
-129,-77,j/If0appdHXkBdzEkjLKu91vAFw=,qq2hZ+SfybPVSnEXP1w7CRAPc34=
-144,-76,j/If0appdHXkBdzEkjLKu91vAFw=,qq2hZ+SfybPVSnEXP1w7CRAPc34=
-139,-80,j/If0appdHXkBdzEkjLKu91vAFw=,qq2hZ+SfybPVSnEXP1w7CRAPc34=
-142,-79,j/If0appdHXkBdzEkjLKu91vAFw=,qq2hZ+SfybPVSnEXP1w7CRAPc34=
-143,-76,j/If0appdHXkBdzEkjLKu91vAFw=,qq2hZ+SfybPVSnEXP1w7CRAPc34=
-142,-76,j/If0appdHXkBdzEkjLKu91vAFw=,qq2hZ+SfybPVSnEXP1w7CRAPc34=
-141,-76,j/If0appdHXkBdzEkjLKu91vAFw=,qq2hZ+SfybPVSnEXP1w7CRAPc34=
-140,-76,j/If0appdHXkBdzEkjLKu91vAFw=,qq2hZ+SfybPVSnEXP1w7CRAPc34=
-139,-76,j/If0appdHXkBdzEkjLKu91vAFw=,qq2hZ+SfybPVSnEXP1w7CRAPc34=
-138,-76,j/If0appdHXkBdzEkjLKu91vAFw=,qq2hZ+SfybPVSnEXP1w7CRAPc34=
-141,-80,j/If0appdHXkBdzEkjLKu91vAFw=,qq2hZ+SfybPVSnEXP1w7CRAPc34=
-131,-78,j/If0appdHXkBdzEkjLKu91vAFw=,qq2hZ+SfybPVSnEXP1w7CRAPc34=
-129,-79,j/If0appdHXkBdzEkjLKu91vAFw=,qq2hZ+SfybPVSnEXP1w7CRAPc34=
-132,-78,j/If0appdHXkBdzEkjLKu91vAFw=,qq2hZ+SfybPVSnEXP1w7CRAPc34=
-133,-78,j/If0appdHXkBdzEkjLKu91vAFw=,qq2hZ+SfybPVSnEXP1w7CRAPc34=
-135,-78,j/If0appdHXkBdzEkjLKu91vAFw=,qq2hZ+SfybPVSnEXP1w7CRAPc34=
-136,-78,j/If0appdHXkBdzEkjLKu91vAFw=,qq2hZ+SfybPVSnEXP1w7CRAPc34=
-137,-78,j/If0appdHXkBdzEkjLKu91vAFw=,qq2hZ+SfybPVSnEXP1w7CRAPc34=
-141,-78,j/If0appdHXkBdzEkjLKu91vAFw=,qq2hZ+SfybPVSnEXP1w7CRAPc34=
-129,-65,j/If0appdHXkBdzEkjLKu91vAFw=,qq2hZ+SfybPVSnEXP1w7CRAPc34=
-138,-78,j/If0appdHXkBdzEkjLKu91vAFw=,qq2hZ+SfybPVSnEXP1w7CRAPc34=
-143,-78,j/If0appdHXkBdzEkjLKu91vAFw=,qq2hZ+SfybPVSnEXP1w7CRAPc34=
-142,-78,j/If0appdHXkBdzEkjLKu91vAFw=,qq2hZ+SfybPVSnEXP1w7CRAPc34=
-131,-65,j/If0appdHXkBdzEkjLKu91vAFw=,qq2hZ+SfybPVSnEXP1w7CRAPc34=
-134,-78,j/If0appdHXkBdzEkjLKu91vAFw=,qq2hZ+SfybPVSnEXP1w7CRAPc34=
-132,-65,j/If0appdHXkBdzEkjLKu91vAFw=,qq2hZ+SfybPVSnEXP1w7CRAPc34=
-140,-78,j/If0appdHXkBdzEkjLKu91vAFw=,qq2hZ+SfybPVSnEXP1w7CRAPc34=
-139,-78,j/If0appdHXkBdzEkjLKu91vAFw=,qq2hZ+SfybPVSnEXP1w7CRAPc34=
-133,-77,j/If0appdHXkBdzEkjLKu91vAFw=,qq2hZ+SfybPVSnEXP1w7CRAPc34=
-144,-78,j/If0appdHXkBdzEkjLKu91vAFw=,qq2hZ+SfybPVSnEXP1w7CRAPc34=
-134,-65,j/If0appdHXkBdzEkjLKu91vAFw=,qq2hZ+SfybPVSnEXP1w7CRAPc34=
-136,-65,j/If0appdHXkBdzEkjLKu91vAFw=,qq2hZ+SfybPVSnEXP1w7CRAPc34=
-130,-65,j/If0appdHXkBdzEkjLKu91vAFw=,qq2hZ+SfybPVSnEXP1w7CRAPc34=
-137,-65,j/If0appdHXkBdzEkjLKu91vAFw=,qq2hZ+SfybPVSnEXP1w7CRAPc34=
-133,-65,j/If0appdHXkBdzEkjLKu91vAFw=,qq2hZ+SfybPVSnEXP1w7CRAPc34=
-135,-65,j/If0appdHXkBdzEkjLKu91vAFw=,qq2hZ+SfybPVSnEXP1w7CRAPc34=
-139,-65,j/If0appdHXkBdzEkjLKu91vAFw=,qq2hZ+SfybPVSnEXP1w7CRAPc34=
-142,-80,j/If0appdHXkBdzEkjLKu91vAFw=,qq2hZ+SfybPVSnEXP1w7CRAPc34=
-140,-65,j/If0appdHXkBdzEkjLKu91vAFw=,qq2hZ+SfybPVSnEXP1w7CRAPc34=
-134,-77,j/If0appdHXkBdzEkjLKu91vAFw=,qq2hZ+SfybPVSnEXP1w7CRAPc34=
-138,-65,j/If0appdHXkBdzEkjLKu91vAFw=,qq2hZ+SfybPVSnEXP1w7CRAPc34=
-143,-65,j/If0appdHXkBdzEkjLKu91vAFw=,qq2hZ+SfybPVSnEXP1w7CRAPc34=
-142,-65,j/If0appdHXkBdzEkjLKu91vAFw=,qq2hZ+SfybPVSnEXP1w7CRAPc34=
-130,-79,j/If0appdHXkBdzEkjLKu91vAFw=,qq2hZ+SfybPVSnEXP1w7CRAPc34=
-133,-66,j/If0appdHXkBdzEkjLKu91vAFw=,qq2hZ+SfybPVSnEXP1w7CRAPc34=
-132,-66,j/If0appdHXkBdzEkjLKu91vAFw=,qq2hZ+SfybPVSnEXP1w7CRAPc34=
-141,-65,j/If0appdHXkBdzEkjLKu91vAFw=,qq2hZ+SfybPVSnEXP1w7CRAPc34=
-130,-66,j/If0appdHXkBdzEkjLKu91vAFw=,qq2hZ+SfybPVSnEXP1w7CRAPc34=
-144,-65,j/If0appdHXkBdzEkjLKu91vAFw=,qq2hZ+SfybPVSnEXP1w7CRAPc34=
-131,-66,j/If0appdHXkBdzEkjLKu91vAFw=,qq2hZ+SfybPVSnEXP1w7CRAPc34=
-136,-66,j/If0appdHXkBdzEkjLKu91vAFw=,qq2hZ+SfybPVSnEXP1w7CRAPc34=
-134,-66,j/If0appdHXkBdzEkjLKu91vAFw=,qq2hZ+SfybPVSnEXP1w7CRAPc34=
-139,-66,j/If0appdHXkBdzEkjLKu91vAFw=,qq2hZ+SfybPVSnEXP1w7CRAPc34=
-140,-66,j/If0appdHXkBdzEkjLKu91vAFw=,qq2hZ+SfybPVSnEXP1w7CRAPc34=
-135,-66,j/If0appdHXkBdzEkjLKu91vAFw=,qq2hZ+SfybPVSnEXP1w7CRAPc34=
-143,-79,j/If0appdHXkBdzEkjLKu91vAFw=,qq2hZ+SfybPVSnEXP1w7CRAPc34=
-135,-77,j/If0appdHXkBdzEkjLKu91vAFw=,qq2hZ+SfybPVSnEXP1w7CRAPc34=
-129,-66,j/If0appdHXkBdzEkjLKu91vAFw=,qq2hZ+SfybPVSnEXP1w7CRAPc34=
-137,-66,j/If0appdHXkBdzEkjLKu91vAFw=,qq2hZ+SfybPVSnEXP1w7CRAPc34=
-144,-79,j/If0appdHXkBdzEkjLKu91vAFw=,qq2hZ+SfybPVSnEXP1w7CRAPc34=
-143,-80,j/If0appdHXkBdzEkjLKu91vAFw=,qq2hZ+SfybPVSnEXP1w7CRAPc34=
-141,-66,j/If0appdHXkBdzEkjLKu91vAFw=,qq2hZ+SfybPVSnEXP1w7CRAPc34=
-138,-66,j/If0appdHXkBdzEkjLKu91vAFw=,qq2hZ+SfybPVSnEXP1w7CRAPc34=
-144,-66,j/If0appdHXkBdzEkjLKu91vAFw=,qq2hZ+SfybPVSnEXP1w7CRAPc34=
-142,-66,j/If0appdHXkBdzEkjLKu91vAFw=,qq2hZ+SfybPVSnEXP1w7CRAPc34=
-131,-67,j/If0appdHXkBdzEkjLKu91vAFw=,qq2hZ+SfybPVSnEXP1w7CRAPc34=
-134,-67,j/If0appdHXkBdzEkjLKu91vAFw=,qq2hZ+SfybPVSnEXP1w7CRAPc34=
-132,-67,j/If0appdHXkBdzEkjLKu91vAFw=,qq2hZ+SfybPVSnEXP1w7CRAPc34=
-136,-67,j/If0appdHXkBdzEkjLKu91vAFw=,qq2hZ+SfybPVSnEXP1w7CRAPc34=
-137,-67,j/If0appdHXkBdzEkjLKu91vAFw=,qq2hZ+SfybPVSnEXP1w7CRAPc34=
-135,-67,j/If0appdHXkBdzEkjLKu91vAFw=,qq2hZ+SfybPVSnEXP1w7CRAPc34=
-138,-67,j/If0appdHXkBdzEkjLKu91vAFw=,qq2hZ+SfybPVSnEXP1w7CRAPc34=
-141,-67,j/If0appdHXkBdzEkjLKu91vAFw=,qq2hZ+SfybPVSnEXP1w7CRAPc34=
-129,-80,j/If0appdHXkBdzEkjLKu91vAFw=,qq2hZ+SfybPVSnEXP1w7CRAPc34=
-140,-67,j/If0appdHXkBdzEkjLKu91vAFw=,qq2hZ+SfybPVSnEXP1w7CRAPc34=
-136,-77,j/If0appdHXkBdzEkjLKu91vAFw=,qq2hZ+SfybPVSnEXP1w7CRAPc34=
-132,-79,j/If0appdHXkBdzEkjLKu91vAFw=,qq2hZ+SfybPVSnEXP1w7CRAPc34=
-143,-67,j/If0appdHXkBdzEkjLKu91vAFw=,qq2hZ+SfybPVSnEXP1w7CRAPc34=
-144,-67,j/If0appdHXkBdzEkjLKu91vAFw=,qq2hZ+SfybPVSnEXP1w7CRAPc34=
-142,-67,j/If0appdHXkBdzEkjLKu91vAFw=,qq2hZ+SfybPVSnEXP1w7CRAPc34=
-129,-68,j/If0appdHXkBdzEkjLKu91vAFw=,qq2hZ+SfybPVSnEXP1w7CRAPc34=
-130,-68,j/If0appdHXkBdzEkjLKu91vAFw=,qq2hZ+SfybPVSnEXP1w7CRAPc34=
-132,-68,j/If0appdHXkBdzEkjLKu91vAFw=,qq2hZ+SfybPVSnEXP1w7CRAPc34=
-131,-68,j/If0appdHXkBdzEkjLKu91vAFw=,qq2hZ+SfybPVSnEXP1w7CRAPc34=
-133,-68,j/If0appdHXkBdzEkjLKu91vAFw=,qq2hZ+SfybPVSnEXP1w7CRAPc34=
-134,-68,j/If0appdHXkBdzEkjLKu91vAFw=,qq2hZ+SfybPVSnEXP1w7CRAPc34=
-135,-68,j/If0appdHXkBdzEkjLKu91vAFw=,qq2hZ+SfybPVSnEXP1w7CRAPc34=
-136,-68,j/If0appdHXkBdzEkjLKu91vAFw=,qq2hZ+SfybPVSnEXP1w7CRAPc34=
-137,-68,j/If0appdHXkBdzEkjLKu91vAFw=,qq2hZ+SfybPVSnEXP1w7CRAPc34=
-139,-68,j/If0appdHXkBdzEkjLKu91vAFw=,qq2hZ+SfybPVSnEXP1w7CRAPc34=
-138,-68,j/If0appdHXkBdzEkjLKu91vAFw=,qq2hZ+SfybPVSnEXP1w7CRAPc34=
-140,-68,j/If0appdHXkBdzEkjLKu91vAFw=,qq2hZ+SfybPVSnEXP1w7CRAPc34=
-130,-80,j/If0appdHXkBdzEkjLKu91vAFw=,qq2hZ+SfybPVSnEXP1w7CRAPc34=
-137,-77,j/If0appdHXkBdzEkjLKu91vAFw=,qq2hZ+SfybPVSnEXP1w7CRAPc34=
-141,-68,j/If0appdHXkBdzEkjLKu91vAFw=,qq2hZ+SfybPVSnEXP1w7CRAPc34=
-142,-68,j/If0appdHXkBdzEkjLKu91vAFw=,qq2hZ+SfybPVSnEXP1w7CRAPc34=
-133,-79,j/If0appdHXkBdzEkjLKu91vAFw=,qq2hZ+SfybPVSnEXP1w7CRAPc34=
-143,-68,j/If0appdHXkBdzEkjLKu91vAFw=,qq2hZ+SfybPVSnEXP1w7CRAPc34=
-129,-69,j/If0appdHXkBdzEkjLKu91vAFw=,qq2hZ+SfybPVSnEXP1w7CRAPc34=
-130,-69,j/If0appdHXkBdzEkjLKu91vAFw=,qq2hZ+SfybPVSnEXP1w7CRAPc34=
-144,-68,j/If0appdHXkBdzEkjLKu91vAFw=,qq2hZ+SfybPVSnEXP1w7CRAPc34=
-134,-69,j/If0appdHXkBdzEkjLKu91vAFw=,qq2hZ+SfybPVSnEXP1w7CRAPc34=
-132,-69,j/If0appdHXkBdzEkjLKu91vAFw=,qq2hZ+SfybPVSnEXP1w7CRAPc34=
-133,-69,j/If0appdHXkBdzEkjLKu91vAFw=,qq2hZ+SfybPVSnEXP1w7CRAPc34=
-131,-69,j/If0appdHXkBdzEkjLKu91vAFw=,qq2hZ+SfybPVSnEXP1w7CRAPc34=
-135,-69,j/If0appdHXkBdzEkjLKu91vAFw=,qq2hZ+SfybPVSnEXP1w7CRAPc34=
-137,-69,j/If0appdHXkBdzEkjLKu91vAFw=,qq2hZ+SfybPVSnEXP1w7CRAPc34=
-138,-69,j/If0appdHXkBdzEkjLKu91vAFw=,qq2hZ+SfybPVSnEXP1w7CRAPc34=
-136,-69,j/If0appdHXkBdzEkjLKu91vAFw=,qq2hZ+SfybPVSnEXP1w7CRAPc34=
-139,-69,j/If0appdHXkBdzEkjLKu91vAFw=,qq2hZ+SfybPVSnEXP1w7CRAPc34=
-131,-80,j/If0appdHXkBdzEkjLKu91vAFw=,qq2hZ+SfybPVSnEXP1w7CRAPc34=
-138,-77,j/If0appdHXkBdzEkjLKu91vAFw=,qq2hZ+SfybPVSnEXP1w7CRAPc34=
-140,-69,j/If0appdHXkBdzEkjLKu91vAFw=,qq2hZ+SfybPVSnEXP1w7CRAPc34=
-141,-69,j/If0appdHXkBdzEkjLKu91vAFw=,qq2hZ+SfybPVSnEXP1w7CRAPc34=
-142,-69,j/If0appdHXkBdzEkjLKu91vAFw=,qq2hZ+SfybPVSnEXP1w7CRAPc34=
-134,-79,j/If0appdHXkBdzEkjLKu91vAFw=,qq2hZ+SfybPVSnEXP1w7CRAPc34=
-143,-69,j/If0appdHXkBdzEkjLKu91vAFw=,qq2hZ+SfybPVSnEXP1w7CRAPc34=
-130,-70,j/If0appdHXkBdzEkjLKu91vAFw=,qq2hZ+SfybPVSnEXP1w7CRAPc34=
-129,-70,j/If0appdHXkBdzEkjLKu91vAFw=,qq2hZ+SfybPVSnEXP1w7CRAPc34=
-144,-69,j/If0appdHXkBdzEkjLKu91vAFw=,qq2hZ+SfybPVSnEXP1w7CRAPc34=
-132,-70,j/If0appdHXkBdzEkjLKu91vAFw=,qq2hZ+SfybPVSnEXP1w7CRAPc34=
-133,-70,j/If0appdHXkBdzEkjLKu91vAFw=,qq2hZ+SfybPVSnEXP1w7CRAPc34=
-134,-70,j/If0appdHXkBdzEkjLKu91vAFw=,qq2hZ+SfybPVSnEXP1w7CRAPc34=
-136,-70,j/If0appdHXkBdzEkjLKu91vAFw=,qq2hZ+SfybPVSnEXP1w7CRAPc34=
-135,-70,j/If0appdHXkBdzEkjLKu91vAFw=,qq2hZ+SfybPVSnEXP1w7CRAPc34=
-137,-70,j/If0appdHXkBdzEkjLKu91vAFw=,qq2hZ+SfybPVSnEXP1w7CRAPc34=
-138,-70,j/If0appdHXkBdzEkjLKu91vAFw=,qq2hZ+SfybPVSnEXP1w7CRAPc34=
-132,-80,j/If0appdHXkBdzEkjLKu91vAFw=,qq2hZ+SfybPVSnEXP1w7CRAPc34=
-139,-77,j/If0appdHXkBdzEkjLKu91vAFw=,qq2hZ+SfybPVSnEXP1w7CRAPc34=
-129,-67,j/If0appdHXkBdzEkjLKu91vAFw=,qq2hZ+SfybPVSnEXP1w7CRAPc34=
-139,-70,j/If0appdHXkBdzEkjLKu91vAFw=,qq2hZ+SfybPVSnEXP1w7CRAPc34=
-140,-70,j/If0appdHXkBdzEkjLKu91vAFw=,qq2hZ+SfybPVSnEXP1w7CRAPc34=
-141,-70,j/If0appdHXkBdzEkjLKu91vAFw=,qq2hZ+SfybPVSnEXP1w7CRAPc34=
-142,-70,j/If0appdHXkBdzEkjLKu91vAFw=,qq2hZ+SfybPVSnEXP1w7CRAPc34=
-135,-79,j/If0appdHXkBdzEkjLKu91vAFw=,qq2hZ+SfybPVSnEXP1w7CRAPc34=
-143,-70,j/If0appdHXkBdzEkjLKu91vAFw=,qq2hZ+SfybPVSnEXP1w7CRAPc34=
-129,-71,j/If0appdHXkBdzEkjLKu91vAFw=,qq2hZ+SfybPVSnEXP1w7CRAPc34=
-143,-66,j/If0appdHXkBdzEkjLKu91vAFw=,qq2hZ+SfybPVSnEXP1w7CRAPc34=
-144,-70,j/If0appdHXkBdzEkjLKu91vAFw=,qq2hZ+SfybPVSnEXP1w7CRAPc34=
-130,-71,j/If0appdHXkBdzEkjLKu91vAFw=,qq2hZ+SfybPVSnEXP1w7CRAPc34=
-134,-71,j/If0appdHXkBdzEkjLKu91vAFw=,qq2hZ+SfybPVSnEXP1w7CRAPc34=
-130,-67,j/If0appdHXkBdzEkjLKu91vAFw=,qq2hZ+SfybPVSnEXP1w7CRAPc34=
-132,-71,j/If0appdHXkBdzEkjLKu91vAFw=,qq2hZ+SfybPVSnEXP1w7CRAPc34=
-135,-71,j/If0appdHXkBdzEkjLKu91vAFw=,qq2hZ+SfybPVSnEXP1w7CRAPc34=
-139,-67,j/If0appdHXkBdzEkjLKu91vAFw=,qq2hZ+SfybPVSnEXP1w7CRAPc34=
-133,-67,j/If0appdHXkBdzEkjLKu91vAFw=,qq2hZ+SfybPVSnEXP1w7CRAPc34=
-131,-79,j/If0appdHXkBdzEkjLKu91vAFw=,qq2hZ+SfybPVSnEXP1w7CRAPc34=
-133,-71,j/If0appdHXkBdzEkjLKu91vAFw=,qq2hZ+SfybPVSnEXP1w7CRAPc34=
-140,-77,j/If0appdHXkBdzEkjLKu91vAFw=,qq2hZ+SfybPVSnEXP1w7CRAPc34=
-133,-80,j/If0appdHXkBdzEkjLKu91vAFw=,qq2hZ+SfybPVSnEXP1w7CRAPc34=
-131,-71,j/If0appdHXkBdzEkjLKu91vAFw=,qq2hZ+SfybPVSnEXP1w7CRAPc34=
-137,-71,j/If0appdHXkBdzEkjLKu91vAFw=,qq2hZ+SfybPVSnEXP1w7CRAPc34=
-140,-71,j/If0appdHXkBdzEkjLKu91vAFw=,qq2hZ+SfybPVSnEXP1w7CRAPc34=
-136,-71,j/If0appdHXkBdzEkjLKu91vAFw=,qq2hZ+SfybPVSnEXP1w7CRAPc34=
-131,-70,j/If0appdHXkBdzEkjLKu91vAFw=,qq2hZ+SfybPVSnEXP1w7CRAPc34=
-139,-71,j/If0appdHXkBdzEkjLKu91vAFw=,qq2hZ+SfybPVSnEXP1w7CRAPc34=
-141,-71,j/If0appdHXkBdzEkjLKu91vAFw=,qq2hZ+SfybPVSnEXP1w7CRAPc34=
-136,-79,j/If0appdHXkBdzEkjLKu91vAFw=,qq2hZ+SfybPVSnEXP1w7CRAPc34=
-142,-71,j/If0appdHXkBdzEkjLKu91vAFw=,qq2hZ+SfybPVSnEXP1w7CRAPc34=
-129,-72,j/If0appdHXkBdzEkjLKu91vAFw=,qq2hZ+SfybPVSnEXP1w7CRAPc34=
-132,-72,j/If0appdHXkBdzEkjLKu91vAFw=,qq2hZ+SfybPVSnEXP1w7CRAPc34=
-143,-71,j/If0appdHXkBdzEkjLKu91vAFw=,qq2hZ+SfybPVSnEXP1w7CRAPc34=
-131,-72,j/If0appdHXkBdzEkjLKu91vAFw=,qq2hZ+SfybPVSnEXP1w7CRAPc34=
-144,-71,j/If0appdHXkBdzEkjLKu91vAFw=,qq2hZ+SfybPVSnEXP1w7CRAPc34=
-138,-71,j/If0appdHXkBdzEkjLKu91vAFw=,qq2hZ+SfybPVSnEXP1w7CRAPc34=
-130,-72,j/If0appdHXkBdzEkjLKu91vAFw=,qq2hZ+SfybPVSnEXP1w7CRAPc34=
-133,-72,j/If0appdHXkBdzEkjLKu91vAFw=,qq2hZ+SfybPVSnEXP1w7CRAPc34=
-134,-76,j/If0appdHXkBdzEkjLKu91vAFw=,qq2hZ+SfybPVSnEXP1w7CRAPc34=
-135,-76,j/If0appdHXkBdzEkjLKu91vAFw=,qq2hZ+SfybPVSnEXP1w7CRAPc34=
-132,-76,j/If0appdHXkBdzEkjLKu91vAFw=,qq2hZ+SfybPVSnEXP1w7CRAPc34=
-129,-78,j/If0appdHXkBdzEkjLKu91vAFw=,qq2hZ+SfybPVSnEXP1w7CRAPc34=
-131,-76,j/If0appdHXkBdzEkjLKu91vAFw=,qq2hZ+SfybPVSnEXP1w7CRAPc34=
-138,-80,j/If0appdHXkBdzEkjLKu91vAFw=,qq2hZ+SfybPVSnEXP1w7CRAPc34=
-137,-76,j/If0appdHXkBdzEkjLKu91vAFw=,qq2hZ+SfybPVSnEXP1w7CRAPc34=
-136,-76,j/If0appdHXkBdzEkjLKu91vAFw=,qq2hZ+SfybPVSnEXP1w7CRAPc34=
-134,-72,j/If0appdHXkBdzEkjLKu91vAFw=,qq2hZ+SfybPVSnEXP1w7CRAPc34=
-141,-79,j/If0appdHXkBdzEkjLKu91vAFw=,qq2hZ+SfybPVSnEXP1w7CRAPc34=
-129,-76,j/If0appdHXkBdzEkjLKu91vAFw=,qq2hZ+SfybPVSnEXP1w7CRAPc34=
-144,-80,j/If0appdHXkBdzEkjLKu91vAFw=,qq2hZ+SfybPVSnEXP1w7CRAPc34=
-144,-75,j/If0appdHXkBdzEkjLKu91vAFw=,qq2hZ+SfybPVSnEXP1w7CRAPc34=
-143,-75,j/If0appdHXkBdzEkjLKu91vAFw=,qq2hZ+SfybPVSnEXP1w7CRAPc34=
-138,-75,j/If0appdHXkBdzEkjLKu91vAFw=,qq2hZ+SfybPVSnEXP1w7CRAPc34=
-140,-75,j/If0appdHXkBdzEkjLKu91vAFw=,qq2hZ+SfybPVSnEXP1w7CRAPc34=
-139,-75,j/If0appdHXkBdzEkjLKu91vAFw=,qq2hZ+SfybPVSnEXP1w7CRAPc34=
-136,-75,j/If0appdHXkBdzEkjLKu91vAFw=,qq2hZ+SfybPVSnEXP1w7CRAPc34=
-135,-75,j/If0appdHXkBdzEkjLKu91vAFw=,qq2hZ+SfybPVSnEXP1w7CRAPc34=
-134,-75,j/If0appdHXkBdzEkjLKu91vAFw=,qq2hZ+SfybPVSnEXP1w7CRAPc34=
-140,-79,j/If0appdHXkBdzEkjLKu91vAFw=,qq2hZ+SfybPVSnEXP1w7CRAPc34=
-137,-80,j/If0appdHXkBdzEkjLKu91vAFw=,qq2hZ+SfybPVSnEXP1w7CRAPc34=
-142,-75,j/If0appdHXkBdzEkjLKu91vAFw=,qq2hZ+SfybPVSnEXP1w7CRAPc34=
-137,-75,j/If0appdHXkBdzEkjLKu91vAFw=,qq2hZ+SfybPVSnEXP1w7CRAPc34=
-131,-75,j/If0appdHXkBdzEkjLKu91vAFw=,qq2hZ+SfybPVSnEXP1w7CRAPc34=
-130,-75,j/If0appdHXkBdzEkjLKu91vAFw=,qq2hZ+SfybPVSnEXP1w7CRAPc34=
-141,-75,j/If0appdHXkBdzEkjLKu91vAFw=,qq2hZ+SfybPVSnEXP1w7CRAPc34=
-132,-75,j/If0appdHXkBdzEkjLKu91vAFw=,qq2hZ+SfybPVSnEXP1w7CRAPc34=
-144,-74,j/If0appdHXkBdzEkjLKu91vAFw=,qq2hZ+SfybPVSnEXP1w7CRAPc34=
-129,-75,j/If0appdHXkBdzEkjLKu91vAFw=,qq2hZ+SfybPVSnEXP1w7CRAPc34=
-143,-74,j/If0appdHXkBdzEkjLKu91vAFw=,qq2hZ+SfybPVSnEXP1w7CRAPc34=
-144,-77,j/If0appdHXkBdzEkjLKu91vAFw=,qq2hZ+SfybPVSnEXP1w7CRAPc34=
-133,-75,j/If0appdHXkBdzEkjLKu91vAFw=,qq2hZ+SfybPVSnEXP1w7CRAPc34=
-139,-79,j/If0appdHXkBdzEkjLKu91vAFw=,qq2hZ+SfybPVSnEXP1w7CRAPc34=
-141,-74,j/If0appdHXkBdzEkjLKu91vAFw=,qq2hZ+SfybPVSnEXP1w7CRAPc34=
-142,-74,j/If0appdHXkBdzEkjLKu91vAFw=,qq2hZ+SfybPVSnEXP1w7CRAPc34=
-140,-74,j/If0appdHXkBdzEkjLKu91vAFw=,qq2hZ+SfybPVSnEXP1w7CRAPc34=
-138,-74,j/If0appdHXkBdzEkjLKu91vAFw=,qq2hZ+SfybPVSnEXP1w7CRAPc34=
-135,-74,j/If0appdHXkBdzEkjLKu91vAFw=,qq2hZ+SfybPVSnEXP1w7CRAPc34=
-136,-74,j/If0appdHXkBdzEkjLKu91vAFw=,qq2hZ+SfybPVSnEXP1w7CRAPc34=
-139,-74,j/If0appdHXkBdzEkjLKu91vAFw=,qq2hZ+SfybPVSnEXP1w7CRAPc34=
-136,-80,j/If0appdHXkBdzEkjLKu91vAFw=,qq2hZ+SfybPVSnEXP1w7CRAPc34=
-137,-74,j/If0appdHXkBdzEkjLKu91vAFw=,qq2hZ+SfybPVSnEXP1w7CRAPc34=
-134,-74,j/If0appdHXkBdzEkjLKu91vAFw=,qq2hZ+SfybPVSnEXP1w7CRAPc34=
-133,-74,j/If0appdHXkBdzEkjLKu91vAFw=,qq2hZ+SfybPVSnEXP1w7CRAPc34=
-132,-74,j/If0appdHXkBdzEkjLKu91vAFw=,qq2hZ+SfybPVSnEXP1w7CRAPc34=
-131,-74,j/If0appdHXkBdzEkjLKu91vAFw=,qq2hZ+SfybPVSnEXP1w7CRAPc34=
-143,-77,j/If0appdHXkBdzEkjLKu91vAFw=,qq2hZ+SfybPVSnEXP1w7CRAPc34=
-129,-74,j/If0appdHXkBdzEkjLKu91vAFw=,qq2hZ+SfybPVSnEXP1w7CRAPc34=
-141,-73,j/If0appdHXkBdzEkjLKu91vAFw=,qq2hZ+SfybPVSnEXP1w7CRAPc34=
-143,-73,j/If0appdHXkBdzEkjLKu91vAFw=,qq2hZ+SfybPVSnEXP1w7CRAPc34=
-130,-74,j/If0appdHXkBdzEkjLKu91vAFw=,qq2hZ+SfybPVSnEXP1w7CRAPc34=
-130,-76,j/If0appdHXkBdzEkjLKu91vAFw=,qq2hZ+SfybPVSnEXP1w7CRAPc34=
-138,-79,j/If0appdHXkBdzEkjLKu91vAFw=,qq2hZ+SfybPVSnEXP1w7CRAPc34=
-139,-73,j/If0appdHXkBdzEkjLKu91vAFw=,qq2hZ+SfybPVSnEXP1w7CRAPc34=
-138,-73,j/If0appdHXkBdzEkjLKu91vAFw=,qq2hZ+SfybPVSnEXP1w7CRAPc34=
-137,-73,j/If0appdHXkBdzEkjLKu91vAFw=,qq2hZ+SfybPVSnEXP1w7CRAPc34=
-142,-77,j/If0appdHXkBdzEkjLKu91vAFw=,qq2hZ+SfybPVSnEXP1w7CRAPc34=
-134,-73,j/If0appdHXkBdzEkjLKu91vAFw=,qq2hZ+SfybPVSnEXP1w7CRAPc34=
-135,-73,j/If0appdHXkBdzEkjLKu91vAFw=,qq2hZ+SfybPVSnEXP1w7CRAPc34=
-142,-73,j/If0appdHXkBdzEkjLKu91vAFw=,qq2hZ+SfybPVSnEXP1w7CRAPc34=
-132,-73,j/If0appdHXkBdzEkjLKu91vAFw=,qq2hZ+SfybPVSnEXP1w7CRAPc34=
-133,-73,j/If0appdHXkBdzEkjLKu91vAFw=,qq2hZ+SfybPVSnEXP1w7CRAPc34=
-131,-73,j/If0appdHXkBdzEkjLKu91vAFw=,qq2hZ+SfybPVSnEXP1w7CRAPc34=
-144,-72,j/If0appdHXkBdzEkjLKu91vAFw=,qq2hZ+SfybPVSnEXP1w7CRAPc34=
-130,-73,j/If0appdHXkBdzEkjLKu91vAFw=,qq2hZ+SfybPVSnEXP1w7CRAPc34=
-143,-72,j/If0appdHXkBdzEkjLKu91vAFw=,qq2hZ+SfybPVSnEXP1w7CRAPc34=
-142,-72,j/If0appdHXkBdzEkjLKu91vAFw=,qq2hZ+SfybPVSnEXP1w7CRAPc34=
-137,-79,j/If0appdHXkBdzEkjLKu91vAFw=,qq2hZ+SfybPVSnEXP1w7CRAPc34=
-140,-72,j/If0appdHXkBdzEkjLKu91vAFw=,qq2hZ+SfybPVSnEXP1w7CRAPc34=
-138,-72,j/If0appdHXkBdzEkjLKu91vAFw=,qq2hZ+SfybPVSnEXP1w7CRAPc34=
-137,-72,j/If0appdHXkBdzEkjLKu91vAFw=,qq2hZ+SfybPVSnEXP1w7CRAPc34=
-141,-77,j/If0appdHXkBdzEkjLKu91vAFw=,qq2hZ+SfybPVSnEXP1w7CRAPc34=
-134,-80,j/If0appdHXkBdzEkjLKu91vAFw=,qq2hZ+SfybPVSnEXP1w7CRAPc34=
-141,-72,j/If0appdHXkBdzEkjLKu91vAFw=,qq2hZ+SfybPVSnEXP1w7CRAPc34=
-139,-72,j/If0appdHXkBdzEkjLKu91vAFw=,qq2hZ+SfybPVSnEXP1w7CRAPc34=
-136,-72,j/If0appdHXkBdzEkjLKu91vAFw=,qq2hZ+SfybPVSnEXP1w7CRAPc34=
-133,-76,j/If0appdHXkBdzEkjLKu91vAFw=,qq2hZ+SfybPVSnEXP1w7CRAPc34=
-135,-72,j/If0appdHXkBdzEkjLKu91vAFw=,qq2hZ+SfybPVSnEXP1w7CRAPc34=
-135,-80,j/If0appdHXkBdzEkjLKu91vAFw=,qq2hZ+SfybPVSnEXP1w7CRAPc34=
-136,-73,j/If0appdHXkBdzEkjLKu91vAFw=,qq2hZ+SfybPVSnEXP1w7CRAPc34=
-144,-73,j/If0appdHXkBdzEkjLKu91vAFw=,qq2hZ+SfybPVSnEXP1w7CRAPc34=
-140,-73,j/If0appdHXkBdzEkjLKu91vAFw=,qq2hZ+SfybPVSnEXP1w7CRAPc34=
-129,-73,j/If0appdHXkBdzEkjLKu91vAFw=,qq2hZ+SfybPVSnEXP1w7CRAPc34=
-146,-81,j/If0appdHXkBdzEkjLKu91vAFw=,mQ1lGXvNX2pLPTbeY+n3dTCGK6s=
-157,-96,j/If0appdHXkBdzEkjLKu91vAFw=,mQ1lGXvNX2pLPTbeY+n3dTCGK6s=
-145,-81,j/If0appdHXkBdzEkjLKu91vAFw=,mQ1lGXvNX2pLPTbeY+n3dTCGK6s=
-146,-94,efhh4kuA5xULSNSpP+Z0LUqd854=,mQ1lGXvNX2pLPTbeY+n3dTCGK6s=
-147,-94,efhh4kuA5xULSNSpP+Z0LUqd854=,mQ1lGXvNX2pLPTbeY+n3dTCGK6s=
-149,-81,efhh4kuA5xULSNSpP+Z0LUqd854=,mQ1lGXvNX2pLPTbeY+n3dTCGK6s=
-145,-94,efhh4kuA5xULSNSpP+Z0LUqd854=,mQ1lGXvNX2pLPTbeY+n3dTCGK6s=
-150,-81,efhh4kuA5xULSNSpP+Z0LUqd854=,mQ1lGXvNX2pLPTbeY+n3dTCGK6s=
-158,-93,efhh4kuA5xULSNSpP+Z0LUqd854=,mQ1lGXvNX2pLPTbeY+n3dTCGK6s=
-152,-81,efhh4kuA5xULSNSpP+Z0LUqd854=,mQ1lGXvNX2pLPTbeY+n3dTCGK6s=
-157,-93,efhh4kuA5xULSNSpP+Z0LUqd854=,mQ1lGXvNX2pLPTbeY+n3dTCGK6s=
-160,-93,efhh4kuA5xULSNSpP+Z0LUqd854=,mQ1lGXvNX2pLPTbeY+n3dTCGK6s=
-156,-93,efhh4kuA5xULSNSpP+Z0LUqd854=,mQ1lGXvNX2pLPTbeY+n3dTCGK6s=
-156,-96,efhh4kuA5xULSNSpP+Z0LUqd854=,mQ1lGXvNX2pLPTbeY+n3dTCGK6s=
-155,-93,efhh4kuA5xULSNSpP+Z0LUqd854=,mQ1lGXvNX2pLPTbeY+n3dTCGK6s=
-154,-93,efhh4kuA5xULSNSpP+Z0LUqd854=,mQ1lGXvNX2pLPTbeY+n3dTCGK6s=
-153,-93,efhh4kuA5xULSNSpP+Z0LUqd854=,mQ1lGXvNX2pLPTbeY+n3dTCGK6s=
-151,-93,efhh4kuA5xULSNSpP+Z0LUqd854=,mQ1lGXvNX2pLPTbeY+n3dTCGK6s=
-152,-93,efhh4kuA5xULSNSpP+Z0LUqd854=,mQ1lGXvNX2pLPTbeY+n3dTCGK6s=
-150,-93,efhh4kuA5xULSNSpP+Z0LUqd854=,mQ1lGXvNX2pLPTbeY+n3dTCGK6s=
-160,-94,efhh4kuA5xULSNSpP+Z0LUqd854=,mQ1lGXvNX2pLPTbeY+n3dTCGK6s=
-149,-93,efhh4kuA5xULSNSpP+Z0LUqd854=,mQ1lGXvNX2pLPTbeY+n3dTCGK6s=
-147,-93,efhh4kuA5xULSNSpP+Z0LUqd854=,mQ1lGXvNX2pLPTbeY+n3dTCGK6s=
-159,-94,efhh4kuA5xULSNSpP+Z0LUqd854=,mQ1lGXvNX2pLPTbeY+n3dTCGK6s=
-146,-93,efhh4kuA5xULSNSpP+Z0LUqd854=,mQ1lGXvNX2pLPTbeY+n3dTCGK6s=
-145,-93,efhh4kuA5xULSNSpP+Z0LUqd854=,mQ1lGXvNX2pLPTbeY+n3dTCGK6s=
-148,-93,efhh4kuA5xULSNSpP+Z0LUqd854=,mQ1lGXvNX2pLPTbeY+n3dTCGK6s=
-160,-92,efhh4kuA5xULSNSpP+Z0LUqd854=,mQ1lGXvNX2pLPTbeY+n3dTCGK6s=
-159,-92,efhh4kuA5xULSNSpP+Z0LUqd854=,mQ1lGXvNX2pLPTbeY+n3dTCGK6s=
-160,-96,efhh4kuA5xULSNSpP+Z0LUqd854=,mQ1lGXvNX2pLPTbeY+n3dTCGK6s=
-157,-92,efhh4kuA5xULSNSpP+Z0LUqd854=,mQ1lGXvNX2pLPTbeY+n3dTCGK6s=
-158,-94,efhh4kuA5xULSNSpP+Z0LUqd854=,mQ1lGXvNX2pLPTbeY+n3dTCGK6s=
-156,-92,efhh4kuA5xULSNSpP+Z0LUqd854=,mQ1lGXvNX2pLPTbeY+n3dTCGK6s=
-155,-96,efhh4kuA5xULSNSpP+Z0LUqd854=,mQ1lGXvNX2pLPTbeY+n3dTCGK6s=
-155,-92,efhh4kuA5xULSNSpP+Z0LUqd854=,mQ1lGXvNX2pLPTbeY+n3dTCGK6s=
-153,-92,efhh4kuA5xULSNSpP+Z0LUqd854=,mQ1lGXvNX2pLPTbeY+n3dTCGK6s=
-154,-92,efhh4kuA5xULSNSpP+Z0LUqd854=,mQ1lGXvNX2pLPTbeY+n3dTCGK6s=
-152,-92,efhh4kuA5xULSNSpP+Z0LUqd854=,mQ1lGXvNX2pLPTbeY+n3dTCGK6s=
-151,-92,efhh4kuA5xULSNSpP+Z0LUqd854=,mQ1lGXvNX2pLPTbeY+n3dTCGK6s=
-158,-92,efhh4kuA5xULSNSpP+Z0LUqd854=,mQ1lGXvNX2pLPTbeY+n3dTCGK6s=
-149,-92,efhh4kuA5xULSNSpP+Z0LUqd854=,mQ1lGXvNX2pLPTbeY+n3dTCGK6s=
-148,-92,efhh4kuA5xULSNSpP+Z0LUqd854=,mQ1lGXvNX2pLPTbeY+n3dTCGK6s=
-146,-92,efhh4kuA5xULSNSpP+Z0LUqd854=,mQ1lGXvNX2pLPTbeY+n3dTCGK6s=
-147,-92,efhh4kuA5xULSNSpP+Z0LUqd854=,mQ1lGXvNX2pLPTbeY+n3dTCGK6s=
-154,-96,efhh4kuA5xULSNSpP+Z0LUqd854=,mQ1lGXvNX2pLPTbeY+n3dTCGK6s=
-145,-92,efhh4kuA5xULSNSpP+Z0LUqd854=,mQ1lGXvNX2pLPTbeY+n3dTCGK6s=
-159,-91,efhh4kuA5xULSNSpP+Z0LUqd854=,mQ1lGXvNX2pLPTbeY+n3dTCGK6s=
-160,-91,efhh4kuA5xULSNSpP+Z0LUqd854=,mQ1lGXvNX2pLPTbeY+n3dTCGK6s=
-150,-92,efhh4kuA5xULSNSpP+Z0LUqd854=,mQ1lGXvNX2pLPTbeY+n3dTCGK6s=
-158,-91,efhh4kuA5xULSNSpP+Z0LUqd854=,mQ1lGXvNX2pLPTbeY+n3dTCGK6s=
-157,-91,efhh4kuA5xULSNSpP+Z0LUqd854=,mQ1lGXvNX2pLPTbeY+n3dTCGK6s=
-155,-91,efhh4kuA5xULSNSpP+Z0LUqd854=,mQ1lGXvNX2pLPTbeY+n3dTCGK6s=
-156,-91,efhh4kuA5xULSNSpP+Z0LUqd854=,mQ1lGXvNX2pLPTbeY+n3dTCGK6s=
-153,-96,efhh4kuA5xULSNSpP+Z0LUqd854=,mQ1lGXvNX2pLPTbeY+n3dTCGK6s=
-154,-91,efhh4kuA5xULSNSpP+Z0LUqd854=,mQ1lGXvNX2pLPTbeY+n3dTCGK6s=
-152,-91,efhh4kuA5xULSNSpP+Z0LUqd854=,mQ1lGXvNX2pLPTbeY+n3dTCGK6s=
-153,-91,efhh4kuA5xULSNSpP+Z0LUqd854=,mQ1lGXvNX2pLPTbeY+n3dTCGK6s=
-151,-91,efhh4kuA5xULSNSpP+Z0LUqd854=,mQ1lGXvNX2pLPTbeY+n3dTCGK6s=
-150,-91,efhh4kuA5xULSNSpP+Z0LUqd854=,mQ1lGXvNX2pLPTbeY+n3dTCGK6s=
-149,-91,efhh4kuA5xULSNSpP+Z0LUqd854=,mQ1lGXvNX2pLPTbeY+n3dTCGK6s=
-148,-91,efhh4kuA5xULSNSpP+Z0LUqd854=,mQ1lGXvNX2pLPTbeY+n3dTCGK6s=
-147,-91,efhh4kuA5xULSNSpP+Z0LUqd854=,mQ1lGXvNX2pLPTbeY+n3dTCGK6s=
-145,-91,efhh4kuA5xULSNSpP+Z0LUqd854=,mQ1lGXvNX2pLPTbeY+n3dTCGK6s=
-146,-91,efhh4kuA5xULSNSpP+Z0LUqd854=,mQ1lGXvNX2pLPTbeY+n3dTCGK6s=
-160,-90,efhh4kuA5xULSNSpP+Z0LUqd854=,mQ1lGXvNX2pLPTbeY+n3dTCGK6s=
-159,-90,efhh4kuA5xULSNSpP+Z0LUqd854=,mQ1lGXvNX2pLPTbeY+n3dTCGK6s=
-158,-90,efhh4kuA5xULSNSpP+Z0LUqd854=,mQ1lGXvNX2pLPTbeY+n3dTCGK6s=
-157,-90,efhh4kuA5xULSNSpP+Z0LUqd854=,mQ1lGXvNX2pLPTbeY+n3dTCGK6s=
-156,-90,efhh4kuA5xULSNSpP+Z0LUqd854=,mQ1lGXvNX2pLPTbeY+n3dTCGK6s=
-155,-90,efhh4kuA5xULSNSpP+Z0LUqd854=,mQ1lGXvNX2pLPTbeY+n3dTCGK6s=
-156,-94,efhh4kuA5xULSNSpP+Z0LUqd854=,mQ1lGXvNX2pLPTbeY+n3dTCGK6s=
-154,-90,efhh4kuA5xULSNSpP+Z0LUqd854=,mQ1lGXvNX2pLPTbeY+n3dTCGK6s=
-152,-96,efhh4kuA5xULSNSpP+Z0LUqd854=,mQ1lGXvNX2pLPTbeY+n3dTCGK6s=
-153,-90,efhh4kuA5xULSNSpP+Z0LUqd854=,mQ1lGXvNX2pLPTbeY+n3dTCGK6s=
-147,-81,efhh4kuA5xULSNSpP+Z0LUqd854=,mQ1lGXvNX2pLPTbeY+n3dTCGK6s=
-152,-90,efhh4kuA5xULSNSpP+Z0LUqd854=,mQ1lGXvNX2pLPTbeY+n3dTCGK6s=
-151,-90,efhh4kuA5xULSNSpP+Z0LUqd854=,mQ1lGXvNX2pLPTbeY+n3dTCGK6s=
-151,-81,efhh4kuA5xULSNSpP+Z0LUqd854=,mQ1lGXvNX2pLPTbeY+n3dTCGK6s=
-150,-90,efhh4kuA5xULSNSpP+Z0LUqd854=,mQ1lGXvNX2pLPTbeY+n3dTCGK6s=
-148,-81,efhh4kuA5xULSNSpP+Z0LUqd854=,mQ1lGXvNX2pLPTbeY+n3dTCGK6s=
-148,-90,efhh4kuA5xULSNSpP+Z0LUqd854=,mQ1lGXvNX2pLPTbeY+n3dTCGK6s=
-147,-90,efhh4kuA5xULSNSpP+Z0LUqd854=,mQ1lGXvNX2pLPTbeY+n3dTCGK6s=
-145,-90,efhh4kuA5xULSNSpP+Z0LUqd854=,mQ1lGXvNX2pLPTbeY+n3dTCGK6s=
-159,-89,efhh4kuA5xULSNSpP+Z0LUqd854=,mQ1lGXvNX2pLPTbeY+n3dTCGK6s=
-153,-81,efhh4kuA5xULSNSpP+Z0LUqd854=,mQ1lGXvNX2pLPTbeY+n3dTCGK6s=
-149,-90,efhh4kuA5xULSNSpP+Z0LUqd854=,mQ1lGXvNX2pLPTbeY+n3dTCGK6s=
-157,-89,efhh4kuA5xULSNSpP+Z0LUqd854=,mQ1lGXvNX2pLPTbeY+n3dTCGK6s=
-158,-89,efhh4kuA5xULSNSpP+Z0LUqd854=,mQ1lGXvNX2pLPTbeY+n3dTCGK6s=
-159,-93,efhh4kuA5xULSNSpP+Z0LUqd854=,mQ1lGXvNX2pLPTbeY+n3dTCGK6s=
-157,-94,efhh4kuA5xULSNSpP+Z0LUqd854=,mQ1lGXvNX2pLPTbeY+n3dTCGK6s=
-155,-89,efhh4kuA5xULSNSpP+Z0LUqd854=,mQ1lGXvNX2pLPTbeY+n3dTCGK6s=
-160,-89,efhh4kuA5xULSNSpP+Z0LUqd854=,mQ1lGXvNX2pLPTbeY+n3dTCGK6s=
-153,-89,efhh4kuA5xULSNSpP+Z0LUqd854=,mQ1lGXvNX2pLPTbeY+n3dTCGK6s=
-151,-96,efhh4kuA5xULSNSpP+Z0LUqd854=,mQ1lGXvNX2pLPTbeY+n3dTCGK6s=
-146,-90,efhh4kuA5xULSNSpP+Z0LUqd854=,mQ1lGXvNX2pLPTbeY+n3dTCGK6s=
-150,-89,efhh4kuA5xULSNSpP+Z0LUqd854=,mQ1lGXvNX2pLPTbeY+n3dTCGK6s=
-148,-89,efhh4kuA5xULSNSpP+Z0LUqd854=,mQ1lGXvNX2pLPTbeY+n3dTCGK6s=
-156,-89,efhh4kuA5xULSNSpP+Z0LUqd854=,mQ1lGXvNX2pLPTbeY+n3dTCGK6s=
-152,-89,efhh4kuA5xULSNSpP+Z0LUqd854=,mQ1lGXvNX2pLPTbeY+n3dTCGK6s=
-147,-89,efhh4kuA5xULSNSpP+Z0LUqd854=,mQ1lGXvNX2pLPTbeY+n3dTCGK6s=
-145,-89,efhh4kuA5xULSNSpP+Z0LUqd854=,mQ1lGXvNX2pLPTbeY+n3dTCGK6s=
-160,-88,efhh4kuA5xULSNSpP+Z0LUqd854=,mQ1lGXvNX2pLPTbeY+n3dTCGK6s=
-157,-88,efhh4kuA5xULSNSpP+Z0LUqd854=,mQ1lGXvNX2pLPTbeY+n3dTCGK6s=
-151,-89,efhh4kuA5xULSNSpP+Z0LUqd854=,mQ1lGXvNX2pLPTbeY+n3dTCGK6s=
-156,-88,efhh4kuA5xULSNSpP+Z0LUqd854=,mQ1lGXvNX2pLPTbeY+n3dTCGK6s=
-159,-88,efhh4kuA5xULSNSpP+Z0LUqd854=,mQ1lGXvNX2pLPTbeY+n3dTCGK6s=
-155,-88,efhh4kuA5xULSNSpP+Z0LUqd854=,mQ1lGXvNX2pLPTbeY+n3dTCGK6s=
-154,-88,efhh4kuA5xULSNSpP+Z0LUqd854=,mQ1lGXvNX2pLPTbeY+n3dTCGK6s=
-146,-89,efhh4kuA5xULSNSpP+Z0LUqd854=,mQ1lGXvNX2pLPTbeY+n3dTCGK6s=
-154,-94,efhh4kuA5xULSNSpP+Z0LUqd854=,mQ1lGXvNX2pLPTbeY+n3dTCGK6s=
-150,-96,efhh4kuA5xULSNSpP+Z0LUqd854=,mQ1lGXvNX2pLPTbeY+n3dTCGK6s=
-153,-88,efhh4kuA5xULSNSpP+Z0LUqd854=,mQ1lGXvNX2pLPTbeY+n3dTCGK6s=
-149,-89,efhh4kuA5xULSNSpP+Z0LUqd854=,mQ1lGXvNX2pLPTbeY+n3dTCGK6s=
-152,-88,efhh4kuA5xULSNSpP+Z0LUqd854=,mQ1lGXvNX2pLPTbeY+n3dTCGK6s=
-158,-88,efhh4kuA5xULSNSpP+Z0LUqd854=,mQ1lGXvNX2pLPTbeY+n3dTCGK6s=
-149,-88,efhh4kuA5xULSNSpP+Z0LUqd854=,mQ1lGXvNX2pLPTbeY+n3dTCGK6s=
-147,-88,efhh4kuA5xULSNSpP+Z0LUqd854=,mQ1lGXvNX2pLPTbeY+n3dTCGK6s=
-146,-88,efhh4kuA5xULSNSpP+Z0LUqd854=,mQ1lGXvNX2pLPTbeY+n3dTCGK6s=
-150,-88,efhh4kuA5xULSNSpP+Z0LUqd854=,mQ1lGXvNX2pLPTbeY+n3dTCGK6s=
-148,-88,efhh4kuA5xULSNSpP+Z0LUqd854=,mQ1lGXvNX2pLPTbeY+n3dTCGK6s=
-145,-88,efhh4kuA5xULSNSpP+Z0LUqd854=,mQ1lGXvNX2pLPTbeY+n3dTCGK6s=
-151,-88,efhh4kuA5xULSNSpP+Z0LUqd854=,mQ1lGXvNX2pLPTbeY+n3dTCGK6s=
-157,-87,efhh4kuA5xULSNSpP+Z0LUqd854=,mQ1lGXvNX2pLPTbeY+n3dTCGK6s=
-156,-87,efhh4kuA5xULSNSpP+Z0LUqd854=,mQ1lGXvNX2pLPTbeY+n3dTCGK6s=
-154,-87,efhh4kuA5xULSNSpP+Z0LUqd854=,mQ1lGXvNX2pLPTbeY+n3dTCGK6s=
-155,-94,efhh4kuA5xULSNSpP+Z0LUqd854=,mQ1lGXvNX2pLPTbeY+n3dTCGK6s=
-159,-87,efhh4kuA5xULSNSpP+Z0LUqd854=,mQ1lGXvNX2pLPTbeY+n3dTCGK6s=
-152,-87,efhh4kuA5xULSNSpP+Z0LUqd854=,mQ1lGXvNX2pLPTbeY+n3dTCGK6s=
-158,-87,efhh4kuA5xULSNSpP+Z0LUqd854=,mQ1lGXvNX2pLPTbeY+n3dTCGK6s=
-155,-87,efhh4kuA5xULSNSpP+Z0LUqd854=,mQ1lGXvNX2pLPTbeY+n3dTCGK6s=
-160,-87,efhh4kuA5xULSNSpP+Z0LUqd854=,mQ1lGXvNX2pLPTbeY+n3dTCGK6s=
-151,-87,efhh4kuA5xULSNSpP+Z0LUqd854=,mQ1lGXvNX2pLPTbeY+n3dTCGK6s=
-153,-87,efhh4kuA5xULSNSpP+Z0LUqd854=,mQ1lGXvNX2pLPTbeY+n3dTCGK6s=
-149,-87,efhh4kuA5xULSNSpP+Z0LUqd854=,mQ1lGXvNX2pLPTbeY+n3dTCGK6s=
-150,-87,efhh4kuA5xULSNSpP+Z0LUqd854=,mQ1lGXvNX2pLPTbeY+n3dTCGK6s=
-149,-96,efhh4kuA5xULSNSpP+Z0LUqd854=,mQ1lGXvNX2pLPTbeY+n3dTCGK6s=
-145,-87,efhh4kuA5xULSNSpP+Z0LUqd854=,mQ1lGXvNX2pLPTbeY+n3dTCGK6s=
-148,-87,efhh4kuA5xULSNSpP+Z0LUqd854=,mQ1lGXvNX2pLPTbeY+n3dTCGK6s=
-146,-87,efhh4kuA5xULSNSpP+Z0LUqd854=,mQ1lGXvNX2pLPTbeY+n3dTCGK6s=
-160,-86,efhh4kuA5xULSNSpP+Z0LUqd854=,mQ1lGXvNX2pLPTbeY+n3dTCGK6s=
-159,-86,efhh4kuA5xULSNSpP+Z0LUqd854=,mQ1lGXvNX2pLPTbeY+n3dTCGK6s=
-156,-86,efhh4kuA5xULSNSpP+Z0LUqd854=,mQ1lGXvNX2pLPTbeY+n3dTCGK6s=
-158,-86,efhh4kuA5xULSNSpP+Z0LUqd854=,mQ1lGXvNX2pLPTbeY+n3dTCGK6s=
-157,-86,efhh4kuA5xULSNSpP+Z0LUqd854=,mQ1lGXvNX2pLPTbeY+n3dTCGK6s=
-152,-86,efhh4kuA5xULSNSpP+Z0LUqd854=,mQ1lGXvNX2pLPTbeY+n3dTCGK6s=
-151,-86,efhh4kuA5xULSNSpP+Z0LUqd854=,mQ1lGXvNX2pLPTbeY+n3dTCGK6s=
-154,-86,efhh4kuA5xULSNSpP+Z0LUqd854=,mQ1lGXvNX2pLPTbeY+n3dTCGK6s=
-153,-86,efhh4kuA5xULSNSpP+Z0LUqd854=,mQ1lGXvNX2pLPTbeY+n3dTCGK6s=
-150,-86,efhh4kuA5xULSNSpP+Z0LUqd854=,mQ1lGXvNX2pLPTbeY+n3dTCGK6s=
-148,-96,efhh4kuA5xULSNSpP+Z0LUqd854=,mQ1lGXvNX2pLPTbeY+n3dTCGK6s=
-152,-94,efhh4kuA5xULSNSpP+Z0LUqd854=,mQ1lGXvNX2pLPTbeY+n3dTCGK6s=
-149,-86,efhh4kuA5xULSNSpP+Z0LUqd854=,mQ1lGXvNX2pLPTbeY+n3dTCGK6s=
-146,-86,efhh4kuA5xULSNSpP+Z0LUqd854=,mQ1lGXvNX2pLPTbeY+n3dTCGK6s=
-145,-86,efhh4kuA5xULSNSpP+Z0LUqd854=,mQ1lGXvNX2pLPTbeY+n3dTCGK6s=
-159,-85,efhh4kuA5xULSNSpP+Z0LUqd854=,mQ1lGXvNX2pLPTbeY+n3dTCGK6s=
-160,-85,efhh4kuA5xULSNSpP+Z0LUqd854=,mQ1lGXvNX2pLPTbeY+n3dTCGK6s=
-158,-85,efhh4kuA5xULSNSpP+Z0LUqd854=,mQ1lGXvNX2pLPTbeY+n3dTCGK6s=
-157,-85,efhh4kuA5xULSNSpP+Z0LUqd854=,mQ1lGXvNX2pLPTbeY+n3dTCGK6s=
-154,-85,efhh4kuA5xULSNSpP+Z0LUqd854=,mQ1lGXvNX2pLPTbeY+n3dTCGK6s=
-155,-86,efhh4kuA5xULSNSpP+Z0LUqd854=,mQ1lGXvNX2pLPTbeY+n3dTCGK6s=
-155,-85,efhh4kuA5xULSNSpP+Z0LUqd854=,mQ1lGXvNX2pLPTbeY+n3dTCGK6s=
-151,-85,efhh4kuA5xULSNSpP+Z0LUqd854=,mQ1lGXvNX2pLPTbeY+n3dTCGK6s=
-152,-85,efhh4kuA5xULSNSpP+Z0LUqd854=,mQ1lGXvNX2pLPTbeY+n3dTCGK6s=
-151,-94,efhh4kuA5xULSNSpP+Z0LUqd854=,mQ1lGXvNX2pLPTbeY+n3dTCGK6s=
-150,-85,efhh4kuA5xULSNSpP+Z0LUqd854=,mQ1lGXvNX2pLPTbeY+n3dTCGK6s=
-153,-85,efhh4kuA5xULSNSpP+Z0LUqd854=,mQ1lGXvNX2pLPTbeY+n3dTCGK6s=
-149,-85,efhh4kuA5xULSNSpP+Z0LUqd854=,mQ1lGXvNX2pLPTbeY+n3dTCGK6s=
-147,-96,efhh4kuA5xULSNSpP+Z0LUqd854=,mQ1lGXvNX2pLPTbeY+n3dTCGK6s=
-148,-85,efhh4kuA5xULSNSpP+Z0LUqd854=,mQ1lGXvNX2pLPTbeY+n3dTCGK6s=
-147,-85,efhh4kuA5xULSNSpP+Z0LUqd854=,mQ1lGXvNX2pLPTbeY+n3dTCGK6s=
-156,-85,efhh4kuA5xULSNSpP+Z0LUqd854=,mQ1lGXvNX2pLPTbeY+n3dTCGK6s=
-145,-85,efhh4kuA5xULSNSpP+Z0LUqd854=,mQ1lGXvNX2pLPTbeY+n3dTCGK6s=
-147,-87,efhh4kuA5xULSNSpP+Z0LUqd854=,mQ1lGXvNX2pLPTbeY+n3dTCGK6s=
-146,-85,efhh4kuA5xULSNSpP+Z0LUqd854=,mQ1lGXvNX2pLPTbeY+n3dTCGK6s=
-160,-84,efhh4kuA5xULSNSpP+Z0LUqd854=,mQ1lGXvNX2pLPTbeY+n3dTCGK6s=
-159,-84,efhh4kuA5xULSNSpP+Z0LUqd854=,mQ1lGXvNX2pLPTbeY+n3dTCGK6s=
-154,-84,efhh4kuA5xULSNSpP+Z0LUqd854=,mQ1lGXvNX2pLPTbeY+n3dTCGK6s=
-151,-84,efhh4kuA5xULSNSpP+Z0LUqd854=,mQ1lGXvNX2pLPTbeY+n3dTCGK6s=
-157,-84,efhh4kuA5xULSNSpP+Z0LUqd854=,mQ1lGXvNX2pLPTbeY+n3dTCGK6s=
-152,-84,efhh4kuA5xULSNSpP+Z0LUqd854=,mQ1lGXvNX2pLPTbeY+n3dTCGK6s=
-150,-84,efhh4kuA5xULSNSpP+Z0LUqd854=,mQ1lGXvNX2pLPTbeY+n3dTCGK6s=
-149,-84,efhh4kuA5xULSNSpP+Z0LUqd854=,mQ1lGXvNX2pLPTbeY+n3dTCGK6s=
-148,-84,efhh4kuA5xULSNSpP+Z0LUqd854=,mQ1lGXvNX2pLPTbeY+n3dTCGK6s=
-146,-96,efhh4kuA5xULSNSpP+Z0LUqd854=,mQ1lGXvNX2pLPTbeY+n3dTCGK6s=
-147,-84,efhh4kuA5xULSNSpP+Z0LUqd854=,mQ1lGXvNX2pLPTbeY+n3dTCGK6s=
-146,-84,efhh4kuA5xULSNSpP+Z0LUqd854=,mQ1lGXvNX2pLPTbeY+n3dTCGK6s=
-153,-94,efhh4kuA5xULSNSpP+Z0LUqd854=,mQ1lGXvNX2pLPTbeY+n3dTCGK6s=
-156,-84,efhh4kuA5xULSNSpP+Z0LUqd854=,mQ1lGXvNX2pLPTbeY+n3dTCGK6s=
-158,-84,efhh4kuA5xULSNSpP+Z0LUqd854=,mQ1lGXvNX2pLPTbeY+n3dTCGK6s=
-153,-84,efhh4kuA5xULSNSpP+Z0LUqd854=,mQ1lGXvNX2pLPTbeY+n3dTCGK6s=
-145,-84,efhh4kuA5xULSNSpP+Z0LUqd854=,mQ1lGXvNX2pLPTbeY+n3dTCGK6s=
-150,-94,efhh4kuA5xULSNSpP+Z0LUqd854=,mQ1lGXvNX2pLPTbeY+n3dTCGK6s=
-156,-83,efhh4kuA5xULSNSpP+Z0LUqd854=,mQ1lGXvNX2pLPTbeY+n3dTCGK6s=
-160,-83,efhh4kuA5xULSNSpP+Z0LUqd854=,mQ1lGXvNX2pLPTbeY+n3dTCGK6s=
-158,-83,efhh4kuA5xULSNSpP+Z0LUqd854=,mQ1lGXvNX2pLPTbeY+n3dTCGK6s=
-159,-96,efhh4kuA5xULSNSpP+Z0LUqd854=,mQ1lGXvNX2pLPTbeY+n3dTCGK6s=
-150,-83,efhh4kuA5xULSNSpP+Z0LUqd854=,mQ1lGXvNX2pLPTbeY+n3dTCGK6s=
-154,-83,efhh4kuA5xULSNSpP+Z0LUqd854=,mQ1lGXvNX2pLPTbeY+n3dTCGK6s=
-149,-94,efhh4kuA5xULSNSpP+Z0LUqd854=,mQ1lGXvNX2pLPTbeY+n3dTCGK6s=
-145,-96,efhh4kuA5xULSNSpP+Z0LUqd854=,mQ1lGXvNX2pLPTbeY+n3dTCGK6s=
-155,-83,efhh4kuA5xULSNSpP+Z0LUqd854=,mQ1lGXvNX2pLPTbeY+n3dTCGK6s=
-146,-83,efhh4kuA5xULSNSpP+Z0LUqd854=,mQ1lGXvNX2pLPTbeY+n3dTCGK6s=
-159,-83,efhh4kuA5xULSNSpP+Z0LUqd854=,mQ1lGXvNX2pLPTbeY+n3dTCGK6s=
-147,-83,efhh4kuA5xULSNSpP+Z0LUqd854=,mQ1lGXvNX2pLPTbeY+n3dTCGK6s=
-151,-83,efhh4kuA5xULSNSpP+Z0LUqd854=,mQ1lGXvNX2pLPTbeY+n3dTCGK6s=
-149,-83,efhh4kuA5xULSNSpP+Z0LUqd854=,mQ1lGXvNX2pLPTbeY+n3dTCGK6s=
-153,-83,efhh4kuA5xULSNSpP+Z0LUqd854=,mQ1lGXvNX2pLPTbeY+n3dTCGK6s=
-148,-83,efhh4kuA5xULSNSpP+Z0LUqd854=,mQ1lGXvNX2pLPTbeY+n3dTCGK6s=
-145,-83,efhh4kuA5xULSNSpP+Z0LUqd854=,mQ1lGXvNX2pLPTbeY+n3dTCGK6s=
-160,-82,efhh4kuA5xULSNSpP+Z0LUqd854=,mQ1lGXvNX2pLPTbeY+n3dTCGK6s=
-160,-95,efhh4kuA5xULSNSpP+Z0LUqd854=,mQ1lGXvNX2pLPTbeY+n3dTCGK6s=
-159,-82,efhh4kuA5xULSNSpP+Z0LUqd854=,mQ1lGXvNX2pLPTbeY+n3dTCGK6s=
-152,-83,efhh4kuA5xULSNSpP+Z0LUqd854=,mQ1lGXvNX2pLPTbeY+n3dTCGK6s=
-158,-82,efhh4kuA5xULSNSpP+Z0LUqd854=,mQ1lGXvNX2pLPTbeY+n3dTCGK6s=
-153,-82,efhh4kuA5xULSNSpP+Z0LUqd854=,mQ1lGXvNX2pLPTbeY+n3dTCGK6s=
-155,-82,efhh4kuA5xULSNSpP+Z0LUqd854=,mQ1lGXvNX2pLPTbeY+n3dTCGK6s=
-149,-82,efhh4kuA5xULSNSpP+Z0LUqd854=,mQ1lGXvNX2pLPTbeY+n3dTCGK6s=
-154,-82,efhh4kuA5xULSNSpP+Z0LUqd854=,mQ1lGXvNX2pLPTbeY+n3dTCGK6s=
-148,-82,efhh4kuA5xULSNSpP+Z0LUqd854=,mQ1lGXvNX2pLPTbeY+n3dTCGK6s=
-151,-82,efhh4kuA5xULSNSpP+Z0LUqd854=,mQ1lGXvNX2pLPTbeY+n3dTCGK6s=
-148,-94,efhh4kuA5xULSNSpP+Z0LUqd854=,mQ1lGXvNX2pLPTbeY+n3dTCGK6s=
-152,-82,efhh4kuA5xULSNSpP+Z0LUqd854=,mQ1lGXvNX2pLPTbeY+n3dTCGK6s=
-145,-82,efhh4kuA5xULSNSpP+Z0LUqd854=,mQ1lGXvNX2pLPTbeY+n3dTCGK6s=
-156,-82,efhh4kuA5xULSNSpP+Z0LUqd854=,mQ1lGXvNX2pLPTbeY+n3dTCGK6s=
-147,-82,efhh4kuA5xULSNSpP+Z0LUqd854=,mQ1lGXvNX2pLPTbeY+n3dTCGK6s=
-150,-82,efhh4kuA5xULSNSpP+Z0LUqd854=,mQ1lGXvNX2pLPTbeY+n3dTCGK6s=
-146,-82,efhh4kuA5xULSNSpP+Z0LUqd854=,mQ1lGXvNX2pLPTbeY+n3dTCGK6s=
-158,-96,efhh4kuA5xULSNSpP+Z0LUqd854=,mQ1lGXvNX2pLPTbeY+n3dTCGK6s=
-158,-95,efhh4kuA5xULSNSpP+Z0LUqd854=,mQ1lGXvNX2pLPTbeY+n3dTCGK6s=
-160,-81,efhh4kuA5xULSNSpP+Z0LUqd854=,mQ1lGXvNX2pLPTbeY+n3dTCGK6s=
-156,-95,efhh4kuA5xULSNSpP+Z0LUqd854=,mQ1lGXvNX2pLPTbeY+n3dTCGK6s=
-155,-95,efhh4kuA5xULSNSpP+Z0LUqd854=,mQ1lGXvNX2pLPTbeY+n3dTCGK6s=
-152,-95,efhh4kuA5xULSNSpP+Z0LUqd854=,mQ1lGXvNX2pLPTbeY+n3dTCGK6s=
-150,-95,efhh4kuA5xULSNSpP+Z0LUqd854=,mQ1lGXvNX2pLPTbeY+n3dTCGK6s=
-154,-95,efhh4kuA5xULSNSpP+Z0LUqd854=,mQ1lGXvNX2pLPTbeY+n3dTCGK6s=
-157,-82,efhh4kuA5xULSNSpP+Z0LUqd854=,mQ1lGXvNX2pLPTbeY+n3dTCGK6s=
-149,-95,efhh4kuA5xULSNSpP+Z0LUqd854=,mQ1lGXvNX2pLPTbeY+n3dTCGK6s=
-153,-95,efhh4kuA5xULSNSpP+Z0LUqd854=,mQ1lGXvNX2pLPTbeY+n3dTCGK6s=
-148,-95,efhh4kuA5xULSNSpP+Z0LUqd854=,mQ1lGXvNX2pLPTbeY+n3dTCGK6s=
-147,-95,efhh4kuA5xULSNSpP+Z0LUqd854=,mQ1lGXvNX2pLPTbeY+n3dTCGK6s=
-145,-95,efhh4kuA5xULSNSpP+Z0LUqd854=,mQ1lGXvNX2pLPTbeY+n3dTCGK6s=
-146,-95,efhh4kuA5xULSNSpP+Z0LUqd854=,mQ1lGXvNX2pLPTbeY+n3dTCGK6s=
-156,-81,efhh4kuA5xULSNSpP+Z0LUqd854=,mQ1lGXvNX2pLPTbeY+n3dTCGK6s=
-159,-95,efhh4kuA5xULSNSpP+Z0LUqd854=,mQ1lGXvNX2pLPTbeY+n3dTCGK6s=
-155,-81,efhh4kuA5xULSNSpP+Z0LUqd854=,mQ1lGXvNX2pLPTbeY+n3dTCGK6s=
-159,-81,efhh4kuA5xULSNSpP+Z0LUqd854=,mQ1lGXvNX2pLPTbeY+n3dTCGK6s=
-154,-89,efhh4kuA5xULSNSpP+Z0LUqd854=,mQ1lGXvNX2pLPTbeY+n3dTCGK6s=
-158,-81,efhh4kuA5xULSNSpP+Z0LUqd854=,mQ1lGXvNX2pLPTbeY+n3dTCGK6s=
-147,-86,efhh4kuA5xULSNSpP+Z0LUqd854=,mQ1lGXvNX2pLPTbeY+n3dTCGK6s=
-148,-86,efhh4kuA5xULSNSpP+Z0LUqd854=,mQ1lGXvNX2pLPTbeY+n3dTCGK6s=
-157,-83,efhh4kuA5xULSNSpP+Z0LUqd854=,mQ1lGXvNX2pLPTbeY+n3dTCGK6s=
-155,-84,efhh4kuA5xULSNSpP+Z0LUqd854=,mQ1lGXvNX2pLPTbeY+n3dTCGK6s=
-151,-95,efhh4kuA5xULSNSpP+Z0LUqd854=,mQ1lGXvNX2pLPTbeY+n3dTCGK6s=
-157,-81,efhh4kuA5xULSNSpP+Z0LUqd854=,mQ1lGXvNX2pLPTbeY+n3dTCGK6s=
-154,-81,efhh4kuA5xULSNSpP+Z0LUqd854=,mQ1lGXvNX2pLPTbeY+n3dTCGK6s=
-157,-95,efhh4kuA5xULSNSpP+Z0LUqd854=,mQ1lGXvNX2pLPTbeY+n3dTCGK6s=
-148,-78,efhh4kuA5xULSNSpP+Z0LUqd854=,K8Zl7KcT8UhxBq90Z8D0+nRJvXM=
-148,-77,efhh4kuA5xULSNSpP+Z0LUqd854=,K8Zl7KcT8UhxBq90Z8D0+nRJvXM=
-151,-78,efhh4kuA5xULSNSpP+Z0LUqd854=,K8Zl7KcT8UhxBq90Z8D0+nRJvXM=
-155,-78,efhh4kuA5xULSNSpP+Z0LUqd854=,K8Zl7KcT8UhxBq90Z8D0+nRJvXM=
-152,-78,efhh4kuA5xULSNSpP+Z0LUqd854=,K8Zl7KcT8UhxBq90Z8D0+nRJvXM=
-145,-65,efhh4kuA5xULSNSpP+Z0LUqd854=,K8Zl7KcT8UhxBq90Z8D0+nRJvXM=
-156,-78,efhh4kuA5xULSNSpP+Z0LUqd854=,K8Zl7KcT8UhxBq90Z8D0+nRJvXM=
-154,-78,efhh4kuA5xULSNSpP+Z0LUqd854=,K8Zl7KcT8UhxBq90Z8D0+nRJvXM=
-150,-78,efhh4kuA5xULSNSpP+Z0LUqd854=,K8Zl7KcT8UhxBq90Z8D0+nRJvXM=
-146,-78,efhh4kuA5xULSNSpP+Z0LUqd854=,K8Zl7KcT8UhxBq90Z8D0+nRJvXM=
-145,-79,efhh4kuA5xULSNSpP+Z0LUqd854=,K8Zl7KcT8UhxBq90Z8D0+nRJvXM=
-158,-78,efhh4kuA5xULSNSpP+Z0LUqd854=,K8Zl7KcT8UhxBq90Z8D0+nRJvXM=
-156,-80,efhh4kuA5xULSNSpP+Z0LUqd854=,K8Zl7KcT8UhxBq90Z8D0+nRJvXM=
-149,-78,efhh4kuA5xULSNSpP+Z0LUqd854=,K8Zl7KcT8UhxBq90Z8D0+nRJvXM=
-149,-77,efhh4kuA5xULSNSpP+Z0LUqd854=,K8Zl7KcT8UhxBq90Z8D0+nRJvXM=
-147,-77,efhh4kuA5xULSNSpP+Z0LUqd854=,K8Zl7KcT8UhxBq90Z8D0+nRJvXM=
-148,-65,efhh4kuA5xULSNSpP+Z0LUqd854=,K8Zl7KcT8UhxBq90Z8D0+nRJvXM=
-150,-65,efhh4kuA5xULSNSpP+Z0LUqd854=,K8Zl7KcT8UhxBq90Z8D0+nRJvXM=
-157,-80,efhh4kuA5xULSNSpP+Z0LUqd854=,K8Zl7KcT8UhxBq90Z8D0+nRJvXM=
-146,-65,efhh4kuA5xULSNSpP+Z0LUqd854=,K8Zl7KcT8UhxBq90Z8D0+nRJvXM=
-147,-78,efhh4kuA5xULSNSpP+Z0LUqd854=,K8Zl7KcT8UhxBq90Z8D0+nRJvXM=
-147,-65,efhh4kuA5xULSNSpP+Z0LUqd854=,K8Zl7KcT8UhxBq90Z8D0+nRJvXM=
-146,-77,efhh4kuA5xULSNSpP+Z0LUqd854=,K8Zl7KcT8UhxBq90Z8D0+nRJvXM=
-151,-65,efhh4kuA5xULSNSpP+Z0LUqd854=,K8Zl7KcT8UhxBq90Z8D0+nRJvXM=
-157,-78,efhh4kuA5xULSNSpP+Z0LUqd854=,K8Zl7KcT8UhxBq90Z8D0+nRJvXM=
-152,-65,efhh4kuA5xULSNSpP+Z0LUqd854=,K8Zl7KcT8UhxBq90Z8D0+nRJvXM=
-153,-78,efhh4kuA5xULSNSpP+Z0LUqd854=,K8Zl7KcT8UhxBq90Z8D0+nRJvXM=
-145,-77,efhh4kuA5xULSNSpP+Z0LUqd854=,K8Zl7KcT8UhxBq90Z8D0+nRJvXM=
-160,-78,efhh4kuA5xULSNSpP+Z0LUqd854=,K8Zl7KcT8UhxBq90Z8D0+nRJvXM=
-159,-78,efhh4kuA5xULSNSpP+Z0LUqd854=,K8Zl7KcT8UhxBq90Z8D0+nRJvXM=
-158,-65,efhh4kuA5xULSNSpP+Z0LUqd854=,K8Zl7KcT8UhxBq90Z8D0+nRJvXM=
-150,-77,efhh4kuA5xULSNSpP+Z0LUqd854=,K8Zl7KcT8UhxBq90Z8D0+nRJvXM=
-156,-65,efhh4kuA5xULSNSpP+Z0LUqd854=,K8Zl7KcT8UhxBq90Z8D0+nRJvXM=
-157,-65,efhh4kuA5xULSNSpP+Z0LUqd854=,K8Zl7KcT8UhxBq90Z8D0+nRJvXM=
-159,-65,efhh4kuA5xULSNSpP+Z0LUqd854=,K8Zl7KcT8UhxBq90Z8D0+nRJvXM=
-160,-76,efhh4kuA5xULSNSpP+Z0LUqd854=,K8Zl7KcT8UhxBq90Z8D0+nRJvXM=
-149,-65,efhh4kuA5xULSNSpP+Z0LUqd854=,K8Zl7KcT8UhxBq90Z8D0+nRJvXM=
-158,-80,efhh4kuA5xULSNSpP+Z0LUqd854=,K8Zl7KcT8UhxBq90Z8D0+nRJvXM=
-145,-66,efhh4kuA5xULSNSpP+Z0LUqd854=,K8Zl7KcT8UhxBq90Z8D0+nRJvXM=
-154,-65,efhh4kuA5xULSNSpP+Z0LUqd854=,K8Zl7KcT8UhxBq90Z8D0+nRJvXM=
-147,-66,efhh4kuA5xULSNSpP+Z0LUqd854=,K8Zl7KcT8UhxBq90Z8D0+nRJvXM=
-155,-80,efhh4kuA5xULSNSpP+Z0LUqd854=,K8Zl7KcT8UhxBq90Z8D0+nRJvXM=
-148,-66,efhh4kuA5xULSNSpP+Z0LUqd854=,K8Zl7KcT8UhxBq90Z8D0+nRJvXM=
-153,-65,efhh4kuA5xULSNSpP+Z0LUqd854=,K8Zl7KcT8UhxBq90Z8D0+nRJvXM=
-155,-65,efhh4kuA5xULSNSpP+Z0LUqd854=,K8Zl7KcT8UhxBq90Z8D0+nRJvXM=
-146,-66,efhh4kuA5xULSNSpP+Z0LUqd854=,K8Zl7KcT8UhxBq90Z8D0+nRJvXM=
-160,-65,efhh4kuA5xULSNSpP+Z0LUqd854=,K8Zl7KcT8UhxBq90Z8D0+nRJvXM=
-149,-66,efhh4kuA5xULSNSpP+Z0LUqd854=,K8Zl7KcT8UhxBq90Z8D0+nRJvXM=
-155,-66,efhh4kuA5xULSNSpP+Z0LUqd854=,K8Zl7KcT8UhxBq90Z8D0+nRJvXM=
-146,-79,efhh4kuA5xULSNSpP+Z0LUqd854=,K8Zl7KcT8UhxBq90Z8D0+nRJvXM=
-150,-66,efhh4kuA5xULSNSpP+Z0LUqd854=,K8Zl7KcT8UhxBq90Z8D0+nRJvXM=
-153,-66,efhh4kuA5xULSNSpP+Z0LUqd854=,K8Zl7KcT8UhxBq90Z8D0+nRJvXM=
-158,-66,efhh4kuA5xULSNSpP+Z0LUqd854=,K8Zl7KcT8UhxBq90Z8D0+nRJvXM=
-152,-66,efhh4kuA5xULSNSpP+Z0LUqd854=,K8Zl7KcT8UhxBq90Z8D0+nRJvXM=
-151,-66,efhh4kuA5xULSNSpP+Z0LUqd854=,K8Zl7KcT8UhxBq90Z8D0+nRJvXM=
-159,-66,efhh4kuA5xULSNSpP+Z0LUqd854=,K8Zl7KcT8UhxBq90Z8D0+nRJvXM=
-151,-77,efhh4kuA5xULSNSpP+Z0LUqd854=,K8Zl7KcT8UhxBq90Z8D0+nRJvXM=
-147,-67,efhh4kuA5xULSNSpP+Z0LUqd854=,K8Zl7KcT8UhxBq90Z8D0+nRJvXM=
-160,-79,efhh4kuA5xULSNSpP+Z0LUqd854=,K8Zl7KcT8UhxBq90Z8D0+nRJvXM=
-148,-67,efhh4kuA5xULSNSpP+Z0LUqd854=,K8Zl7KcT8UhxBq90Z8D0+nRJvXM=
-149,-67,efhh4kuA5xULSNSpP+Z0LUqd854=,K8Zl7KcT8UhxBq90Z8D0+nRJvXM=
-158,-79,efhh4kuA5xULSNSpP+Z0LUqd854=,K8Zl7KcT8UhxBq90Z8D0+nRJvXM=
-150,-67,efhh4kuA5xULSNSpP+Z0LUqd854=,K8Zl7KcT8UhxBq90Z8D0+nRJvXM=
-151,-67,efhh4kuA5xULSNSpP+Z0LUqd854=,K8Zl7KcT8UhxBq90Z8D0+nRJvXM=
-159,-80,efhh4kuA5xULSNSpP+Z0LUqd854=,K8Zl7KcT8UhxBq90Z8D0+nRJvXM=
-152,-67,efhh4kuA5xULSNSpP+Z0LUqd854=,K8Zl7KcT8UhxBq90Z8D0+nRJvXM=
-145,-67,efhh4kuA5xULSNSpP+Z0LUqd854=,K8Zl7KcT8UhxBq90Z8D0+nRJvXM=
-159,-79,efhh4kuA5xULSNSpP+Z0LUqd854=,K8Zl7KcT8UhxBq90Z8D0+nRJvXM=
-154,-67,efhh4kuA5xULSNSpP+Z0LUqd854=,K8Zl7KcT8UhxBq90Z8D0+nRJvXM=
-154,-66,efhh4kuA5xULSNSpP+Z0LUqd854=,K8Zl7KcT8UhxBq90Z8D0+nRJvXM=
-156,-67,efhh4kuA5xULSNSpP+Z0LUqd854=,K8Zl7KcT8UhxBq90Z8D0+nRJvXM=
-153,-67,efhh4kuA5xULSNSpP+Z0LUqd854=,K8Zl7KcT8UhxBq90Z8D0+nRJvXM=
-146,-67,efhh4kuA5xULSNSpP+Z0LUqd854=,K8Zl7KcT8UhxBq90Z8D0+nRJvXM=
-159,-76,efhh4kuA5xULSNSpP+Z0LUqd854=,K8Zl7KcT8UhxBq90Z8D0+nRJvXM=
-157,-67,efhh4kuA5xULSNSpP+Z0LUqd854=,K8Zl7KcT8UhxBq90Z8D0+nRJvXM=
-158,-67,efhh4kuA5xULSNSpP+Z0LUqd854=,K8Zl7KcT8UhxBq90Z8D0+nRJvXM=
-145,-80,efhh4kuA5xULSNSpP+Z0LUqd854=,K8Zl7KcT8UhxBq90Z8D0+nRJvXM=
-152,-77,efhh4kuA5xULSNSpP+Z0LUqd854=,K8Zl7KcT8UhxBq90Z8D0+nRJvXM=
-160,-67,efhh4kuA5xULSNSpP+Z0LUqd854=,K8Zl7KcT8UhxBq90Z8D0+nRJvXM=
-159,-67,efhh4kuA5xULSNSpP+Z0LUqd854=,K8Zl7KcT8UhxBq90Z8D0+nRJvXM=
-149,-68,efhh4kuA5xULSNSpP+Z0LUqd854=,K8Zl7KcT8UhxBq90Z8D0+nRJvXM=
-158,-76,efhh4kuA5xULSNSpP+Z0LUqd854=,K8Zl7KcT8UhxBq90Z8D0+nRJvXM=
-148,-79,efhh4kuA5xULSNSpP+Z0LUqd854=,K8Zl7KcT8UhxBq90Z8D0+nRJvXM=
-148,-68,efhh4kuA5xULSNSpP+Z0LUqd854=,K8Zl7KcT8UhxBq90Z8D0+nRJvXM=
-151,-68,efhh4kuA5xULSNSpP+Z0LUqd854=,K8Zl7KcT8UhxBq90Z8D0+nRJvXM=
-150,-68,efhh4kuA5xULSNSpP+Z0LUqd854=,K8Zl7KcT8UhxBq90Z8D0+nRJvXM=
-157,-66,efhh4kuA5xULSNSpP+Z0LUqd854=,K8Zl7KcT8UhxBq90Z8D0+nRJvXM=
-146,-68,efhh4kuA5xULSNSpP+Z0LUqd854=,K8Zl7KcT8UhxBq90Z8D0+nRJvXM=
-156,-66,efhh4kuA5xULSNSpP+Z0LUqd854=,K8Zl7KcT8UhxBq90Z8D0+nRJvXM=
-145,-68,efhh4kuA5xULSNSpP+Z0LUqd854=,K8Zl7KcT8UhxBq90Z8D0+nRJvXM=
-152,-68,efhh4kuA5xULSNSpP+Z0LUqd854=,K8Zl7KcT8UhxBq90Z8D0+nRJvXM=
-153,-68,efhh4kuA5xULSNSpP+Z0LUqd854=,K8Zl7KcT8UhxBq90Z8D0+nRJvXM=
-160,-66,efhh4kuA5xULSNSpP+Z0LUqd854=,K8Zl7KcT8UhxBq90Z8D0+nRJvXM=
-147,-68,efhh4kuA5xULSNSpP+Z0LUqd854=,K8Zl7KcT8UhxBq90Z8D0+nRJvXM=
-156,-68,efhh4kuA5xULSNSpP+Z0LUqd854=,K8Zl7KcT8UhxBq90Z8D0+nRJvXM=
-157,-76,efhh4kuA5xULSNSpP+Z0LUqd854=,K8Zl7KcT8UhxBq90Z8D0+nRJvXM=
-153,-77,efhh4kuA5xULSNSpP+Z0LUqd854=,K8Zl7KcT8UhxBq90Z8D0+nRJvXM=
-155,-68,efhh4kuA5xULSNSpP+Z0LUqd854=,K8Zl7KcT8UhxBq90Z8D0+nRJvXM=
-154,-68,efhh4kuA5xULSNSpP+Z0LUqd854=,K8Zl7KcT8UhxBq90Z8D0+nRJvXM=
-157,-68,efhh4kuA5xULSNSpP+Z0LUqd854=,K8Zl7KcT8UhxBq90Z8D0+nRJvXM=
-158,-68,efhh4kuA5xULSNSpP+Z0LUqd854=,K8Zl7KcT8UhxBq90Z8D0+nRJvXM=
-156,-76,efhh4kuA5xULSNSpP+Z0LUqd854=,K8Zl7KcT8UhxBq90Z8D0+nRJvXM=
-155,-67,efhh4kuA5xULSNSpP+Z0LUqd854=,K8Zl7KcT8UhxBq90Z8D0+nRJvXM=
-146,-80,efhh4kuA5xULSNSpP+Z0LUqd854=,K8Zl7KcT8UhxBq90Z8D0+nRJvXM=
-149,-79,efhh4kuA5xULSNSpP+Z0LUqd854=,K8Zl7KcT8UhxBq90Z8D0+nRJvXM=
-155,-76,efhh4kuA5xULSNSpP+Z0LUqd854=,K8Zl7KcT8UhxBq90Z8D0+nRJvXM=
-150,-69,efhh4kuA5xULSNSpP+Z0LUqd854=,K8Zl7KcT8UhxBq90Z8D0+nRJvXM=
-159,-68,efhh4kuA5xULSNSpP+Z0LUqd854=,K8Zl7KcT8UhxBq90Z8D0+nRJvXM=
-160,-68,efhh4kuA5xULSNSpP+Z0LUqd854=,K8Zl7KcT8UhxBq90Z8D0+nRJvXM=
-146,-69,efhh4kuA5xULSNSpP+Z0LUqd854=,K8Zl7KcT8UhxBq90Z8D0+nRJvXM=
-148,-69,efhh4kuA5xULSNSpP+Z0LUqd854=,K8Zl7KcT8UhxBq90Z8D0+nRJvXM=
-154,-76,efhh4kuA5xULSNSpP+Z0LUqd854=,K8Zl7KcT8UhxBq90Z8D0+nRJvXM=
-149,-69,efhh4kuA5xULSNSpP+Z0LUqd854=,K8Zl7KcT8UhxBq90Z8D0+nRJvXM=
-154,-69,efhh4kuA5xULSNSpP+Z0LUqd854=,K8Zl7KcT8UhxBq90Z8D0+nRJvXM=
-151,-69,efhh4kuA5xULSNSpP+Z0LUqd854=,K8Zl7KcT8UhxBq90Z8D0+nRJvXM=
-153,-76,efhh4kuA5xULSNSpP+Z0LUqd854=,K8Zl7KcT8UhxBq90Z8D0+nRJvXM=
-145,-69,efhh4kuA5xULSNSpP+Z0LUqd854=,K8Zl7KcT8UhxBq90Z8D0+nRJvXM=
-147,-80,efhh4kuA5xULSNSpP+Z0LUqd854=,K8Zl7KcT8UhxBq90Z8D0+nRJvXM=
-153,-69,efhh4kuA5xULSNSpP+Z0LUqd854=,K8Zl7KcT8UhxBq90Z8D0+nRJvXM=
-155,-69,efhh4kuA5xULSNSpP+Z0LUqd854=,K8Zl7KcT8UhxBq90Z8D0+nRJvXM=
-157,-69,efhh4kuA5xULSNSpP+Z0LUqd854=,K8Zl7KcT8UhxBq90Z8D0+nRJvXM=
-152,-76,efhh4kuA5xULSNSpP+Z0LUqd854=,K8Zl7KcT8UhxBq90Z8D0+nRJvXM=
-154,-77,efhh4kuA5xULSNSpP+Z0LUqd854=,K8Zl7KcT8UhxBq90Z8D0+nRJvXM=
-147,-79,efhh4kuA5xULSNSpP+Z0LUqd854=,K8Zl7KcT8UhxBq90Z8D0+nRJvXM=
-151,-76,efhh4kuA5xULSNSpP+Z0LUqd854=,K8Zl7KcT8UhxBq90Z8D0+nRJvXM=
-156,-69,efhh4kuA5xULSNSpP+Z0LUqd854=,K8Zl7KcT8UhxBq90Z8D0+nRJvXM=
-150,-76,efhh4kuA5xULSNSpP+Z0LUqd854=,K8Zl7KcT8UhxBq90Z8D0+nRJvXM=
-149,-76,efhh4kuA5xULSNSpP+Z0LUqd854=,K8Zl7KcT8UhxBq90Z8D0+nRJvXM=
-153,-70,efhh4kuA5xULSNSpP+Z0LUqd854=,K8Zl7KcT8UhxBq90Z8D0+nRJvXM=
-151,-70,efhh4kuA5xULSNSpP+Z0LUqd854=,K8Zl7KcT8UhxBq90Z8D0+nRJvXM=
-149,-70,efhh4kuA5xULSNSpP+Z0LUqd854=,K8Zl7KcT8UhxBq90Z8D0+nRJvXM=
-147,-69,efhh4kuA5xULSNSpP+Z0LUqd854=,K8Zl7KcT8UhxBq90Z8D0+nRJvXM=
-150,-70,efhh4kuA5xULSNSpP+Z0LUqd854=,K8Zl7KcT8UhxBq90Z8D0+nRJvXM=
-152,-69,efhh4kuA5xULSNSpP+Z0LUqd854=,K8Zl7KcT8UhxBq90Z8D0+nRJvXM=
-148,-70,efhh4kuA5xULSNSpP+Z0LUqd854=,K8Zl7KcT8UhxBq90Z8D0+nRJvXM=
-159,-69,efhh4kuA5xULSNSpP+Z0LUqd854=,K8Zl7KcT8UhxBq90Z8D0+nRJvXM=
-154,-70,efhh4kuA5xULSNSpP+Z0LUqd854=,K8Zl7KcT8UhxBq90Z8D0+nRJvXM=
-150,-79,efhh4kuA5xULSNSpP+Z0LUqd854=,K8Zl7KcT8UhxBq90Z8D0+nRJvXM=
-158,-69,efhh4kuA5xULSNSpP+Z0LUqd854=,K8Zl7KcT8UhxBq90Z8D0+nRJvXM=
-160,-69,efhh4kuA5xULSNSpP+Z0LUqd854=,K8Zl7KcT8UhxBq90Z8D0+nRJvXM=
-145,-78,efhh4kuA5xULSNSpP+Z0LUqd854=,K8Zl7KcT8UhxBq90Z8D0+nRJvXM=
-145,-70,efhh4kuA5xULSNSpP+Z0LUqd854=,K8Zl7KcT8UhxBq90Z8D0+nRJvXM=
-147,-70,efhh4kuA5xULSNSpP+Z0LUqd854=,K8Zl7KcT8UhxBq90Z8D0+nRJvXM=
-146,-70,efhh4kuA5xULSNSpP+Z0LUqd854=,K8Zl7KcT8UhxBq90Z8D0+nRJvXM=
-157,-70,efhh4kuA5xULSNSpP+Z0LUqd854=,K8Zl7KcT8UhxBq90Z8D0+nRJvXM=
-148,-80,efhh4kuA5xULSNSpP+Z0LUqd854=,K8Zl7KcT8UhxBq90Z8D0+nRJvXM=
-154,-80,efhh4kuA5xULSNSpP+Z0LUqd854=,K8Zl7KcT8UhxBq90Z8D0+nRJvXM=
-155,-77,efhh4kuA5xULSNSpP+Z0LUqd854=,K8Zl7KcT8UhxBq90Z8D0+nRJvXM=
-158,-70,efhh4kuA5xULSNSpP+Z0LUqd854=,K8Zl7KcT8UhxBq90Z8D0+nRJvXM=
-159,-70,efhh4kuA5xULSNSpP+Z0LUqd854=,K8Zl7KcT8UhxBq90Z8D0+nRJvXM=
-151,-79,efhh4kuA5xULSNSpP+Z0LUqd854=,K8Zl7KcT8UhxBq90Z8D0+nRJvXM=
-155,-70,efhh4kuA5xULSNSpP+Z0LUqd854=,K8Zl7KcT8UhxBq90Z8D0+nRJvXM=
-145,-71,efhh4kuA5xULSNSpP+Z0LUqd854=,K8Zl7KcT8UhxBq90Z8D0+nRJvXM=
-156,-70,efhh4kuA5xULSNSpP+Z0LUqd854=,K8Zl7KcT8UhxBq90Z8D0+nRJvXM=
-147,-71,efhh4kuA5xULSNSpP+Z0LUqd854=,K8Zl7KcT8UhxBq90Z8D0+nRJvXM=
-160,-70,efhh4kuA5xULSNSpP+Z0LUqd854=,K8Zl7KcT8UhxBq90Z8D0+nRJvXM=
-146,-71,efhh4kuA5xULSNSpP+Z0LUqd854=,K8Zl7KcT8UhxBq90Z8D0+nRJvXM=
-154,-71,efhh4kuA5xULSNSpP+Z0LUqd854=,K8Zl7KcT8UhxBq90Z8D0+nRJvXM=
-151,-71,efhh4kuA5xULSNSpP+Z0LUqd854=,K8Zl7KcT8UhxBq90Z8D0+nRJvXM=
-156,-77,efhh4kuA5xULSNSpP+Z0LUqd854=,K8Zl7KcT8UhxBq90Z8D0+nRJvXM=
-149,-80,efhh4kuA5xULSNSpP+Z0LUqd854=,K8Zl7KcT8UhxBq90Z8D0+nRJvXM=
-149,-71,efhh4kuA5xULSNSpP+Z0LUqd854=,K8Zl7KcT8UhxBq90Z8D0+nRJvXM=
-155,-71,efhh4kuA5xULSNSpP+Z0LUqd854=,K8Zl7KcT8UhxBq90Z8D0+nRJvXM=
-152,-70,efhh4kuA5xULSNSpP+Z0LUqd854=,K8Zl7KcT8UhxBq90Z8D0+nRJvXM=
-157,-71,efhh4kuA5xULSNSpP+Z0LUqd854=,K8Zl7KcT8UhxBq90Z8D0+nRJvXM=
-159,-71,efhh4kuA5xULSNSpP+Z0LUqd854=,K8Zl7KcT8UhxBq90Z8D0+nRJvXM=
-148,-71,efhh4kuA5xULSNSpP+Z0LUqd854=,K8Zl7KcT8UhxBq90Z8D0+nRJvXM=
-150,-71,efhh4kuA5xULSNSpP+Z0LUqd854=,K8Zl7KcT8UhxBq90Z8D0+nRJvXM=
-156,-71,efhh4kuA5xULSNSpP+Z0LUqd854=,K8Zl7KcT8UhxBq90Z8D0+nRJvXM=
-152,-71,efhh4kuA5xULSNSpP+Z0LUqd854=,K8Zl7KcT8UhxBq90Z8D0+nRJvXM=
-160,-71,efhh4kuA5xULSNSpP+Z0LUqd854=,K8Zl7KcT8UhxBq90Z8D0+nRJvXM=
-148,-72,efhh4kuA5xULSNSpP+Z0LUqd854=,K8Zl7KcT8UhxBq90Z8D0+nRJvXM=
-152,-79,efhh4kuA5xULSNSpP+Z0LUqd854=,K8Zl7KcT8UhxBq90Z8D0+nRJvXM=
-158,-71,efhh4kuA5xULSNSpP+Z0LUqd854=,K8Zl7KcT8UhxBq90Z8D0+nRJvXM=
-153,-71,efhh4kuA5xULSNSpP+Z0LUqd854=,K8Zl7KcT8UhxBq90Z8D0+nRJvXM=
-160,-80,efhh4kuA5xULSNSpP+Z0LUqd854=,K8Zl7KcT8UhxBq90Z8D0+nRJvXM=
-146,-72,efhh4kuA5xULSNSpP+Z0LUqd854=,K8Zl7KcT8UhxBq90Z8D0+nRJvXM=
-150,-72,efhh4kuA5xULSNSpP+Z0LUqd854=,K8Zl7KcT8UhxBq90Z8D0+nRJvXM=
-147,-72,efhh4kuA5xULSNSpP+Z0LUqd854=,K8Zl7KcT8UhxBq90Z8D0+nRJvXM=
-157,-77,efhh4kuA5xULSNSpP+Z0LUqd854=,K8Zl7KcT8UhxBq90Z8D0+nRJvXM=
-145,-72,efhh4kuA5xULSNSpP+Z0LUqd854=,K8Zl7KcT8UhxBq90Z8D0+nRJvXM=
-156,-72,efhh4kuA5xULSNSpP+Z0LUqd854=,K8Zl7KcT8UhxBq90Z8D0+nRJvXM=
-149,-72,efhh4kuA5xULSNSpP+Z0LUqd854=,K8Zl7KcT8UhxBq90Z8D0+nRJvXM=
-154,-72,efhh4kuA5xULSNSpP+Z0LUqd854=,K8Zl7KcT8UhxBq90Z8D0+nRJvXM=
-158,-72,efhh4kuA5xULSNSpP+Z0LUqd854=,K8Zl7KcT8UhxBq90Z8D0+nRJvXM=
-150,-80,efhh4kuA5xULSNSpP+Z0LUqd854=,K8Zl7KcT8UhxBq90Z8D0+nRJvXM=
-155,-72,efhh4kuA5xULSNSpP+Z0LUqd854=,K8Zl7KcT8UhxBq90Z8D0+nRJvXM=
-153,-79,efhh4kuA5xULSNSpP+Z0LUqd854=,K8Zl7KcT8UhxBq90Z8D0+nRJvXM=
-152,-72,efhh4kuA5xULSNSpP+Z0LUqd854=,K8Zl7KcT8UhxBq90Z8D0+nRJvXM=
-147,-76,efhh4kuA5xULSNSpP+Z0LUqd854=,K8Zl7KcT8UhxBq90Z8D0+nRJvXM=
-148,-73,efhh4kuA5xULSNSpP+Z0LUqd854=,K8Zl7KcT8UhxBq90Z8D0+nRJvXM=
-145,-73,efhh4kuA5xULSNSpP+Z0LUqd854=,K8Zl7KcT8UhxBq90Z8D0+nRJvXM=
-157,-72,efhh4kuA5xULSNSpP+Z0LUqd854=,K8Zl7KcT8UhxBq90Z8D0+nRJvXM=
-149,-73,efhh4kuA5xULSNSpP+Z0LUqd854=,K8Zl7KcT8UhxBq90Z8D0+nRJvXM=
-159,-72,efhh4kuA5xULSNSpP+Z0LUqd854=,K8Zl7KcT8UhxBq90Z8D0+nRJvXM=
-148,-76,efhh4kuA5xULSNSpP+Z0LUqd854=,K8Zl7KcT8UhxBq90Z8D0+nRJvXM=
-147,-73,efhh4kuA5xULSNSpP+Z0LUqd854=,K8Zl7KcT8UhxBq90Z8D0+nRJvXM=
-150,-73,efhh4kuA5xULSNSpP+Z0LUqd854=,K8Zl7KcT8UhxBq90Z8D0+nRJvXM=
-158,-77,efhh4kuA5xULSNSpP+Z0LUqd854=,K8Zl7KcT8UhxBq90Z8D0+nRJvXM=
-146,-76,efhh4kuA5xULSNSpP+Z0LUqd854=,K8Zl7KcT8UhxBq90Z8D0+nRJvXM=
-155,-73,efhh4kuA5xULSNSpP+Z0LUqd854=,K8Zl7KcT8UhxBq90Z8D0+nRJvXM=
-154,-73,efhh4kuA5xULSNSpP+Z0LUqd854=,K8Zl7KcT8UhxBq90Z8D0+nRJvXM=
-160,-72,efhh4kuA5xULSNSpP+Z0LUqd854=,K8Zl7KcT8UhxBq90Z8D0+nRJvXM=
-157,-73,efhh4kuA5xULSNSpP+Z0LUqd854=,K8Zl7KcT8UhxBq90Z8D0+nRJvXM=
-156,-73,efhh4kuA5xULSNSpP+Z0LUqd854=,K8Zl7KcT8UhxBq90Z8D0+nRJvXM=
-158,-73,efhh4kuA5xULSNSpP+Z0LUqd854=,K8Zl7KcT8UhxBq90Z8D0+nRJvXM=
-151,-73,efhh4kuA5xULSNSpP+Z0LUqd854=,K8Zl7KcT8UhxBq90Z8D0+nRJvXM=
-145,-76,efhh4kuA5xULSNSpP+Z0LUqd854=,K8Zl7KcT8UhxBq90Z8D0+nRJvXM=
-154,-79,efhh4kuA5xULSNSpP+Z0LUqd854=,K8Zl7KcT8UhxBq90Z8D0+nRJvXM=
-159,-73,efhh4kuA5xULSNSpP+Z0LUqd854=,K8Zl7KcT8UhxBq90Z8D0+nRJvXM=
-160,-73,efhh4kuA5xULSNSpP+Z0LUqd854=,K8Zl7KcT8UhxBq90Z8D0+nRJvXM=
-147,-74,efhh4kuA5xULSNSpP+Z0LUqd854=,K8Zl7KcT8UhxBq90Z8D0+nRJvXM=
-148,-74,efhh4kuA5xULSNSpP+Z0LUqd854=,K8Zl7KcT8UhxBq90Z8D0+nRJvXM=
-150,-74,efhh4kuA5xULSNSpP+Z0LUqd854=,K8Zl7KcT8UhxBq90Z8D0+nRJvXM=
-149,-74,efhh4kuA5xULSNSpP+Z0LUqd854=,K8Zl7KcT8UhxBq90Z8D0+nRJvXM=
-152,-80,efhh4kuA5xULSNSpP+Z0LUqd854=,K8Zl7KcT8UhxBq90Z8D0+nRJvXM=
-160,-75,efhh4kuA5xULSNSpP+Z0LUqd854=,K8Zl7KcT8UhxBq90Z8D0+nRJvXM=
-145,-74,efhh4kuA5xULSNSpP+Z0LUqd854=,K8Zl7KcT8UhxBq90Z8D0+nRJvXM=
-152,-73,efhh4kuA5xULSNSpP+Z0LUqd854=,K8Zl7KcT8UhxBq90Z8D0+nRJvXM=
-153,-74,efhh4kuA5xULSNSpP+Z0LUqd854=,K8Zl7KcT8UhxBq90Z8D0+nRJvXM=
-151,-72,efhh4kuA5xULSNSpP+Z0LUqd854=,K8Zl7KcT8UhxBq90Z8D0+nRJvXM=
-152,-74,efhh4kuA5xULSNSpP+Z0LUqd854=,K8Zl7KcT8UhxBq90Z8D0+nRJvXM=
-155,-74,efhh4kuA5xULSNSpP+Z0LUqd854=,K8Zl7KcT8UhxBq90Z8D0+nRJvXM=
-157,-74,efhh4kuA5xULSNSpP+Z0LUqd854=,K8Zl7KcT8UhxBq90Z8D0+nRJvXM=
-159,-77,efhh4kuA5xULSNSpP+Z0LUqd854=,K8Zl7KcT8UhxBq90Z8D0+nRJvXM=
-153,-72,efhh4kuA5xULSNSpP+Z0LUqd854=,K8Zl7KcT8UhxBq90Z8D0+nRJvXM=
-156,-74,efhh4kuA5xULSNSpP+Z0LUqd854=,K8Zl7KcT8UhxBq90Z8D0+nRJvXM=
-146,-73,efhh4kuA5xULSNSpP+Z0LUqd854=,K8Zl7KcT8UhxBq90Z8D0+nRJvXM=
-151,-80,efhh4kuA5xULSNSpP+Z0LUqd854=,K8Zl7KcT8UhxBq90Z8D0+nRJvXM=
-153,-73,efhh4kuA5xULSNSpP+Z0LUqd854=,K8Zl7KcT8UhxBq90Z8D0+nRJvXM=
-157,-79,efhh4kuA5xULSNSpP+Z0LUqd854=,K8Zl7KcT8UhxBq90Z8D0+nRJvXM=
-155,-79,efhh4kuA5xULSNSpP+Z0LUqd854=,K8Zl7KcT8UhxBq90Z8D0+nRJvXM=
-158,-74,efhh4kuA5xULSNSpP+Z0LUqd854=,K8Zl7KcT8UhxBq90Z8D0+nRJvXM=
-151,-74,efhh4kuA5xULSNSpP+Z0LUqd854=,K8Zl7KcT8UhxBq90Z8D0+nRJvXM=
-145,-75,efhh4kuA5xULSNSpP+Z0LUqd854=,K8Zl7KcT8UhxBq90Z8D0+nRJvXM=
-146,-74,efhh4kuA5xULSNSpP+Z0LUqd854=,K8Zl7KcT8UhxBq90Z8D0+nRJvXM=
-153,-80,efhh4kuA5xULSNSpP+Z0LUqd854=,K8Zl7KcT8UhxBq90Z8D0+nRJvXM=
-154,-74,efhh4kuA5xULSNSpP+Z0LUqd854=,K8Zl7KcT8UhxBq90Z8D0+nRJvXM=
-159,-74,efhh4kuA5xULSNSpP+Z0LUqd854=,K8Zl7KcT8UhxBq90Z8D0+nRJvXM=
-159,-75,efhh4kuA5xULSNSpP+Z0LUqd854=,K8Zl7KcT8UhxBq90Z8D0+nRJvXM=
-156,-79,efhh4kuA5xULSNSpP+Z0LUqd854=,K8Zl7KcT8UhxBq90Z8D0+nRJvXM=
-146,-75,efhh4kuA5xULSNSpP+Z0LUqd854=,K8Zl7KcT8UhxBq90Z8D0+nRJvXM=
-152,-75,efhh4kuA5xULSNSpP+Z0LUqd854=,K8Zl7KcT8UhxBq90Z8D0+nRJvXM=
-160,-74,efhh4kuA5xULSNSpP+Z0LUqd854=,K8Zl7KcT8UhxBq90Z8D0+nRJvXM=
-153,-75,efhh4kuA5xULSNSpP+Z0LUqd854=,K8Zl7KcT8UhxBq90Z8D0+nRJvXM=
-147,-75,efhh4kuA5xULSNSpP+Z0LUqd854=,K8Zl7KcT8UhxBq90Z8D0+nRJvXM=
-150,-75,efhh4kuA5xULSNSpP+Z0LUqd854=,K8Zl7KcT8UhxBq90Z8D0+nRJvXM=
-149,-75,efhh4kuA5xULSNSpP+Z0LUqd854=,K8Zl7KcT8UhxBq90Z8D0+nRJvXM=
-155,-75,efhh4kuA5xULSNSpP+Z0LUqd854=,K8Zl7KcT8UhxBq90Z8D0+nRJvXM=
-154,-75,efhh4kuA5xULSNSpP+Z0LUqd854=,K8Zl7KcT8UhxBq90Z8D0+nRJvXM=
-151,-75,efhh4kuA5xULSNSpP+Z0LUqd854=,K8Zl7KcT8UhxBq90Z8D0+nRJvXM=
-148,-75,efhh4kuA5xULSNSpP+Z0LUqd854=,K8Zl7KcT8UhxBq90Z8D0+nRJvXM=
-158,-75,efhh4kuA5xULSNSpP+Z0LUqd854=,K8Zl7KcT8UhxBq90Z8D0+nRJvXM=
-156,-75,efhh4kuA5xULSNSpP+Z0LUqd854=,K8Zl7KcT8UhxBq90Z8D0+nRJvXM=
-160,-77,efhh4kuA5xULSNSpP+Z0LUqd854=,K8Zl7KcT8UhxBq90Z8D0+nRJvXM=
-157,-75,efhh4kuA5xULSNSpP+Z0LUqd854=,K8Zl7KcT8UhxBq90Z8D0+nRJvXM=
