367,367,3A7yRPwXdHENljD22/+qndLjhnI=,XlJhx5QrYSXhX3N6QQ5HU9hcxJM=
365,354,3A7yRPwXdHENljD22/+qndLjhnI=,XlJhx5QrYSXhX3N6QQ5HU9hcxJM=
366,354,3A7yRPwXdHENljD22/+qndLjhnI=,XlJhx5QrYSXhX3N6QQ5HU9hcxJM=
355,352,3A7yRPwXdHENljD22/+qndLjhnI=,XlJhx5QrYSXhX3N6QQ5HU9hcxJM=
364,367,3A7yRPwXdHENljD22/+qndLjhnI=,XlJhx5QrYSXhX3N6QQ5HU9hcxJM=
367,354,3A7yRPwXdHENljD22/+qndLjhnI=,XlJhx5QrYSXhX3N6QQ5HU9hcxJM=
366,367,3A7yRPwXdHENljD22/+qndLjhnI=,XlJhx5QrYSXhX3N6QQ5HU9hcxJM=
362,367,3A7yRPwXdHENljD22/+qndLjhnI=,XlJhx5QrYSXhX3N6QQ5HU9hcxJM=
352,355,3A7yRPwXdHENljD22/+qndLjhnI=,XlJhx5QrYSXhX3N6QQ5HU9hcxJM=
360,367,3A7yRPwXdHENljD22/+qndLjhnI=,XlJhx5QrYSXhX3N6QQ5HU9hcxJM=
353,355,3A7yRPwXdHENljD22/+qndLjhnI=,XlJhx5QrYSXhX3N6QQ5HU9hcxJM=
358,367,3A7yRPwXdHENljD22/+qndLjhnI=,XlJhx5QrYSXhX3N6QQ5HU9hcxJM=
359,367,3A7yRPwXdHENljD22/+qndLjhnI=,XlJhx5QrYSXhX3N6QQ5HU9hcxJM=
354,355,3A7yRPwXdHENljD22/+qndLjhnI=,XlJhx5QrYSXhX3N6QQ5HU9hcxJM=
356,367,3A7yRPwXdHENljD22/+qndLjhnI=,XlJhx5QrYSXhX3N6QQ5HU9hcxJM=
355,367,3A7yRPwXdHENljD22/+qndLjhnI=,XlJhx5QrYSXhX3N6QQ5HU9hcxJM=
357,367,3A7yRPwXdHENljD22/+qndLjhnI=,XlJhx5QrYSXhX3N6QQ5HU9hcxJM=
367,353,3A7yRPwXdHENljD22/+qndLjhnI=,XlJhx5QrYSXhX3N6QQ5HU9hcxJM=
352,354,3A7yRPwXdHENljD22/+qndLjhnI=,XlJhx5QrYSXhX3N6QQ5HU9hcxJM=
359,353,3A7yRPwXdHENljD22/+qndLjhnI=,XlJhx5QrYSXhX3N6QQ5HU9hcxJM=
361,353,3A7yRPwXdHENljD22/+qndLjhnI=,XlJhx5QrYSXhX3N6QQ5HU9hcxJM=
355,355,3A7yRPwXdHENljD22/+qndLjhnI=,XlJhx5QrYSXhX3N6QQ5HU9hcxJM=
358,353,3A7yRPwXdHENljD22/+qndLjhnI=,XlJhx5QrYSXhX3N6QQ5HU9hcxJM=
357,353,3A7yRPwXdHENljD22/+qndLjhnI=,XlJhx5QrYSXhX3N6QQ5HU9hcxJM=
355,353,3A7yRPwXdHENljD22/+qndLjhnI=,XlJhx5QrYSXhX3N6QQ5HU9hcxJM=
353,367,3A7yRPwXdHENljD22/+qndLjhnI=,XlJhx5QrYSXhX3N6QQ5HU9hcxJM=
356,353,3A7yRPwXdHENljD22/+qndLjhnI=,XlJhx5QrYSXhX3N6QQ5HU9hcxJM=
356,352,3A7yRPwXdHENljD22/+qndLjhnI=,XlJhx5QrYSXhX3N6QQ5HU9hcxJM=
365,353,3A7yRPwXdHENljD22/+qndLjhnI=,XlJhx5QrYSXhX3N6QQ5HU9hcxJM=
366,353,3A7yRPwXdHENljD22/+qndLjhnI=,XlJhx5QrYSXhX3N6QQ5HU9hcxJM=
367,366,3A7yRPwXdHENljD22/+qndLjhnI=,XlJhx5QrYSXhX3N6QQ5HU9hcxJM=
356,355,3A7yRPwXdHENljD22/+qndLjhnI=,XlJhx5QrYSXhX3N6QQ5HU9hcxJM=
362,353,3A7yRPwXdHENljD22/+qndLjhnI=,XlJhx5QrYSXhX3N6QQ5HU9hcxJM=
357,355,3A7yRPwXdHENljD22/+qndLjhnI=,XlJhx5QrYSXhX3N6QQ5HU9hcxJM=
365,366,3A7yRPwXdHENljD22/+qndLjhnI=,XlJhx5QrYSXhX3N6QQ5HU9hcxJM=
365,367,3A7yRPwXdHENljD22/+qndLjhnI=,XlJhx5QrYSXhX3N6QQ5HU9hcxJM=
364,354,3A7yRPwXdHENljD22/+qndLjhnI=,XlJhx5QrYSXhX3N6QQ5HU9hcxJM=
363,367,3A7yRPwXdHENljD22/+qndLjhnI=,XlJhx5QrYSXhX3N6QQ5HU9hcxJM=
358,355,3A7yRPwXdHENljD22/+qndLjhnI=,XlJhx5QrYSXhX3N6QQ5HU9hcxJM=
364,366,3A7yRPwXdHENljD22/+qndLjhnI=,XlJhx5QrYSXhX3N6QQ5HU9hcxJM=
362,366,3A7yRPwXdHENljD22/+qndLjhnI=,XlJhx5QrYSXhX3N6QQ5HU9hcxJM=
359,355,3A7yRPwXdHENljD22/+qndLjhnI=,XlJhx5QrYSXhX3N6QQ5HU9hcxJM=
363,366,3A7yRPwXdHENljD22/+qndLjhnI=,XlJhx5QrYSXhX3N6QQ5HU9hcxJM=
359,366,3A7yRPwXdHENljD22/+qndLjhnI=,XlJhx5QrYSXhX3N6QQ5HU9hcxJM=
358,366,3A7yRPwXdHENljD22/+qndLjhnI=,XlJhx5QrYSXhX3N6QQ5HU9hcxJM=
360,366,3A7yRPwXdHENljD22/+qndLjhnI=,XlJhx5QrYSXhX3N6QQ5HU9hcxJM=
360,355,3A7yRPwXdHENljD22/+qndLjhnI=,XlJhx5QrYSXhX3N6QQ5HU9hcxJM=
356,366,3A7yRPwXdHENljD22/+qndLjhnI=,XlJhx5QrYSXhX3N6QQ5HU9hcxJM=
361,366,3A7yRPwXdHENljD22/+qndLjhnI=,XlJhx5QrYSXhX3N6QQ5HU9hcxJM=
355,366,3A7yRPwXdHENljD22/+qndLjhnI=,XlJhx5QrYSXhX3N6QQ5HU9hcxJM=
357,366,3A7yRPwXdHENljD22/+qndLjhnI=,XlJhx5QrYSXhX3N6QQ5HU9hcxJM=
353,366,3A7yRPwXdHENljD22/+qndLjhnI=,XlJhx5QrYSXhX3N6QQ5HU9hcxJM=
361,367,3A7yRPwXdHENljD22/+qndLjhnI=,XlJhx5QrYSXhX3N6QQ5HU9hcxJM=
354,367,3A7yRPwXdHENljD22/+qndLjhnI=,XlJhx5QrYSXhX3N6QQ5HU9hcxJM=
352,367,3A7yRPwXdHENljD22/+qndLjhnI=,XlJhx5QrYSXhX3N6QQ5HU9hcxJM=
360,353,3A7yRPwXdHENljD22/+qndLjhnI=,XlJhx5QrYSXhX3N6QQ5HU9hcxJM=
364,353,3A7yRPwXdHENljD22/+qndLjhnI=,XlJhx5QrYSXhX3N6QQ5HU9hcxJM=
353,353,3A7yRPwXdHENljD22/+qndLjhnI=,XlJhx5QrYSXhX3N6QQ5HU9hcxJM=
363,353,3A7yRPwXdHENljD22/+qndLjhnI=,XlJhx5QrYSXhX3N6QQ5HU9hcxJM=
366,365,3A7yRPwXdHENljD22/+qndLjhnI=,XlJhx5QrYSXhX3N6QQ5HU9hcxJM=
354,353,3A7yRPwXdHENljD22/+qndLjhnI=,XlJhx5QrYSXhX3N6QQ5HU9hcxJM=
361,355,3A7yRPwXdHENljD22/+qndLjhnI=,XlJhx5QrYSXhX3N6QQ5HU9hcxJM=
363,365,3A7yRPwXdHENljD22/+qndLjhnI=,XlJhx5QrYSXhX3N6QQ5HU9hcxJM=
367,365,3A7yRPwXdHENljD22/+qndLjhnI=,XlJhx5QrYSXhX3N6QQ5HU9hcxJM=
352,366,3A7yRPwXdHENljD22/+qndLjhnI=,XlJhx5QrYSXhX3N6QQ5HU9hcxJM=
364,365,3A7yRPwXdHENljD22/+qndLjhnI=,XlJhx5QrYSXhX3N6QQ5HU9hcxJM=
354,352,3A7yRPwXdHENljD22/+qndLjhnI=,XlJhx5QrYSXhX3N6QQ5HU9hcxJM=
357,365,3A7yRPwXdHENljD22/+qndLjhnI=,XlJhx5QrYSXhX3N6QQ5HU9hcxJM=
362,355,3A7yRPwXdHENljD22/+qndLjhnI=,XlJhx5QrYSXhX3N6QQ5HU9hcxJM=
356,365,3A7yRPwXdHENljD22/+qndLjhnI=,XlJhx5QrYSXhX3N6QQ5HU9hcxJM=
367,352,3A7yRPwXdHENljD22/+qndLjhnI=,XlJhx5QrYSXhX3N6QQ5HU9hcxJM=
365,365,3A7yRPwXdHENljD22/+qndLjhnI=,XlJhx5QrYSXhX3N6QQ5HU9hcxJM=
354,365,3A7yRPwXdHENljD22/+qndLjhnI=,XlJhx5QrYSXhX3N6QQ5HU9hcxJM=
355,365,3A7yRPwXdHENljD22/+qndLjhnI=,XlJhx5QrYSXhX3N6QQ5HU9hcxJM=
353,352,3A7yRPwXdHENljD22/+qndLjhnI=,XlJhx5QrYSXhX3N6QQ5HU9hcxJM=
366,366,3A7yRPwXdHENljD22/+qndLjhnI=,XlJhx5QrYSXhX3N6QQ5HU9hcxJM=
354,366,3A7yRPwXdHENljD22/+qndLjhnI=,XlJhx5QrYSXhX3N6QQ5HU9hcxJM=
352,353,3A7yRPwXdHENljD22/+qndLjhnI=,XlJhx5QrYSXhX3N6QQ5HU9hcxJM=
362,365,3A7yRPwXdHENljD22/+qndLjhnI=,XlJhx5QrYSXhX3N6QQ5HU9hcxJM=
361,365,3A7yRPwXdHENljD22/+qndLjhnI=,XlJhx5QrYSXhX3N6QQ5HU9hcxJM=
353,365,3A7yRPwXdHENljD22/+qndLjhnI=,XlJhx5QrYSXhX3N6QQ5HU9hcxJM=
363,354,3A7yRPwXdHENljD22/+qndLjhnI=,XlJhx5QrYSXhX3N6QQ5HU9hcxJM=
366,364,3A7yRPwXdHENljD22/+qndLjhnI=,XlJhx5QrYSXhX3N6QQ5HU9hcxJM=
364,364,3A7yRPwXdHENljD22/+qndLjhnI=,XlJhx5QrYSXhX3N6QQ5HU9hcxJM=
362,364,3A7yRPwXdHENljD22/+qndLjhnI=,XlJhx5QrYSXhX3N6QQ5HU9hcxJM=
366,352,3A7yRPwXdHENljD22/+qndLjhnI=,XlJhx5QrYSXhX3N6QQ5HU9hcxJM=
359,365,3A7yRPwXdHENljD22/+qndLjhnI=,XlJhx5QrYSXhX3N6QQ5HU9hcxJM=
363,364,3A7yRPwXdHENljD22/+qndLjhnI=,XlJhx5QrYSXhX3N6QQ5HU9hcxJM=
352,365,3A7yRPwXdHENljD22/+qndLjhnI=,XlJhx5QrYSXhX3N6QQ5HU9hcxJM=
363,355,3A7yRPwXdHENljD22/+qndLjhnI=,XlJhx5QrYSXhX3N6QQ5HU9hcxJM=
355,364,3A7yRPwXdHENljD22/+qndLjhnI=,XlJhx5QrYSXhX3N6QQ5HU9hcxJM=
352,364,3A7yRPwXdHENljD22/+qndLjhnI=,XlJhx5QrYSXhX3N6QQ5HU9hcxJM=
367,364,3A7yRPwXdHENljD22/+qndLjhnI=,XlJhx5QrYSXhX3N6QQ5HU9hcxJM=
354,364,3A7yRPwXdHENljD22/+qndLjhnI=,XlJhx5QrYSXhX3N6QQ5HU9hcxJM=
358,365,3A7yRPwXdHENljD22/+qndLjhnI=,XlJhx5QrYSXhX3N6QQ5HU9hcxJM=
357,364,3A7yRPwXdHENljD22/+qndLjhnI=,XlJhx5QrYSXhX3N6QQ5HU9hcxJM=
360,365,3A7yRPwXdHENljD22/+qndLjhnI=,XlJhx5QrYSXhX3N6QQ5HU9hcxJM=
358,364,3A7yRPwXdHENljD22/+qndLjhnI=,XlJhx5QrYSXhX3N6QQ5HU9hcxJM=
365,364,3A7yRPwXdHENljD22/+qndLjhnI=,XlJhx5QrYSXhX3N6QQ5HU9hcxJM=
364,355,3A7yRPwXdHENljD22/+qndLjhnI=,XlJhx5QrYSXhX3N6QQ5HU9hcxJM=
362,354,3A7yRPwXdHENljD22/+qndLjhnI=,XlJhx5QrYSXhX3N6QQ5HU9hcxJM=
360,364,3A7yRPwXdHENljD22/+qndLjhnI=,XlJhx5QrYSXhX3N6QQ5HU9hcxJM=
361,364,3A7yRPwXdHENljD22/+qndLjhnI=,XlJhx5QrYSXhX3N6QQ5HU9hcxJM=
367,363,3A7yRPwXdHENljD22/+qndLjhnI=,XlJhx5QrYSXhX3N6QQ5HU9hcxJM=
353,364,3A7yRPwXdHENljD22/+qndLjhnI=,XlJhx5QrYSXhX3N6QQ5HU9hcxJM=
359,364,3A7yRPwXdHENljD22/+qndLjhnI=,XlJhx5QrYSXhX3N6QQ5HU9hcxJM=
365,352,3A7yRPwXdHENljD22/+qndLjhnI=,XlJhx5QrYSXhX3N6QQ5HU9hcxJM=
359,363,3A7yRPwXdHENljD22/+qndLjhnI=,XlJhx5QrYSXhX3N6QQ5HU9hcxJM=
361,354,3A7yRPwXdHENljD22/+qndLjhnI=,XlJhx5QrYSXhX3N6QQ5HU9hcxJM=
358,363,3A7yRPwXdHENljD22/+qndLjhnI=,XlJhx5QrYSXhX3N6QQ5HU9hcxJM=
356,363,3A7yRPwXdHENljD22/+qndLjhnI=,XlJhx5QrYSXhX3N6QQ5HU9hcxJM=
357,363,3A7yRPwXdHENljD22/+qndLjhnI=,XlJhx5QrYSXhX3N6QQ5HU9hcxJM=
365,355,3A7yRPwXdHENljD22/+qndLjhnI=,XlJhx5QrYSXhX3N6QQ5HU9hcxJM=
355,363,3A7yRPwXdHENljD22/+qndLjhnI=,XlJhx5QrYSXhX3N6QQ5HU9hcxJM=
366,363,3A7yRPwXdHENljD22/+qndLjhnI=,XlJhx5QrYSXhX3N6QQ5HU9hcxJM=
352,363,3A7yRPwXdHENljD22/+qndLjhnI=,XlJhx5QrYSXhX3N6QQ5HU9hcxJM=
356,364,3A7yRPwXdHENljD22/+qndLjhnI=,XlJhx5QrYSXhX3N6QQ5HU9hcxJM=
365,363,3A7yRPwXdHENljD22/+qndLjhnI=,XlJhx5QrYSXhX3N6QQ5HU9hcxJM=
363,363,3A7yRPwXdHENljD22/+qndLjhnI=,XlJhx5QrYSXhX3N6QQ5HU9hcxJM=
364,363,3A7yRPwXdHENljD22/+qndLjhnI=,XlJhx5QrYSXhX3N6QQ5HU9hcxJM=
354,363,3A7yRPwXdHENljD22/+qndLjhnI=,XlJhx5QrYSXhX3N6QQ5HU9hcxJM=
353,363,3A7yRPwXdHENljD22/+qndLjhnI=,XlJhx5QrYSXhX3N6QQ5HU9hcxJM=
366,355,3A7yRPwXdHENljD22/+qndLjhnI=,XlJhx5QrYSXhX3N6QQ5HU9hcxJM=
364,352,3A7yRPwXdHENljD22/+qndLjhnI=,XlJhx5QrYSXhX3N6QQ5HU9hcxJM=
364,362,3A7yRPwXdHENljD22/+qndLjhnI=,XlJhx5QrYSXhX3N6QQ5HU9hcxJM=
359,362,3A7yRPwXdHENljD22/+qndLjhnI=,XlJhx5QrYSXhX3N6QQ5HU9hcxJM=
365,362,3A7yRPwXdHENljD22/+qndLjhnI=,XlJhx5QrYSXhX3N6QQ5HU9hcxJM=
360,354,3A7yRPwXdHENljD22/+qndLjhnI=,XlJhx5QrYSXhX3N6QQ5HU9hcxJM=
361,363,3A7yRPwXdHENljD22/+qndLjhnI=,XlJhx5QrYSXhX3N6QQ5HU9hcxJM=
367,362,3A7yRPwXdHENljD22/+qndLjhnI=,XlJhx5QrYSXhX3N6QQ5HU9hcxJM=
357,362,3A7yRPwXdHENljD22/+qndLjhnI=,XlJhx5QrYSXhX3N6QQ5HU9hcxJM=
360,362,3A7yRPwXdHENljD22/+qndLjhnI=,XlJhx5QrYSXhX3N6QQ5HU9hcxJM=
353,362,3A7yRPwXdHENljD22/+qndLjhnI=,XlJhx5QrYSXhX3N6QQ5HU9hcxJM=
367,355,3A7yRPwXdHENljD22/+qndLjhnI=,XlJhx5QrYSXhX3N6QQ5HU9hcxJM=
362,363,3A7yRPwXdHENljD22/+qndLjhnI=,XlJhx5QrYSXhX3N6QQ5HU9hcxJM=
354,362,3A7yRPwXdHENljD22/+qndLjhnI=,XlJhx5QrYSXhX3N6QQ5HU9hcxJM=
366,362,3A7yRPwXdHENljD22/+qndLjhnI=,XlJhx5QrYSXhX3N6QQ5HU9hcxJM=
360,363,3A7yRPwXdHENljD22/+qndLjhnI=,XlJhx5QrYSXhX3N6QQ5HU9hcxJM=
361,362,3A7yRPwXdHENljD22/+qndLjhnI=,XlJhx5QrYSXhX3N6QQ5HU9hcxJM=
353,354,3A7yRPwXdHENljD22/+qndLjhnI=,XlJhx5QrYSXhX3N6QQ5HU9hcxJM=
363,361,3A7yRPwXdHENljD22/+qndLjhnI=,XlJhx5QrYSXhX3N6QQ5HU9hcxJM=
366,361,3A7yRPwXdHENljD22/+qndLjhnI=,XlJhx5QrYSXhX3N6QQ5HU9hcxJM=
355,362,3A7yRPwXdHENljD22/+qndLjhnI=,XlJhx5QrYSXhX3N6QQ5HU9hcxJM=
362,361,3A7yRPwXdHENljD22/+qndLjhnI=,XlJhx5QrYSXhX3N6QQ5HU9hcxJM=
352,356,3A7yRPwXdHENljD22/+qndLjhnI=,XlJhx5QrYSXhX3N6QQ5HU9hcxJM=
359,354,3A7yRPwXdHENljD22/+qndLjhnI=,XlJhx5QrYSXhX3N6QQ5HU9hcxJM=
359,361,3A7yRPwXdHENljD22/+qndLjhnI=,XlJhx5QrYSXhX3N6QQ5HU9hcxJM=
360,361,3A7yRPwXdHENljD22/+qndLjhnI=,XlJhx5QrYSXhX3N6QQ5HU9hcxJM=
363,352,3A7yRPwXdHENljD22/+qndLjhnI=,XlJhx5QrYSXhX3N6QQ5HU9hcxJM=
357,361,3A7yRPwXdHENljD22/+qndLjhnI=,XlJhx5QrYSXhX3N6QQ5HU9hcxJM=
362,362,3A7yRPwXdHENljD22/+qndLjhnI=,XlJhx5QrYSXhX3N6QQ5HU9hcxJM=
358,362,3A7yRPwXdHENljD22/+qndLjhnI=,XlJhx5QrYSXhX3N6QQ5HU9hcxJM=
356,362,3A7yRPwXdHENljD22/+qndLjhnI=,XlJhx5QrYSXhX3N6QQ5HU9hcxJM=
363,362,3A7yRPwXdHENljD22/+qndLjhnI=,XlJhx5QrYSXhX3N6QQ5HU9hcxJM=
364,361,3A7yRPwXdHENljD22/+qndLjhnI=,XlJhx5QrYSXhX3N6QQ5HU9hcxJM=
355,361,3A7yRPwXdHENljD22/+qndLjhnI=,XlJhx5QrYSXhX3N6QQ5HU9hcxJM=
352,362,3A7yRPwXdHENljD22/+qndLjhnI=,XlJhx5QrYSXhX3N6QQ5HU9hcxJM=
367,361,3A7yRPwXdHENljD22/+qndLjhnI=,XlJhx5QrYSXhX3N6QQ5HU9hcxJM=
352,361,3A7yRPwXdHENljD22/+qndLjhnI=,XlJhx5QrYSXhX3N6QQ5HU9hcxJM=
364,360,3A7yRPwXdHENljD22/+qndLjhnI=,XlJhx5QrYSXhX3N6QQ5HU9hcxJM=
361,360,3A7yRPwXdHENljD22/+qndLjhnI=,XlJhx5QrYSXhX3N6QQ5HU9hcxJM=
363,360,3A7yRPwXdHENljD22/+qndLjhnI=,XlJhx5QrYSXhX3N6QQ5HU9hcxJM=
353,361,3A7yRPwXdHENljD22/+qndLjhnI=,XlJhx5QrYSXhX3N6QQ5HU9hcxJM=
366,360,3A7yRPwXdHENljD22/+qndLjhnI=,XlJhx5QrYSXhX3N6QQ5HU9hcxJM=
352,352,3A7yRPwXdHENljD22/+qndLjhnI=,XlJhx5QrYSXhX3N6QQ5HU9hcxJM=
360,360,3A7yRPwXdHENljD22/+qndLjhnI=,XlJhx5QrYSXhX3N6QQ5HU9hcxJM=
367,360,3A7yRPwXdHENljD22/+qndLjhnI=,XlJhx5QrYSXhX3N6QQ5HU9hcxJM=
357,360,3A7yRPwXdHENljD22/+qndLjhnI=,XlJhx5QrYSXhX3N6QQ5HU9hcxJM=
359,360,3A7yRPwXdHENljD22/+qndLjhnI=,XlJhx5QrYSXhX3N6QQ5HU9hcxJM=
353,356,3A7yRPwXdHENljD22/+qndLjhnI=,XlJhx5QrYSXhX3N6QQ5HU9hcxJM=
358,354,3A7yRPwXdHENljD22/+qndLjhnI=,XlJhx5QrYSXhX3N6QQ5HU9hcxJM=
356,361,3A7yRPwXdHENljD22/+qndLjhnI=,XlJhx5QrYSXhX3N6QQ5HU9hcxJM=
356,360,3A7yRPwXdHENljD22/+qndLjhnI=,XlJhx5QrYSXhX3N6QQ5HU9hcxJM=
354,360,3A7yRPwXdHENljD22/+qndLjhnI=,XlJhx5QrYSXhX3N6QQ5HU9hcxJM=
354,356,3A7yRPwXdHENljD22/+qndLjhnI=,XlJhx5QrYSXhX3N6QQ5HU9hcxJM=
355,360,3A7yRPwXdHENljD22/+qndLjhnI=,XlJhx5QrYSXhX3N6QQ5HU9hcxJM=
362,360,3A7yRPwXdHENljD22/+qndLjhnI=,XlJhx5QrYSXhX3N6QQ5HU9hcxJM=
355,356,3A7yRPwXdHENljD22/+qndLjhnI=,XlJhx5QrYSXhX3N6QQ5HU9hcxJM=
352,360,3A7yRPwXdHENljD22/+qndLjhnI=,XlJhx5QrYSXhX3N6QQ5HU9hcxJM=
363,359,3A7yRPwXdHENljD22/+qndLjhnI=,XlJhx5QrYSXhX3N6QQ5HU9hcxJM=
364,359,3A7yRPwXdHENljD22/+qndLjhnI=,XlJhx5QrYSXhX3N6QQ5HU9hcxJM=
358,361,3A7yRPwXdHENljD22/+qndLjhnI=,XlJhx5QrYSXhX3N6QQ5HU9hcxJM=
353,360,3A7yRPwXdHENljD22/+qndLjhnI=,XlJhx5QrYSXhX3N6QQ5HU9hcxJM=
360,359,3A7yRPwXdHENljD22/+qndLjhnI=,XlJhx5QrYSXhX3N6QQ5HU9hcxJM=
354,354,3A7yRPwXdHENljD22/+qndLjhnI=,XlJhx5QrYSXhX3N6QQ5HU9hcxJM=
362,359,3A7yRPwXdHENljD22/+qndLjhnI=,XlJhx5QrYSXhX3N6QQ5HU9hcxJM=
365,359,3A7yRPwXdHENljD22/+qndLjhnI=,XlJhx5QrYSXhX3N6QQ5HU9hcxJM=
359,359,3A7yRPwXdHENljD22/+qndLjhnI=,XlJhx5QrYSXhX3N6QQ5HU9hcxJM=
361,352,3A7yRPwXdHENljD22/+qndLjhnI=,XlJhx5QrYSXhX3N6QQ5HU9hcxJM=
357,352,3A7yRPwXdHENljD22/+qndLjhnI=,XlJhx5QrYSXhX3N6QQ5HU9hcxJM=
358,359,3A7yRPwXdHENljD22/+qndLjhnI=,XlJhx5QrYSXhX3N6QQ5HU9hcxJM=
366,359,3A7yRPwXdHENljD22/+qndLjhnI=,XlJhx5QrYSXhX3N6QQ5HU9hcxJM=
355,359,3A7yRPwXdHENljD22/+qndLjhnI=,XlJhx5QrYSXhX3N6QQ5HU9hcxJM=
356,359,3A7yRPwXdHENljD22/+qndLjhnI=,XlJhx5QrYSXhX3N6QQ5HU9hcxJM=
353,359,3A7yRPwXdHENljD22/+qndLjhnI=,XlJhx5QrYSXhX3N6QQ5HU9hcxJM=
356,356,3A7yRPwXdHENljD22/+qndLjhnI=,XlJhx5QrYSXhX3N6QQ5HU9hcxJM=
367,358,3A7yRPwXdHENljD22/+qndLjhnI=,XlJhx5QrYSXhX3N6QQ5HU9hcxJM=
365,361,3A7yRPwXdHENljD22/+qndLjhnI=,XlJhx5QrYSXhX3N6QQ5HU9hcxJM=
361,361,3A7yRPwXdHENljD22/+qndLjhnI=,XlJhx5QrYSXhX3N6QQ5HU9hcxJM=
366,358,3A7yRPwXdHENljD22/+qndLjhnI=,XlJhx5QrYSXhX3N6QQ5HU9hcxJM=
357,356,3A7yRPwXdHENljD22/+qndLjhnI=,XlJhx5QrYSXhX3N6QQ5HU9hcxJM=
365,358,3A7yRPwXdHENljD22/+qndLjhnI=,XlJhx5QrYSXhX3N6QQ5HU9hcxJM=
354,361,3A7yRPwXdHENljD22/+qndLjhnI=,XlJhx5QrYSXhX3N6QQ5HU9hcxJM=
358,356,3A7yRPwXdHENljD22/+qndLjhnI=,XlJhx5QrYSXhX3N6QQ5HU9hcxJM=
354,359,3A7yRPwXdHENljD22/+qndLjhnI=,XlJhx5QrYSXhX3N6QQ5HU9hcxJM=
365,360,3A7yRPwXdHENljD22/+qndLjhnI=,XlJhx5QrYSXhX3N6QQ5HU9hcxJM=
361,358,3A7yRPwXdHENljD22/+qndLjhnI=,XlJhx5QrYSXhX3N6QQ5HU9hcxJM=
362,358,3A7yRPwXdHENljD22/+qndLjhnI=,XlJhx5QrYSXhX3N6QQ5HU9hcxJM=
359,356,3A7yRPwXdHENljD22/+qndLjhnI=,XlJhx5QrYSXhX3N6QQ5HU9hcxJM=
358,360,3A7yRPwXdHENljD22/+qndLjhnI=,XlJhx5QrYSXhX3N6QQ5HU9hcxJM=
359,358,3A7yRPwXdHENljD22/+qndLjhnI=,XlJhx5QrYSXhX3N6QQ5HU9hcxJM=
356,354,3A7yRPwXdHENljD22/+qndLjhnI=,XlJhx5QrYSXhX3N6QQ5HU9hcxJM=
367,359,3A7yRPwXdHENljD22/+qndLjhnI=,XlJhx5QrYSXhX3N6QQ5HU9hcxJM=
361,359,3A7yRPwXdHENljD22/+qndLjhnI=,XlJhx5QrYSXhX3N6QQ5HU9hcxJM=
357,354,3A7yRPwXdHENljD22/+qndLjhnI=,XlJhx5QrYSXhX3N6QQ5HU9hcxJM=
357,359,3A7yRPwXdHENljD22/+qndLjhnI=,XlJhx5QrYSXhX3N6QQ5HU9hcxJM=
355,358,3A7yRPwXdHENljD22/+qndLjhnI=,XlJhx5QrYSXhX3N6QQ5HU9hcxJM=
360,356,3A7yRPwXdHENljD22/+qndLjhnI=,XlJhx5QrYSXhX3N6QQ5HU9hcxJM=
364,358,3A7yRPwXdHENljD22/+qndLjhnI=,XlJhx5QrYSXhX3N6QQ5HU9hcxJM=
352,359,3A7yRPwXdHENljD22/+qndLjhnI=,XlJhx5QrYSXhX3N6QQ5HU9hcxJM=
356,358,3A7yRPwXdHENljD22/+qndLjhnI=,XlJhx5QrYSXhX3N6QQ5HU9hcxJM=
362,352,3A7yRPwXdHENljD22/+qndLjhnI=,XlJhx5QrYSXhX3N6QQ5HU9hcxJM=
363,358,3A7yRPwXdHENljD22/+qndLjhnI=,XlJhx5QrYSXhX3N6QQ5HU9hcxJM=
360,352,3A7yRPwXdHENljD22/+qndLjhnI=,XlJhx5QrYSXhX3N6QQ5HU9hcxJM=
360,358,3A7yRPwXdHENljD22/+qndLjhnI=,XlJhx5QrYSXhX3N6QQ5HU9hcxJM=
358,358,3A7yRPwXdHENljD22/+qndLjhnI=,XlJhx5QrYSXhX3N6QQ5HU9hcxJM=
357,358,3A7yRPwXdHENljD22/+qndLjhnI=,XlJhx5QrYSXhX3N6QQ5HU9hcxJM=
353,358,3A7yRPwXdHENljD22/+qndLjhnI=,XlJhx5QrYSXhX3N6QQ5HU9hcxJM=
363,357,3A7yRPwXdHENljD22/+qndLjhnI=,XlJhx5QrYSXhX3N6QQ5HU9hcxJM=
358,357,3A7yRPwXdHENljD22/+qndLjhnI=,XlJhx5QrYSXhX3N6QQ5HU9hcxJM=
364,357,3A7yRPwXdHENljD22/+qndLjhnI=,XlJhx5QrYSXhX3N6QQ5HU9hcxJM=
359,357,3A7yRPwXdHENljD22/+qndLjhnI=,XlJhx5QrYSXhX3N6QQ5HU9hcxJM=
357,357,3A7yRPwXdHENljD22/+qndLjhnI=,XlJhx5QrYSXhX3N6QQ5HU9hcxJM=
362,357,3A7yRPwXdHENljD22/+qndLjhnI=,XlJhx5QrYSXhX3N6QQ5HU9hcxJM=
356,357,3A7yRPwXdHENljD22/+qndLjhnI=,XlJhx5QrYSXhX3N6QQ5HU9hcxJM=
365,357,3A7yRPwXdHENljD22/+qndLjhnI=,XlJhx5QrYSXhX3N6QQ5HU9hcxJM=
354,357,3A7yRPwXdHENljD22/+qndLjhnI=,XlJhx5QrYSXhX3N6QQ5HU9hcxJM=
366,357,3A7yRPwXdHENljD22/+qndLjhnI=,XlJhx5QrYSXhX3N6QQ5HU9hcxJM=
361,356,3A7yRPwXdHENljD22/+qndLjhnI=,XlJhx5QrYSXhX3N6QQ5HU9hcxJM=
353,357,3A7yRPwXdHENljD22/+qndLjhnI=,XlJhx5QrYSXhX3N6QQ5HU9hcxJM=
352,357,3A7yRPwXdHENljD22/+qndLjhnI=,XlJhx5QrYSXhX3N6QQ5HU9hcxJM=
364,356,3A7yRPwXdHENljD22/+qndLjhnI=,XlJhx5QrYSXhX3N6QQ5HU9hcxJM=
367,356,3A7yRPwXdHENljD22/+qndLjhnI=,XlJhx5QrYSXhX3N6QQ5HU9hcxJM=
355,354,3A7yRPwXdHENljD22/+qndLjhnI=,XlJhx5QrYSXhX3N6QQ5HU9hcxJM=
355,357,3A7yRPwXdHENljD22/+qndLjhnI=,XlJhx5QrYSXhX3N6QQ5HU9hcxJM=
354,358,3A7yRPwXdHENljD22/+qndLjhnI=,XlJhx5QrYSXhX3N6QQ5HU9hcxJM=
367,357,3A7yRPwXdHENljD22/+qndLjhnI=,XlJhx5QrYSXhX3N6QQ5HU9hcxJM=
352,358,3A7yRPwXdHENljD22/+qndLjhnI=,XlJhx5QrYSXhX3N6QQ5HU9hcxJM=
361,357,3A7yRPwXdHENljD22/+qndLjhnI=,XlJhx5QrYSXhX3N6QQ5HU9hcxJM=
359,352,3A7yRPwXdHENljD22/+qndLjhnI=,XlJhx5QrYSXhX3N6QQ5HU9hcxJM=
366,356,3A7yRPwXdHENljD22/+qndLjhnI=,XlJhx5QrYSXhX3N6QQ5HU9hcxJM=
358,352,3A7yRPwXdHENljD22/+qndLjhnI=,XlJhx5QrYSXhX3N6QQ5HU9hcxJM=
360,357,3A7yRPwXdHENljD22/+qndLjhnI=,XlJhx5QrYSXhX3N6QQ5HU9hcxJM=
365,356,3A7yRPwXdHENljD22/+qndLjhnI=,XlJhx5QrYSXhX3N6QQ5HU9hcxJM=
363,356,3A7yRPwXdHENljD22/+qndLjhnI=,XlJhx5QrYSXhX3N6QQ5HU9hcxJM=
362,356,3A7yRPwXdHENljD22/+qndLjhnI=,XlJhx5QrYSXhX3N6QQ5HU9hcxJM=
367,369,3A7yRPwXdHENljD22/+qndLjhnI=,JVnUT8F4+d8/SwpWQQfLRF3fvt4=
367,383,3A7yRPwXdHENljD22/+qndLjhnI=,JVnUT8F4+d8/SwpWQQfLRF3fvt4=
355,368,3A7yRPwXdHENljD22/+qndLjhnI=,JVnUT8F4+d8/SwpWQQfLRF3fvt4=
364,371,3A7yRPwXdHENljD22/+qndLjhnI=,JVnUT8F4+d8/SwpWQQfLRF3fvt4=
361,370,3A7yRPwXdHENljD22/+qndLjhnI=,JVnUT8F4+d8/SwpWQQfLRF3fvt4=
364,370,3A7yRPwXdHENljD22/+qndLjhnI=,JVnUT8F4+d8/SwpWQQfLRF3fvt4=
365,370,3A7yRPwXdHENljD22/+qndLjhnI=,JVnUT8F4+d8/SwpWQQfLRF3fvt4=
362,370,3A7yRPwXdHENljD22/+qndLjhnI=,JVnUT8F4+d8/SwpWQQfLRF3fvt4=
366,370,3A7yRPwXdHENljD22/+qndLjhnI=,JVnUT8F4+d8/SwpWQQfLRF3fvt4=
360,370,3A7yRPwXdHENljD22/+qndLjhnI=,JVnUT8F4+d8/SwpWQQfLRF3fvt4=
363,370,3A7yRPwXdHENljD22/+qndLjhnI=,JVnUT8F4+d8/SwpWQQfLRF3fvt4=
359,370,3A7yRPwXdHENljD22/+qndLjhnI=,JVnUT8F4+d8/SwpWQQfLRF3fvt4=
357,370,3A7yRPwXdHENljD22/+qndLjhnI=,JVnUT8F4+d8/SwpWQQfLRF3fvt4=
356,368,3A7yRPwXdHENljD22/+qndLjhnI=,JVnUT8F4+d8/SwpWQQfLRF3fvt4=
356,370,3A7yRPwXdHENljD22/+qndLjhnI=,JVnUT8F4+d8/SwpWQQfLRF3fvt4=
358,370,3A7yRPwXdHENljD22/+qndLjhnI=,JVnUT8F4+d8/SwpWQQfLRF3fvt4=
355,370,3A7yRPwXdHENljD22/+qndLjhnI=,JVnUT8F4+d8/SwpWQQfLRF3fvt4=
365,383,3A7yRPwXdHENljD22/+qndLjhnI=,JVnUT8F4+d8/SwpWQQfLRF3fvt4=
354,370,3A7yRPwXdHENljD22/+qndLjhnI=,JVnUT8F4+d8/SwpWQQfLRF3fvt4=
363,383,3A7yRPwXdHENljD22/+qndLjhnI=,JVnUT8F4+d8/SwpWQQfLRF3fvt4=
365,371,3A7yRPwXdHENljD22/+qndLjhnI=,JVnUT8F4+d8/SwpWQQfLRF3fvt4=
364,383,3A7yRPwXdHENljD22/+qndLjhnI=,JVnUT8F4+d8/SwpWQQfLRF3fvt4=
361,383,3A7yRPwXdHENljD22/+qndLjhnI=,JVnUT8F4+d8/SwpWQQfLRF3fvt4=
362,383,3A7yRPwXdHENljD22/+qndLjhnI=,JVnUT8F4+d8/SwpWQQfLRF3fvt4=
366,383,3A7yRPwXdHENljD22/+qndLjhnI=,JVnUT8F4+d8/SwpWQQfLRF3fvt4=
352,370,3A7yRPwXdHENljD22/+qndLjhnI=,JVnUT8F4+d8/SwpWQQfLRF3fvt4=
360,383,3A7yRPwXdHENljD22/+qndLjhnI=,JVnUT8F4+d8/SwpWQQfLRF3fvt4=
363,371,3A7yRPwXdHENljD22/+qndLjhnI=,JVnUT8F4+d8/SwpWQQfLRF3fvt4=
353,370,3A7yRPwXdHENljD22/+qndLjhnI=,JVnUT8F4+d8/SwpWQQfLRF3fvt4=
354,368,3A7yRPwXdHENljD22/+qndLjhnI=,JVnUT8F4+d8/SwpWQQfLRF3fvt4=
367,382,3A7yRPwXdHENljD22/+qndLjhnI=,JVnUT8F4+d8/SwpWQQfLRF3fvt4=
366,371,3A7yRPwXdHENljD22/+qndLjhnI=,JVnUT8F4+d8/SwpWQQfLRF3fvt4=
366,369,3A7yRPwXdHENljD22/+qndLjhnI=,JVnUT8F4+d8/SwpWQQfLRF3fvt4=
362,371,3A7yRPwXdHENljD22/+qndLjhnI=,JVnUT8F4+d8/SwpWQQfLRF3fvt4=
359,383,3A7yRPwXdHENljD22/+qndLjhnI=,JVnUT8F4+d8/SwpWQQfLRF3fvt4=
355,383,3A7yRPwXdHENljD22/+qndLjhnI=,JVnUT8F4+d8/SwpWQQfLRF3fvt4=
357,368,3A7yRPwXdHENljD22/+qndLjhnI=,JVnUT8F4+d8/SwpWQQfLRF3fvt4=
357,383,3A7yRPwXdHENljD22/+qndLjhnI=,JVnUT8F4+d8/SwpWQQfLRF3fvt4=
361,382,3A7yRPwXdHENljD22/+qndLjhnI=,JVnUT8F4+d8/SwpWQQfLRF3fvt4=
358,383,3A7yRPwXdHENljD22/+qndLjhnI=,JVnUT8F4+d8/SwpWQQfLRF3fvt4=
360,382,3A7yRPwXdHENljD22/+qndLjhnI=,JVnUT8F4+d8/SwpWQQfLRF3fvt4=
354,383,3A7yRPwXdHENljD22/+qndLjhnI=,JVnUT8F4+d8/SwpWQQfLRF3fvt4=
366,382,3A7yRPwXdHENljD22/+qndLjhnI=,JVnUT8F4+d8/SwpWQQfLRF3fvt4=
358,382,3A7yRPwXdHENljD22/+qndLjhnI=,JVnUT8F4+d8/SwpWQQfLRF3fvt4=
367,371,3A7yRPwXdHENljD22/+qndLjhnI=,JVnUT8F4+d8/SwpWQQfLRF3fvt4=
356,382,3A7yRPwXdHENljD22/+qndLjhnI=,JVnUT8F4+d8/SwpWQQfLRF3fvt4=
353,369,3A7yRPwXdHENljD22/+qndLjhnI=,JVnUT8F4+d8/SwpWQQfLRF3fvt4=
365,382,3A7yRPwXdHENljD22/+qndLjhnI=,JVnUT8F4+d8/SwpWQQfLRF3fvt4=
356,383,3A7yRPwXdHENljD22/+qndLjhnI=,JVnUT8F4+d8/SwpWQQfLRF3fvt4=
364,382,3A7yRPwXdHENljD22/+qndLjhnI=,JVnUT8F4+d8/SwpWQQfLRF3fvt4=
352,383,3A7yRPwXdHENljD22/+qndLjhnI=,JVnUT8F4+d8/SwpWQQfLRF3fvt4=
362,382,3A7yRPwXdHENljD22/+qndLjhnI=,JVnUT8F4+d8/SwpWQQfLRF3fvt4=
363,382,3A7yRPwXdHENljD22/+qndLjhnI=,JVnUT8F4+d8/SwpWQQfLRF3fvt4=
357,382,3A7yRPwXdHENljD22/+qndLjhnI=,JVnUT8F4+d8/SwpWQQfLRF3fvt4=
359,382,3A7yRPwXdHENljD22/+qndLjhnI=,JVnUT8F4+d8/SwpWQQfLRF3fvt4=
355,382,3A7yRPwXdHENljD22/+qndLjhnI=,JVnUT8F4+d8/SwpWQQfLRF3fvt4=
354,369,3A7yRPwXdHENljD22/+qndLjhnI=,JVnUT8F4+d8/SwpWQQfLRF3fvt4=
366,381,3A7yRPwXdHENljD22/+qndLjhnI=,JVnUT8F4+d8/SwpWQQfLRF3fvt4=
365,381,3A7yRPwXdHENljD22/+qndLjhnI=,JVnUT8F4+d8/SwpWQQfLRF3fvt4=
367,381,3A7yRPwXdHENljD22/+qndLjhnI=,JVnUT8F4+d8/SwpWQQfLRF3fvt4=
353,368,3A7yRPwXdHENljD22/+qndLjhnI=,JVnUT8F4+d8/SwpWQQfLRF3fvt4=
361,381,3A7yRPwXdHENljD22/+qndLjhnI=,JVnUT8F4+d8/SwpWQQfLRF3fvt4=
362,381,3A7yRPwXdHENljD22/+qndLjhnI=,JVnUT8F4+d8/SwpWQQfLRF3fvt4=
359,381,3A7yRPwXdHENljD22/+qndLjhnI=,JVnUT8F4+d8/SwpWQQfLRF3fvt4=
352,369,3A7yRPwXdHENljD22/+qndLjhnI=,JVnUT8F4+d8/SwpWQQfLRF3fvt4=
354,382,3A7yRPwXdHENljD22/+qndLjhnI=,JVnUT8F4+d8/SwpWQQfLRF3fvt4=
357,381,3A7yRPwXdHENljD22/+qndLjhnI=,JVnUT8F4+d8/SwpWQQfLRF3fvt4=
353,383,3A7yRPwXdHENljD22/+qndLjhnI=,JVnUT8F4+d8/SwpWQQfLRF3fvt4=
364,381,3A7yRPwXdHENljD22/+qndLjhnI=,JVnUT8F4+d8/SwpWQQfLRF3fvt4=
363,381,3A7yRPwXdHENljD22/+qndLjhnI=,JVnUT8F4+d8/SwpWQQfLRF3fvt4=
360,381,3A7yRPwXdHENljD22/+qndLjhnI=,JVnUT8F4+d8/SwpWQQfLRF3fvt4=
352,382,3A7yRPwXdHENljD22/+qndLjhnI=,JVnUT8F4+d8/SwpWQQfLRF3fvt4=
361,371,3A7yRPwXdHENljD22/+qndLjhnI=,JVnUT8F4+d8/SwpWQQfLRF3fvt4=
367,380,3A7yRPwXdHENljD22/+qndLjhnI=,JVnUT8F4+d8/SwpWQQfLRF3fvt4=
366,380,3A7yRPwXdHENljD22/+qndLjhnI=,JVnUT8F4+d8/SwpWQQfLRF3fvt4=
365,380,3A7yRPwXdHENljD22/+qndLjhnI=,JVnUT8F4+d8/SwpWQQfLRF3fvt4=
367,368,3A7yRPwXdHENljD22/+qndLjhnI=,JVnUT8F4+d8/SwpWQQfLRF3fvt4=
356,381,3A7yRPwXdHENljD22/+qndLjhnI=,JVnUT8F4+d8/SwpWQQfLRF3fvt4=
358,381,3A7yRPwXdHENljD22/+qndLjhnI=,JVnUT8F4+d8/SwpWQQfLRF3fvt4=
360,371,3A7yRPwXdHENljD22/+qndLjhnI=,JVnUT8F4+d8/SwpWQQfLRF3fvt4=
365,369,3A7yRPwXdHENljD22/+qndLjhnI=,JVnUT8F4+d8/SwpWQQfLRF3fvt4=
361,380,3A7yRPwXdHENljD22/+qndLjhnI=,JVnUT8F4+d8/SwpWQQfLRF3fvt4=
357,380,3A7yRPwXdHENljD22/+qndLjhnI=,JVnUT8F4+d8/SwpWQQfLRF3fvt4=
359,380,3A7yRPwXdHENljD22/+qndLjhnI=,JVnUT8F4+d8/SwpWQQfLRF3fvt4=
360,380,3A7yRPwXdHENljD22/+qndLjhnI=,JVnUT8F4+d8/SwpWQQfLRF3fvt4=
358,380,3A7yRPwXdHENljD22/+qndLjhnI=,JVnUT8F4+d8/SwpWQQfLRF3fvt4=
352,381,3A7yRPwXdHENljD22/+qndLjhnI=,JVnUT8F4+d8/SwpWQQfLRF3fvt4=
364,369,3A7yRPwXdHENljD22/+qndLjhnI=,JVnUT8F4+d8/SwpWQQfLRF3fvt4=
362,380,3A7yRPwXdHENljD22/+qndLjhnI=,JVnUT8F4+d8/SwpWQQfLRF3fvt4=
359,371,3A7yRPwXdHENljD22/+qndLjhnI=,JVnUT8F4+d8/SwpWQQfLRF3fvt4=
354,380,3A7yRPwXdHENljD22/+qndLjhnI=,JVnUT8F4+d8/SwpWQQfLRF3fvt4=
353,380,3A7yRPwXdHENljD22/+qndLjhnI=,JVnUT8F4+d8/SwpWQQfLRF3fvt4=
352,372,3A7yRPwXdHENljD22/+qndLjhnI=,JVnUT8F4+d8/SwpWQQfLRF3fvt4=
353,382,3A7yRPwXdHENljD22/+qndLjhnI=,JVnUT8F4+d8/SwpWQQfLRF3fvt4=
364,380,3A7yRPwXdHENljD22/+qndLjhnI=,JVnUT8F4+d8/SwpWQQfLRF3fvt4=
363,380,3A7yRPwXdHENljD22/+qndLjhnI=,JVnUT8F4+d8/SwpWQQfLRF3fvt4=
355,380,3A7yRPwXdHENljD22/+qndLjhnI=,JVnUT8F4+d8/SwpWQQfLRF3fvt4=
353,381,3A7yRPwXdHENljD22/+qndLjhnI=,JVnUT8F4+d8/SwpWQQfLRF3fvt4=
366,368,3A7yRPwXdHENljD22/+qndLjhnI=,JVnUT8F4+d8/SwpWQQfLRF3fvt4=
356,380,3A7yRPwXdHENljD22/+qndLjhnI=,JVnUT8F4+d8/SwpWQQfLRF3fvt4=
364,379,3A7yRPwXdHENljD22/+qndLjhnI=,JVnUT8F4+d8/SwpWQQfLRF3fvt4=
353,372,3A7yRPwXdHENljD22/+qndLjhnI=,JVnUT8F4+d8/SwpWQQfLRF3fvt4=
355,381,3A7yRPwXdHENljD22/+qndLjhnI=,JVnUT8F4+d8/SwpWQQfLRF3fvt4=
362,379,3A7yRPwXdHENljD22/+qndLjhnI=,JVnUT8F4+d8/SwpWQQfLRF3fvt4=
359,379,3A7yRPwXdHENljD22/+qndLjhnI=,JVnUT8F4+d8/SwpWQQfLRF3fvt4=
367,379,3A7yRPwXdHENljD22/+qndLjhnI=,JVnUT8F4+d8/SwpWQQfLRF3fvt4=
354,381,3A7yRPwXdHENljD22/+qndLjhnI=,JVnUT8F4+d8/SwpWQQfLRF3fvt4=
363,369,3A7yRPwXdHENljD22/+qndLjhnI=,JVnUT8F4+d8/SwpWQQfLRF3fvt4=
352,380,3A7yRPwXdHENljD22/+qndLjhnI=,JVnUT8F4+d8/SwpWQQfLRF3fvt4=
357,379,3A7yRPwXdHENljD22/+qndLjhnI=,JVnUT8F4+d8/SwpWQQfLRF3fvt4=
354,372,3A7yRPwXdHENljD22/+qndLjhnI=,JVnUT8F4+d8/SwpWQQfLRF3fvt4=
360,379,3A7yRPwXdHENljD22/+qndLjhnI=,JVnUT8F4+d8/SwpWQQfLRF3fvt4=
365,379,3A7yRPwXdHENljD22/+qndLjhnI=,JVnUT8F4+d8/SwpWQQfLRF3fvt4=
365,368,3A7yRPwXdHENljD22/+qndLjhnI=,JVnUT8F4+d8/SwpWQQfLRF3fvt4=
366,379,3A7yRPwXdHENljD22/+qndLjhnI=,JVnUT8F4+d8/SwpWQQfLRF3fvt4=
363,379,3A7yRPwXdHENljD22/+qndLjhnI=,JVnUT8F4+d8/SwpWQQfLRF3fvt4=
358,379,3A7yRPwXdHENljD22/+qndLjhnI=,JVnUT8F4+d8/SwpWQQfLRF3fvt4=
358,371,3A7yRPwXdHENljD22/+qndLjhnI=,JVnUT8F4+d8/SwpWQQfLRF3fvt4=
361,379,3A7yRPwXdHENljD22/+qndLjhnI=,JVnUT8F4+d8/SwpWQQfLRF3fvt4=
354,379,3A7yRPwXdHENljD22/+qndLjhnI=,JVnUT8F4+d8/SwpWQQfLRF3fvt4=
353,379,3A7yRPwXdHENljD22/+qndLjhnI=,JVnUT8F4+d8/SwpWQQfLRF3fvt4=
367,378,3A7yRPwXdHENljD22/+qndLjhnI=,JVnUT8F4+d8/SwpWQQfLRF3fvt4=
352,379,3A7yRPwXdHENljD22/+qndLjhnI=,JVnUT8F4+d8/SwpWQQfLRF3fvt4=
355,379,3A7yRPwXdHENljD22/+qndLjhnI=,JVnUT8F4+d8/SwpWQQfLRF3fvt4=
361,378,3A7yRPwXdHENljD22/+qndLjhnI=,JVnUT8F4+d8/SwpWQQfLRF3fvt4=
362,378,3A7yRPwXdHENljD22/+qndLjhnI=,JVnUT8F4+d8/SwpWQQfLRF3fvt4=
366,378,3A7yRPwXdHENljD22/+qndLjhnI=,JVnUT8F4+d8/SwpWQQfLRF3fvt4=
359,378,3A7yRPwXdHENljD22/+qndLjhnI=,JVnUT8F4+d8/SwpWQQfLRF3fvt4=
360,378,3A7yRPwXdHENljD22/+qndLjhnI=,JVnUT8F4+d8/SwpWQQfLRF3fvt4=
365,378,3A7yRPwXdHENljD22/+qndLjhnI=,JVnUT8F4+d8/SwpWQQfLRF3fvt4=
362,369,3A7yRPwXdHENljD22/+qndLjhnI=,JVnUT8F4+d8/SwpWQQfLRF3fvt4=
364,368,3A7yRPwXdHENljD22/+qndLjhnI=,JVnUT8F4+d8/SwpWQQfLRF3fvt4=
356,378,3A7yRPwXdHENljD22/+qndLjhnI=,JVnUT8F4+d8/SwpWQQfLRF3fvt4=
357,371,3A7yRPwXdHENljD22/+qndLjhnI=,JVnUT8F4+d8/SwpWQQfLRF3fvt4=
355,378,3A7yRPwXdHENljD22/+qndLjhnI=,JVnUT8F4+d8/SwpWQQfLRF3fvt4=
358,378,3A7yRPwXdHENljD22/+qndLjhnI=,JVnUT8F4+d8/SwpWQQfLRF3fvt4=
357,378,3A7yRPwXdHENljD22/+qndLjhnI=,JVnUT8F4+d8/SwpWQQfLRF3fvt4=
355,372,3A7yRPwXdHENljD22/+qndLjhnI=,JVnUT8F4+d8/SwpWQQfLRF3fvt4=
354,378,3A7yRPwXdHENljD22/+qndLjhnI=,JVnUT8F4+d8/SwpWQQfLRF3fvt4=
352,378,3A7yRPwXdHENljD22/+qndLjhnI=,JVnUT8F4+d8/SwpWQQfLRF3fvt4=
361,369,3A7yRPwXdHENljD22/+qndLjhnI=,JVnUT8F4+d8/SwpWQQfLRF3fvt4=
367,377,3A7yRPwXdHENljD22/+qndLjhnI=,JVnUT8F4+d8/SwpWQQfLRF3fvt4=
366,377,3A7yRPwXdHENljD22/+qndLjhnI=,JVnUT8F4+d8/SwpWQQfLRF3fvt4=
353,378,3A7yRPwXdHENljD22/+qndLjhnI=,JVnUT8F4+d8/SwpWQQfLRF3fvt4=
363,377,3A7yRPwXdHENljD22/+qndLjhnI=,JVnUT8F4+d8/SwpWQQfLRF3fvt4=
356,372,3A7yRPwXdHENljD22/+qndLjhnI=,JVnUT8F4+d8/SwpWQQfLRF3fvt4=
362,377,3A7yRPwXdHENljD22/+qndLjhnI=,JVnUT8F4+d8/SwpWQQfLRF3fvt4=
361,377,3A7yRPwXdHENljD22/+qndLjhnI=,JVnUT8F4+d8/SwpWQQfLRF3fvt4=
364,377,3A7yRPwXdHENljD22/+qndLjhnI=,JVnUT8F4+d8/SwpWQQfLRF3fvt4=
360,377,3A7yRPwXdHENljD22/+qndLjhnI=,JVnUT8F4+d8/SwpWQQfLRF3fvt4=
356,371,3A7yRPwXdHENljD22/+qndLjhnI=,JVnUT8F4+d8/SwpWQQfLRF3fvt4=
357,372,3A7yRPwXdHENljD22/+qndLjhnI=,JVnUT8F4+d8/SwpWQQfLRF3fvt4=
358,377,3A7yRPwXdHENljD22/+qndLjhnI=,JVnUT8F4+d8/SwpWQQfLRF3fvt4=
353,377,3A7yRPwXdHENljD22/+qndLjhnI=,JVnUT8F4+d8/SwpWQQfLRF3fvt4=
363,368,3A7yRPwXdHENljD22/+qndLjhnI=,JVnUT8F4+d8/SwpWQQfLRF3fvt4=
356,377,3A7yRPwXdHENljD22/+qndLjhnI=,JVnUT8F4+d8/SwpWQQfLRF3fvt4=
365,377,3A7yRPwXdHENljD22/+qndLjhnI=,JVnUT8F4+d8/SwpWQQfLRF3fvt4=
356,379,3A7yRPwXdHENljD22/+qndLjhnI=,JVnUT8F4+d8/SwpWQQfLRF3fvt4=
355,377,3A7yRPwXdHENljD22/+qndLjhnI=,JVnUT8F4+d8/SwpWQQfLRF3fvt4=
363,378,3A7yRPwXdHENljD22/+qndLjhnI=,JVnUT8F4+d8/SwpWQQfLRF3fvt4=
354,377,3A7yRPwXdHENljD22/+qndLjhnI=,JVnUT8F4+d8/SwpWQQfLRF3fvt4=
364,378,3A7yRPwXdHENljD22/+qndLjhnI=,JVnUT8F4+d8/SwpWQQfLRF3fvt4=
360,369,3A7yRPwXdHENljD22/+qndLjhnI=,JVnUT8F4+d8/SwpWQQfLRF3fvt4=
359,377,3A7yRPwXdHENljD22/+qndLjhnI=,JVnUT8F4+d8/SwpWQQfLRF3fvt4=
363,376,3A7yRPwXdHENljD22/+qndLjhnI=,JVnUT8F4+d8/SwpWQQfLRF3fvt4=
364,376,3A7yRPwXdHENljD22/+qndLjhnI=,JVnUT8F4+d8/SwpWQQfLRF3fvt4=
358,372,3A7yRPwXdHENljD22/+qndLjhnI=,JVnUT8F4+d8/SwpWQQfLRF3fvt4=
362,376,3A7yRPwXdHENljD22/+qndLjhnI=,JVnUT8F4+d8/SwpWQQfLRF3fvt4=
356,376,3A7yRPwXdHENljD22/+qndLjhnI=,JVnUT8F4+d8/SwpWQQfLRF3fvt4=
354,376,3A7yRPwXdHENljD22/+qndLjhnI=,JVnUT8F4+d8/SwpWQQfLRF3fvt4=
367,376,3A7yRPwXdHENljD22/+qndLjhnI=,JVnUT8F4+d8/SwpWQQfLRF3fvt4=
355,371,3A7yRPwXdHENljD22/+qndLjhnI=,JVnUT8F4+d8/SwpWQQfLRF3fvt4=
358,376,3A7yRPwXdHENljD22/+qndLjhnI=,JVnUT8F4+d8/SwpWQQfLRF3fvt4=
361,376,3A7yRPwXdHENljD22/+qndLjhnI=,JVnUT8F4+d8/SwpWQQfLRF3fvt4=
359,372,3A7yRPwXdHENljD22/+qndLjhnI=,JVnUT8F4+d8/SwpWQQfLRF3fvt4=
365,376,3A7yRPwXdHENljD22/+qndLjhnI=,JVnUT8F4+d8/SwpWQQfLRF3fvt4=
353,376,3A7yRPwXdHENljD22/+qndLjhnI=,JVnUT8F4+d8/SwpWQQfLRF3fvt4=
357,377,3A7yRPwXdHENljD22/+qndLjhnI=,JVnUT8F4+d8/SwpWQQfLRF3fvt4=
352,376,3A7yRPwXdHENljD22/+qndLjhnI=,JVnUT8F4+d8/SwpWQQfLRF3fvt4=
367,375,3A7yRPwXdHENljD22/+qndLjhnI=,JVnUT8F4+d8/SwpWQQfLRF3fvt4=
366,376,3A7yRPwXdHENljD22/+qndLjhnI=,JVnUT8F4+d8/SwpWQQfLRF3fvt4=
352,377,3A7yRPwXdHENljD22/+qndLjhnI=,JVnUT8F4+d8/SwpWQQfLRF3fvt4=
359,375,3A7yRPwXdHENljD22/+qndLjhnI=,JVnUT8F4+d8/SwpWQQfLRF3fvt4=
364,375,3A7yRPwXdHENljD22/+qndLjhnI=,JVnUT8F4+d8/SwpWQQfLRF3fvt4=
354,371,3A7yRPwXdHENljD22/+qndLjhnI=,JVnUT8F4+d8/SwpWQQfLRF3fvt4=
357,376,3A7yRPwXdHENljD22/+qndLjhnI=,JVnUT8F4+d8/SwpWQQfLRF3fvt4=
359,376,3A7yRPwXdHENljD22/+qndLjhnI=,JVnUT8F4+d8/SwpWQQfLRF3fvt4=
360,376,3A7yRPwXdHENljD22/+qndLjhnI=,JVnUT8F4+d8/SwpWQQfLRF3fvt4=
362,368,3A7yRPwXdHENljD22/+qndLjhnI=,JVnUT8F4+d8/SwpWQQfLRF3fvt4=
361,375,3A7yRPwXdHENljD22/+qndLjhnI=,JVnUT8F4+d8/SwpWQQfLRF3fvt4=
366,375,3A7yRPwXdHENljD22/+qndLjhnI=,JVnUT8F4+d8/SwpWQQfLRF3fvt4=
355,376,3A7yRPwXdHENljD22/+qndLjhnI=,JVnUT8F4+d8/SwpWQQfLRF3fvt4=
360,372,3A7yRPwXdHENljD22/+qndLjhnI=,JVnUT8F4+d8/SwpWQQfLRF3fvt4=
359,369,3A7yRPwXdHENljD22/+qndLjhnI=,JVnUT8F4+d8/SwpWQQfLRF3fvt4=
365,375,3A7yRPwXdHENljD22/+qndLjhnI=,JVnUT8F4+d8/SwpWQQfLRF3fvt4=
361,368,3A7yRPwXdHENljD22/+qndLjhnI=,JVnUT8F4+d8/SwpWQQfLRF3fvt4=
360,375,3A7yRPwXdHENljD22/+qndLjhnI=,JVnUT8F4+d8/SwpWQQfLRF3fvt4=
362,375,3A7yRPwXdHENljD22/+qndLjhnI=,JVnUT8F4+d8/SwpWQQfLRF3fvt4=
352,375,3A7yRPwXdHENljD22/+qndLjhnI=,JVnUT8F4+d8/SwpWQQfLRF3fvt4=
361,372,3A7yRPwXdHENljD22/+qndLjhnI=,JVnUT8F4+d8/SwpWQQfLRF3fvt4=
358,375,3A7yRPwXdHENljD22/+qndLjhnI=,JVnUT8F4+d8/SwpWQQfLRF3fvt4=
365,374,3A7yRPwXdHENljD22/+qndLjhnI=,JVnUT8F4+d8/SwpWQQfLRF3fvt4=
363,375,3A7yRPwXdHENljD22/+qndLjhnI=,JVnUT8F4+d8/SwpWQQfLRF3fvt4=
357,375,3A7yRPwXdHENljD22/+qndLjhnI=,JVnUT8F4+d8/SwpWQQfLRF3fvt4=
364,374,3A7yRPwXdHENljD22/+qndLjhnI=,JVnUT8F4+d8/SwpWQQfLRF3fvt4=
355,375,3A7yRPwXdHENljD22/+qndLjhnI=,JVnUT8F4+d8/SwpWQQfLRF3fvt4=
356,375,3A7yRPwXdHENljD22/+qndLjhnI=,JVnUT8F4+d8/SwpWQQfLRF3fvt4=
362,372,3A7yRPwXdHENljD22/+qndLjhnI=,JVnUT8F4+d8/SwpWQQfLRF3fvt4=
359,374,3A7yRPwXdHENljD22/+qndLjhnI=,JVnUT8F4+d8/SwpWQQfLRF3fvt4=
358,369,3A7yRPwXdHENljD22/+qndLjhnI=,JVnUT8F4+d8/SwpWQQfLRF3fvt4=
353,375,3A7yRPwXdHENljD22/+qndLjhnI=,JVnUT8F4+d8/SwpWQQfLRF3fvt4=
366,374,3A7yRPwXdHENljD22/+qndLjhnI=,JVnUT8F4+d8/SwpWQQfLRF3fvt4=
362,374,3A7yRPwXdHENljD22/+qndLjhnI=,JVnUT8F4+d8/SwpWQQfLRF3fvt4=
363,374,3A7yRPwXdHENljD22/+qndLjhnI=,JVnUT8F4+d8/SwpWQQfLRF3fvt4=
367,374,3A7yRPwXdHENljD22/+qndLjhnI=,JVnUT8F4+d8/SwpWQQfLRF3fvt4=
354,375,3A7yRPwXdHENljD22/+qndLjhnI=,JVnUT8F4+d8/SwpWQQfLRF3fvt4=
355,374,3A7yRPwXdHENljD22/+qndLjhnI=,JVnUT8F4+d8/SwpWQQfLRF3fvt4=
360,368,3A7yRPwXdHENljD22/+qndLjhnI=,JVnUT8F4+d8/SwpWQQfLRF3fvt4=
354,374,3A7yRPwXdHENljD22/+qndLjhnI=,JVnUT8F4+d8/SwpWQQfLRF3fvt4=
353,374,3A7yRPwXdHENljD22/+qndLjhnI=,JVnUT8F4+d8/SwpWQQfLRF3fvt4=
367,370,3A7yRPwXdHENljD22/+qndLjhnI=,JVnUT8F4+d8/SwpWQQfLRF3fvt4=
352,374,3A7yRPwXdHENljD22/+qndLjhnI=,JVnUT8F4+d8/SwpWQQfLRF3fvt4=
358,374,3A7yRPwXdHENljD22/+qndLjhnI=,JVnUT8F4+d8/SwpWQQfLRF3fvt4=
353,371,3A7yRPwXdHENljD22/+qndLjhnI=,JVnUT8F4+d8/SwpWQQfLRF3fvt4=
361,374,3A7yRPwXdHENljD22/+qndLjhnI=,JVnUT8F4+d8/SwpWQQfLRF3fvt4=
357,374,3A7yRPwXdHENljD22/+qndLjhnI=,JVnUT8F4+d8/SwpWQQfLRF3fvt4=
356,374,3A7yRPwXdHENljD22/+qndLjhnI=,JVnUT8F4+d8/SwpWQQfLRF3fvt4=
365,373,3A7yRPwXdHENljD22/+qndLjhnI=,JVnUT8F4+d8/SwpWQQfLRF3fvt4=
363,373,3A7yRPwXdHENljD22/+qndLjhnI=,JVnUT8F4+d8/SwpWQQfLRF3fvt4=
359,368,3A7yRPwXdHENljD22/+qndLjhnI=,JVnUT8F4+d8/SwpWQQfLRF3fvt4=
363,372,3A7yRPwXdHENljD22/+qndLjhnI=,JVnUT8F4+d8/SwpWQQfLRF3fvt4=
352,371,3A7yRPwXdHENljD22/+qndLjhnI=,JVnUT8F4+d8/SwpWQQfLRF3fvt4=
357,369,3A7yRPwXdHENljD22/+qndLjhnI=,JVnUT8F4+d8/SwpWQQfLRF3fvt4=
356,369,3A7yRPwXdHENljD22/+qndLjhnI=,JVnUT8F4+d8/SwpWQQfLRF3fvt4=
367,373,3A7yRPwXdHENljD22/+qndLjhnI=,JVnUT8F4+d8/SwpWQQfLRF3fvt4=
357,373,3A7yRPwXdHENljD22/+qndLjhnI=,JVnUT8F4+d8/SwpWQQfLRF3fvt4=
358,373,3A7yRPwXdHENljD22/+qndLjhnI=,JVnUT8F4+d8/SwpWQQfLRF3fvt4=
362,373,3A7yRPwXdHENljD22/+qndLjhnI=,JVnUT8F4+d8/SwpWQQfLRF3fvt4=
358,368,3A7yRPwXdHENljD22/+qndLjhnI=,JVnUT8F4+d8/SwpWQQfLRF3fvt4=
354,373,3A7yRPwXdHENljD22/+qndLjhnI=,JVnUT8F4+d8/SwpWQQfLRF3fvt4=
355,369,3A7yRPwXdHENljD22/+qndLjhnI=,JVnUT8F4+d8/SwpWQQfLRF3fvt4=
360,373,3A7yRPwXdHENljD22/+qndLjhnI=,JVnUT8F4+d8/SwpWQQfLRF3fvt4=
360,374,3A7yRPwXdHENljD22/+qndLjhnI=,JVnUT8F4+d8/SwpWQQfLRF3fvt4=
361,373,3A7yRPwXdHENljD22/+qndLjhnI=,JVnUT8F4+d8/SwpWQQfLRF3fvt4=
366,373,3A7yRPwXdHENljD22/+qndLjhnI=,JVnUT8F4+d8/SwpWQQfLRF3fvt4=
356,373,3A7yRPwXdHENljD22/+qndLjhnI=,JVnUT8F4+d8/SwpWQQfLRF3fvt4=
355,373,3A7yRPwXdHENljD22/+qndLjhnI=,JVnUT8F4+d8/SwpWQQfLRF3fvt4=
359,373,3A7yRPwXdHENljD22/+qndLjhnI=,JVnUT8F4+d8/SwpWQQfLRF3fvt4=
352,373,3A7yRPwXdHENljD22/+qndLjhnI=,JVnUT8F4+d8/SwpWQQfLRF3fvt4=
353,373,3A7yRPwXdHENljD22/+qndLjhnI=,JVnUT8F4+d8/SwpWQQfLRF3fvt4=
364,373,3A7yRPwXdHENljD22/+qndLjhnI=,JVnUT8F4+d8/SwpWQQfLRF3fvt4=
366,372,3A7yRPwXdHENljD22/+qndLjhnI=,JVnUT8F4+d8/SwpWQQfLRF3fvt4=
352,368,3A7yRPwXdHENljD22/+qndLjhnI=,JVnUT8F4+d8/SwpWQQfLRF3fvt4=
367,372,3A7yRPwXdHENljD22/+qndLjhnI=,JVnUT8F4+d8/SwpWQQfLRF3fvt4=
364,372,3A7yRPwXdHENljD22/+qndLjhnI=,JVnUT8F4+d8/SwpWQQfLRF3fvt4=
365,372,3A7yRPwXdHENljD22/+qndLjhnI=,JVnUT8F4+d8/SwpWQQfLRF3fvt4=
383,369,3A7yRPwXdHENljD22/+qndLjhnI=,4XO3c8yJIONcY6VGiTlHTwrHk2w=
371,368,3A7yRPwXdHENljD22/+qndLjhnI=,4XO3c8yJIONcY6VGiTlHTwrHk2w=
380,371,3A7yRPwXdHENljD22/+qndLjhnI=,4XO3c8yJIONcY6VGiTlHTwrHk2w=
381,370,3A7yRPwXdHENljD22/+qndLjhnI=,4XO3c8yJIONcY6VGiTlHTwrHk2w=
375,370,3A7yRPwXdHENljD22/+qndLjhnI=,4XO3c8yJIONcY6VGiTlHTwrHk2w=
374,370,3A7yRPwXdHENljD22/+qndLjhnI=,4XO3c8yJIONcY6VGiTlHTwrHk2w=
382,370,3A7yRPwXdHENljD22/+qndLjhnI=,4XO3c8yJIONcY6VGiTlHTwrHk2w=
373,370,3A7yRPwXdHENljD22/+qndLjhnI=,4XO3c8yJIONcY6VGiTlHTwrHk2w=
377,370,3A7yRPwXdHENljD22/+qndLjhnI=,4XO3c8yJIONcY6VGiTlHTwrHk2w=
380,370,3A7yRPwXdHENljD22/+qndLjhnI=,4XO3c8yJIONcY6VGiTlHTwrHk2w=
370,370,3A7yRPwXdHENljD22/+qndLjhnI=,4XO3c8yJIONcY6VGiTlHTwrHk2w=
372,368,3A7yRPwXdHENljD22/+qndLjhnI=,4XO3c8yJIONcY6VGiTlHTwrHk2w=
371,370,3A7yRPwXdHENljD22/+qndLjhnI=,4XO3c8yJIONcY6VGiTlHTwrHk2w=
383,383,3A7yRPwXdHENljD22/+qndLjhnI=,4XO3c8yJIONcY6VGiTlHTwrHk2w=
372,370,3A7yRPwXdHENljD22/+qndLjhnI=,4XO3c8yJIONcY6VGiTlHTwrHk2w=
369,370,3A7yRPwXdHENljD22/+qndLjhnI=,4XO3c8yJIONcY6VGiTlHTwrHk2w=
368,370,3A7yRPwXdHENljD22/+qndLjhnI=,4XO3c8yJIONcY6VGiTlHTwrHk2w=
381,371,3A7yRPwXdHENljD22/+qndLjhnI=,4XO3c8yJIONcY6VGiTlHTwrHk2w=
376,370,3A7yRPwXdHENljD22/+qndLjhnI=,4XO3c8yJIONcY6VGiTlHTwrHk2w=
381,383,3A7yRPwXdHENljD22/+qndLjhnI=,4XO3c8yJIONcY6VGiTlHTwrHk2w=
378,370,3A7yRPwXdHENljD22/+qndLjhnI=,4XO3c8yJIONcY6VGiTlHTwrHk2w=
379,370,3A7yRPwXdHENljD22/+qndLjhnI=,4XO3c8yJIONcY6VGiTlHTwrHk2w=
382,383,3A7yRPwXdHENljD22/+qndLjhnI=,4XO3c8yJIONcY6VGiTlHTwrHk2w=
379,371,3A7yRPwXdHENljD22/+qndLjhnI=,4XO3c8yJIONcY6VGiTlHTwrHk2w=
382,371,3A7yRPwXdHENljD22/+qndLjhnI=,4XO3c8yJIONcY6VGiTlHTwrHk2w=
379,383,3A7yRPwXdHENljD22/+qndLjhnI=,4XO3c8yJIONcY6VGiTlHTwrHk2w=
380,383,3A7yRPwXdHENljD22/+qndLjhnI=,4XO3c8yJIONcY6VGiTlHTwrHk2w=
376,383,3A7yRPwXdHENljD22/+qndLjhnI=,4XO3c8yJIONcY6VGiTlHTwrHk2w=
375,383,3A7yRPwXdHENljD22/+qndLjhnI=,4XO3c8yJIONcY6VGiTlHTwrHk2w=
371,383,3A7yRPwXdHENljD22/+qndLjhnI=,4XO3c8yJIONcY6VGiTlHTwrHk2w=
378,383,3A7yRPwXdHENljD22/+qndLjhnI=,4XO3c8yJIONcY6VGiTlHTwrHk2w=
370,383,3A7yRPwXdHENljD22/+qndLjhnI=,4XO3c8yJIONcY6VGiTlHTwrHk2w=
373,383,3A7yRPwXdHENljD22/+qndLjhnI=,4XO3c8yJIONcY6VGiTlHTwrHk2w=
370,368,3A7yRPwXdHENljD22/+qndLjhnI=,4XO3c8yJIONcY6VGiTlHTwrHk2w=
372,383,3A7yRPwXdHENljD22/+qndLjhnI=,4XO3c8yJIONcY6VGiTlHTwrHk2w=
373,368,3A7yRPwXdHENljD22/+qndLjhnI=,4XO3c8yJIONcY6VGiTlHTwrHk2w=
382,369,3A7yRPwXdHENljD22/+qndLjhnI=,4XO3c8yJIONcY6VGiTlHTwrHk2w=
383,382,3A7yRPwXdHENljD22/+qndLjhnI=,4XO3c8yJIONcY6VGiTlHTwrHk2w=
377,383,3A7yRPwXdHENljD22/+qndLjhnI=,4XO3c8yJIONcY6VGiTlHTwrHk2w=
369,383,3A7yRPwXdHENljD22/+qndLjhnI=,4XO3c8yJIONcY6VGiTlHTwrHk2w=
383,371,3A7yRPwXdHENljD22/+qndLjhnI=,4XO3c8yJIONcY6VGiTlHTwrHk2w=
381,382,3A7yRPwXdHENljD22/+qndLjhnI=,4XO3c8yJIONcY6VGiTlHTwrHk2w=
382,382,3A7yRPwXdHENljD22/+qndLjhnI=,4XO3c8yJIONcY6VGiTlHTwrHk2w=
379,382,3A7yRPwXdHENljD22/+qndLjhnI=,4XO3c8yJIONcY6VGiTlHTwrHk2w=
374,383,3A7yRPwXdHENljD22/+qndLjhnI=,4XO3c8yJIONcY6VGiTlHTwrHk2w=
368,383,3A7yRPwXdHENljD22/+qndLjhnI=,4XO3c8yJIONcY6VGiTlHTwrHk2w=
380,382,3A7yRPwXdHENljD22/+qndLjhnI=,4XO3c8yJIONcY6VGiTlHTwrHk2w=
378,382,3A7yRPwXdHENljD22/+qndLjhnI=,4XO3c8yJIONcY6VGiTlHTwrHk2w=
370,369,3A7yRPwXdHENljD22/+qndLjhnI=,4XO3c8yJIONcY6VGiTlHTwrHk2w=
376,382,3A7yRPwXdHENljD22/+qndLjhnI=,4XO3c8yJIONcY6VGiTlHTwrHk2w=
375,382,3A7yRPwXdHENljD22/+qndLjhnI=,4XO3c8yJIONcY6VGiTlHTwrHk2w=
368,372,3A7yRPwXdHENljD22/+qndLjhnI=,4XO3c8yJIONcY6VGiTlHTwrHk2w=
370,382,3A7yRPwXdHENljD22/+qndLjhnI=,4XO3c8yJIONcY6VGiTlHTwrHk2w=
378,371,3A7yRPwXdHENljD22/+qndLjhnI=,4XO3c8yJIONcY6VGiTlHTwrHk2w=
368,369,3A7yRPwXdHENljD22/+qndLjhnI=,4XO3c8yJIONcY6VGiTlHTwrHk2w=
369,369,3A7yRPwXdHENljD22/+qndLjhnI=,4XO3c8yJIONcY6VGiTlHTwrHk2w=
369,372,3A7yRPwXdHENljD22/+qndLjhnI=,4XO3c8yJIONcY6VGiTlHTwrHk2w=
371,382,3A7yRPwXdHENljD22/+qndLjhnI=,4XO3c8yJIONcY6VGiTlHTwrHk2w=
369,382,3A7yRPwXdHENljD22/+qndLjhnI=,4XO3c8yJIONcY6VGiTlHTwrHk2w=
372,382,3A7yRPwXdHENljD22/+qndLjhnI=,4XO3c8yJIONcY6VGiTlHTwrHk2w=
369,368,3A7yRPwXdHENljD22/+qndLjhnI=,4XO3c8yJIONcY6VGiTlHTwrHk2w=
370,372,3A7yRPwXdHENljD22/+qndLjhnI=,4XO3c8yJIONcY6VGiTlHTwrHk2w=
368,382,3A7yRPwXdHENljD22/+qndLjhnI=,4XO3c8yJIONcY6VGiTlHTwrHk2w=
371,372,3A7yRPwXdHENljD22/+qndLjhnI=,4XO3c8yJIONcY6VGiTlHTwrHk2w=
379,381,3A7yRPwXdHENljD22/+qndLjhnI=,4XO3c8yJIONcY6VGiTlHTwrHk2w=
377,382,3A7yRPwXdHENljD22/+qndLjhnI=,4XO3c8yJIONcY6VGiTlHTwrHk2w=
382,381,3A7yRPwXdHENljD22/+qndLjhnI=,4XO3c8yJIONcY6VGiTlHTwrHk2w=
380,381,3A7yRPwXdHENljD22/+qndLjhnI=,4XO3c8yJIONcY6VGiTlHTwrHk2w=
383,381,3A7yRPwXdHENljD22/+qndLjhnI=,4XO3c8yJIONcY6VGiTlHTwrHk2w=
373,382,3A7yRPwXdHENljD22/+qndLjhnI=,4XO3c8yJIONcY6VGiTlHTwrHk2w=
378,381,3A7yRPwXdHENljD22/+qndLjhnI=,4XO3c8yJIONcY6VGiTlHTwrHk2w=
381,381,3A7yRPwXdHENljD22/+qndLjhnI=,4XO3c8yJIONcY6VGiTlHTwrHk2w=
372,372,3A7yRPwXdHENljD22/+qndLjhnI=,4XO3c8yJIONcY6VGiTlHTwrHk2w=
377,371,3A7yRPwXdHENljD22/+qndLjhnI=,4XO3c8yJIONcY6VGiTlHTwrHk2w=
377,381,3A7yRPwXdHENljD22/+qndLjhnI=,4XO3c8yJIONcY6VGiTlHTwrHk2w=
376,381,3A7yRPwXdHENljD22/+qndLjhnI=,4XO3c8yJIONcY6VGiTlHTwrHk2w=
373,372,3A7yRPwXdHENljD22/+qndLjhnI=,4XO3c8yJIONcY6VGiTlHTwrHk2w=
383,368,3A7yRPwXdHENljD22/+qndLjhnI=,4XO3c8yJIONcY6VGiTlHTwrHk2w=
381,369,3A7yRPwXdHENljD22/+qndLjhnI=,4XO3c8yJIONcY6VGiTlHTwrHk2w=
371,381,3A7yRPwXdHENljD22/+qndLjhnI=,4XO3c8yJIONcY6VGiTlHTwrHk2w=
374,372,3A7yRPwXdHENljD22/+qndLjhnI=,4XO3c8yJIONcY6VGiTlHTwrHk2w=
374,382,3A7yRPwXdHENljD22/+qndLjhnI=,4XO3c8yJIONcY6VGiTlHTwrHk2w=
370,381,3A7yRPwXdHENljD22/+qndLjhnI=,4XO3c8yJIONcY6VGiTlHTwrHk2w=
376,371,3A7yRPwXdHENljD22/+qndLjhnI=,4XO3c8yJIONcY6VGiTlHTwrHk2w=
375,381,3A7yRPwXdHENljD22/+qndLjhnI=,4XO3c8yJIONcY6VGiTlHTwrHk2w=
372,381,3A7yRPwXdHENljD22/+qndLjhnI=,4XO3c8yJIONcY6VGiTlHTwrHk2w=
373,381,3A7yRPwXdHENljD22/+qndLjhnI=,4XO3c8yJIONcY6VGiTlHTwrHk2w=
368,381,3A7yRPwXdHENljD22/+qndLjhnI=,4XO3c8yJIONcY6VGiTlHTwrHk2w=
383,380,3A7yRPwXdHENljD22/+qndLjhnI=,4XO3c8yJIONcY6VGiTlHTwrHk2w=
375,372,3A7yRPwXdHENljD22/+qndLjhnI=,4XO3c8yJIONcY6VGiTlHTwrHk2w=
382,380,3A7yRPwXdHENljD22/+qndLjhnI=,4XO3c8yJIONcY6VGiTlHTwrHk2w=
380,380,3A7yRPwXdHENljD22/+qndLjhnI=,4XO3c8yJIONcY6VGiTlHTwrHk2w=
369,381,3A7yRPwXdHENljD22/+qndLjhnI=,4XO3c8yJIONcY6VGiTlHTwrHk2w=
374,381,3A7yRPwXdHENljD22/+qndLjhnI=,4XO3c8yJIONcY6VGiTlHTwrHk2w=
381,380,3A7yRPwXdHENljD22/+qndLjhnI=,4XO3c8yJIONcY6VGiTlHTwrHk2w=
379,380,3A7yRPwXdHENljD22/+qndLjhnI=,4XO3c8yJIONcY6VGiTlHTwrHk2w=
380,369,3A7yRPwXdHENljD22/+qndLjhnI=,4XO3c8yJIONcY6VGiTlHTwrHk2w=
376,380,3A7yRPwXdHENljD22/+qndLjhnI=,4XO3c8yJIONcY6VGiTlHTwrHk2w=
382,368,3A7yRPwXdHENljD22/+qndLjhnI=,4XO3c8yJIONcY6VGiTlHTwrHk2w=
377,372,3A7yRPwXdHENljD22/+qndLjhnI=,4XO3c8yJIONcY6VGiTlHTwrHk2w=
371,380,3A7yRPwXdHENljD22/+qndLjhnI=,4XO3c8yJIONcY6VGiTlHTwrHk2w=
375,380,3A7yRPwXdHENljD22/+qndLjhnI=,4XO3c8yJIONcY6VGiTlHTwrHk2w=
377,380,3A7yRPwXdHENljD22/+qndLjhnI=,4XO3c8yJIONcY6VGiTlHTwrHk2w=
376,372,3A7yRPwXdHENljD22/+qndLjhnI=,4XO3c8yJIONcY6VGiTlHTwrHk2w=
375,371,3A7yRPwXdHENljD22/+qndLjhnI=,4XO3c8yJIONcY6VGiTlHTwrHk2w=
369,380,3A7yRPwXdHENljD22/+qndLjhnI=,4XO3c8yJIONcY6VGiTlHTwrHk2w=
383,379,3A7yRPwXdHENljD22/+qndLjhnI=,4XO3c8yJIONcY6VGiTlHTwrHk2w=
378,380,3A7yRPwXdHENljD22/+qndLjhnI=,4XO3c8yJIONcY6VGiTlHTwrHk2w=
382,379,3A7yRPwXdHENljD22/+qndLjhnI=,4XO3c8yJIONcY6VGiTlHTwrHk2w=
379,369,3A7yRPwXdHENljD22/+qndLjhnI=,4XO3c8yJIONcY6VGiTlHTwrHk2w=
372,380,3A7yRPwXdHENljD22/+qndLjhnI=,4XO3c8yJIONcY6VGiTlHTwrHk2w=
378,372,3A7yRPwXdHENljD22/+qndLjhnI=,4XO3c8yJIONcY6VGiTlHTwrHk2w=
374,380,3A7yRPwXdHENljD22/+qndLjhnI=,4XO3c8yJIONcY6VGiTlHTwrHk2w=
381,379,3A7yRPwXdHENljD22/+qndLjhnI=,4XO3c8yJIONcY6VGiTlHTwrHk2w=
380,379,3A7yRPwXdHENljD22/+qndLjhnI=,4XO3c8yJIONcY6VGiTlHTwrHk2w=
379,379,3A7yRPwXdHENljD22/+qndLjhnI=,4XO3c8yJIONcY6VGiTlHTwrHk2w=
377,379,3A7yRPwXdHENljD22/+qndLjhnI=,4XO3c8yJIONcY6VGiTlHTwrHk2w=
368,380,3A7yRPwXdHENljD22/+qndLjhnI=,4XO3c8yJIONcY6VGiTlHTwrHk2w=
375,379,3A7yRPwXdHENljD22/+qndLjhnI=,4XO3c8yJIONcY6VGiTlHTwrHk2w=
383,370,3A7yRPwXdHENljD22/+qndLjhnI=,4XO3c8yJIONcY6VGiTlHTwrHk2w=
376,379,3A7yRPwXdHENljD22/+qndLjhnI=,4XO3c8yJIONcY6VGiTlHTwrHk2w=
373,380,3A7yRPwXdHENljD22/+qndLjhnI=,4XO3c8yJIONcY6VGiTlHTwrHk2w=
381,368,3A7yRPwXdHENljD22/+qndLjhnI=,4XO3c8yJIONcY6VGiTlHTwrHk2w=
374,371,3A7yRPwXdHENljD22/+qndLjhnI=,4XO3c8yJIONcY6VGiTlHTwrHk2w=
370,380,3A7yRPwXdHENljD22/+qndLjhnI=,4XO3c8yJIONcY6VGiTlHTwrHk2w=
378,379,3A7yRPwXdHENljD22/+qndLjhnI=,4XO3c8yJIONcY6VGiTlHTwrHk2w=
374,379,3A7yRPwXdHENljD22/+qndLjhnI=,4XO3c8yJIONcY6VGiTlHTwrHk2w=
372,379,3A7yRPwXdHENljD22/+qndLjhnI=,4XO3c8yJIONcY6VGiTlHTwrHk2w=
370,379,3A7yRPwXdHENljD22/+qndLjhnI=,4XO3c8yJIONcY6VGiTlHTwrHk2w=
371,379,3A7yRPwXdHENljD22/+qndLjhnI=,4XO3c8yJIONcY6VGiTlHTwrHk2w=
369,379,3A7yRPwXdHENljD22/+qndLjhnI=,4XO3c8yJIONcY6VGiTlHTwrHk2w=
379,372,3A7yRPwXdHENljD22/+qndLjhnI=,4XO3c8yJIONcY6VGiTlHTwrHk2w=
368,379,3A7yRPwXdHENljD22/+qndLjhnI=,4XO3c8yJIONcY6VGiTlHTwrHk2w=
382,378,3A7yRPwXdHENljD22/+qndLjhnI=,4XO3c8yJIONcY6VGiTlHTwrHk2w=
378,369,3A7yRPwXdHENljD22/+qndLjhnI=,4XO3c8yJIONcY6VGiTlHTwrHk2w=
383,378,3A7yRPwXdHENljD22/+qndLjhnI=,4XO3c8yJIONcY6VGiTlHTwrHk2w=
373,379,3A7yRPwXdHENljD22/+qndLjhnI=,4XO3c8yJIONcY6VGiTlHTwrHk2w=
381,378,3A7yRPwXdHENljD22/+qndLjhnI=,4XO3c8yJIONcY6VGiTlHTwrHk2w=
379,378,3A7yRPwXdHENljD22/+qndLjhnI=,4XO3c8yJIONcY6VGiTlHTwrHk2w=
377,378,3A7yRPwXdHENljD22/+qndLjhnI=,4XO3c8yJIONcY6VGiTlHTwrHk2w=
374,368,3A7yRPwXdHENljD22/+qndLjhnI=,4XO3c8yJIONcY6VGiTlHTwrHk2w=
375,378,3A7yRPwXdHENljD22/+qndLjhnI=,4XO3c8yJIONcY6VGiTlHTwrHk2w=
378,378,3A7yRPwXdHENljD22/+qndLjhnI=,4XO3c8yJIONcY6VGiTlHTwrHk2w=
380,368,3A7yRPwXdHENljD22/+qndLjhnI=,4XO3c8yJIONcY6VGiTlHTwrHk2w=
368,368,3A7yRPwXdHENljD22/+qndLjhnI=,4XO3c8yJIONcY6VGiTlHTwrHk2w=
369,378,3A7yRPwXdHENljD22/+qndLjhnI=,4XO3c8yJIONcY6VGiTlHTwrHk2w=
368,378,3A7yRPwXdHENljD22/+qndLjhnI=,4XO3c8yJIONcY6VGiTlHTwrHk2w=
373,371,3A7yRPwXdHENljD22/+qndLjhnI=,4XO3c8yJIONcY6VGiTlHTwrHk2w=
374,378,3A7yRPwXdHENljD22/+qndLjhnI=,4XO3c8yJIONcY6VGiTlHTwrHk2w=
380,372,3A7yRPwXdHENljD22/+qndLjhnI=,4XO3c8yJIONcY6VGiTlHTwrHk2w=
376,378,3A7yRPwXdHENljD22/+qndLjhnI=,4XO3c8yJIONcY6VGiTlHTwrHk2w=
380,378,3A7yRPwXdHENljD22/+qndLjhnI=,4XO3c8yJIONcY6VGiTlHTwrHk2w=
370,378,3A7yRPwXdHENljD22/+qndLjhnI=,4XO3c8yJIONcY6VGiTlHTwrHk2w=
383,377,3A7yRPwXdHENljD22/+qndLjhnI=,4XO3c8yJIONcY6VGiTlHTwrHk2w=
380,377,3A7yRPwXdHENljD22/+qndLjhnI=,4XO3c8yJIONcY6VGiTlHTwrHk2w=
371,378,3A7yRPwXdHENljD22/+qndLjhnI=,4XO3c8yJIONcY6VGiTlHTwrHk2w=
381,372,3A7yRPwXdHENljD22/+qndLjhnI=,4XO3c8yJIONcY6VGiTlHTwrHk2w=
372,378,3A7yRPwXdHENljD22/+qndLjhnI=,4XO3c8yJIONcY6VGiTlHTwrHk2w=
379,377,3A7yRPwXdHENljD22/+qndLjhnI=,4XO3c8yJIONcY6VGiTlHTwrHk2w=
381,377,3A7yRPwXdHENljD22/+qndLjhnI=,4XO3c8yJIONcY6VGiTlHTwrHk2w=
373,378,3A7yRPwXdHENljD22/+qndLjhnI=,4XO3c8yJIONcY6VGiTlHTwrHk2w=
378,377,3A7yRPwXdHENljD22/+qndLjhnI=,4XO3c8yJIONcY6VGiTlHTwrHk2w=
377,377,3A7yRPwXdHENljD22/+qndLjhnI=,4XO3c8yJIONcY6VGiTlHTwrHk2w=
382,372,3A7yRPwXdHENljD22/+qndLjhnI=,4XO3c8yJIONcY6VGiTlHTwrHk2w=
382,377,3A7yRPwXdHENljD22/+qndLjhnI=,4XO3c8yJIONcY6VGiTlHTwrHk2w=
375,377,3A7yRPwXdHENljD22/+qndLjhnI=,4XO3c8yJIONcY6VGiTlHTwrHk2w=
374,377,3A7yRPwXdHENljD22/+qndLjhnI=,4XO3c8yJIONcY6VGiTlHTwrHk2w=
376,377,3A7yRPwXdHENljD22/+qndLjhnI=,4XO3c8yJIONcY6VGiTlHTwrHk2w=
373,377,3A7yRPwXdHENljD22/+qndLjhnI=,4XO3c8yJIONcY6VGiTlHTwrHk2w=
372,371,3A7yRPwXdHENljD22/+qndLjhnI=,4XO3c8yJIONcY6VGiTlHTwrHk2w=
379,368,3A7yRPwXdHENljD22/+qndLjhnI=,4XO3c8yJIONcY6VGiTlHTwrHk2w=
372,377,3A7yRPwXdHENljD22/+qndLjhnI=,4XO3c8yJIONcY6VGiTlHTwrHk2w=
369,377,3A7yRPwXdHENljD22/+qndLjhnI=,4XO3c8yJIONcY6VGiTlHTwrHk2w=
370,377,3A7yRPwXdHENljD22/+qndLjhnI=,4XO3c8yJIONcY6VGiTlHTwrHk2w=
382,376,3A7yRPwXdHENljD22/+qndLjhnI=,4XO3c8yJIONcY6VGiTlHTwrHk2w=
371,377,3A7yRPwXdHENljD22/+qndLjhnI=,4XO3c8yJIONcY6VGiTlHTwrHk2w=
381,376,3A7yRPwXdHENljD22/+qndLjhnI=,4XO3c8yJIONcY6VGiTlHTwrHk2w=
377,369,3A7yRPwXdHENljD22/+qndLjhnI=,4XO3c8yJIONcY6VGiTlHTwrHk2w=
379,376,3A7yRPwXdHENljD22/+qndLjhnI=,4XO3c8yJIONcY6VGiTlHTwrHk2w=
376,369,3A7yRPwXdHENljD22/+qndLjhnI=,4XO3c8yJIONcY6VGiTlHTwrHk2w=
380,376,3A7yRPwXdHENljD22/+qndLjhnI=,4XO3c8yJIONcY6VGiTlHTwrHk2w=
378,376,3A7yRPwXdHENljD22/+qndLjhnI=,4XO3c8yJIONcY6VGiTlHTwrHk2w=
383,372,3A7yRPwXdHENljD22/+qndLjhnI=,4XO3c8yJIONcY6VGiTlHTwrHk2w=
368,377,3A7yRPwXdHENljD22/+qndLjhnI=,4XO3c8yJIONcY6VGiTlHTwrHk2w=
376,376,3A7yRPwXdHENljD22/+qndLjhnI=,4XO3c8yJIONcY6VGiTlHTwrHk2w=
383,376,3A7yRPwXdHENljD22/+qndLjhnI=,4XO3c8yJIONcY6VGiTlHTwrHk2w=
377,376,3A7yRPwXdHENljD22/+qndLjhnI=,4XO3c8yJIONcY6VGiTlHTwrHk2w=
371,371,3A7yRPwXdHENljD22/+qndLjhnI=,4XO3c8yJIONcY6VGiTlHTwrHk2w=
371,369,3A7yRPwXdHENljD22/+qndLjhnI=,4XO3c8yJIONcY6VGiTlHTwrHk2w=
378,368,3A7yRPwXdHENljD22/+qndLjhnI=,4XO3c8yJIONcY6VGiTlHTwrHk2w=
373,376,3A7yRPwXdHENljD22/+qndLjhnI=,4XO3c8yJIONcY6VGiTlHTwrHk2w=
368,376,3A7yRPwXdHENljD22/+qndLjhnI=,4XO3c8yJIONcY6VGiTlHTwrHk2w=
375,376,3A7yRPwXdHENljD22/+qndLjhnI=,4XO3c8yJIONcY6VGiTlHTwrHk2w=
374,376,3A7yRPwXdHENljD22/+qndLjhnI=,4XO3c8yJIONcY6VGiTlHTwrHk2w=
368,373,3A7yRPwXdHENljD22/+qndLjhnI=,4XO3c8yJIONcY6VGiTlHTwrHk2w=
381,375,3A7yRPwXdHENljD22/+qndLjhnI=,4XO3c8yJIONcY6VGiTlHTwrHk2w=
382,375,3A7yRPwXdHENljD22/+qndLjhnI=,4XO3c8yJIONcY6VGiTlHTwrHk2w=
378,375,3A7yRPwXdHENljD22/+qndLjhnI=,4XO3c8yJIONcY6VGiTlHTwrHk2w=
379,375,3A7yRPwXdHENljD22/+qndLjhnI=,4XO3c8yJIONcY6VGiTlHTwrHk2w=
380,375,3A7yRPwXdHENljD22/+qndLjhnI=,4XO3c8yJIONcY6VGiTlHTwrHk2w=
369,373,3A7yRPwXdHENljD22/+qndLjhnI=,4XO3c8yJIONcY6VGiTlHTwrHk2w=
375,369,3A7yRPwXdHENljD22/+qndLjhnI=,4XO3c8yJIONcY6VGiTlHTwrHk2w=
369,376,3A7yRPwXdHENljD22/+qndLjhnI=,4XO3c8yJIONcY6VGiTlHTwrHk2w=
372,376,3A7yRPwXdHENljD22/+qndLjhnI=,4XO3c8yJIONcY6VGiTlHTwrHk2w=
371,376,3A7yRPwXdHENljD22/+qndLjhnI=,4XO3c8yJIONcY6VGiTlHTwrHk2w=
370,371,3A7yRPwXdHENljD22/+qndLjhnI=,4XO3c8yJIONcY6VGiTlHTwrHk2w=
375,375,3A7yRPwXdHENljD22/+qndLjhnI=,4XO3c8yJIONcY6VGiTlHTwrHk2w=
370,373,3A7yRPwXdHENljD22/+qndLjhnI=,4XO3c8yJIONcY6VGiTlHTwrHk2w=
376,375,3A7yRPwXdHENljD22/+qndLjhnI=,4XO3c8yJIONcY6VGiTlHTwrHk2w=
371,373,3A7yRPwXdHENljD22/+qndLjhnI=,4XO3c8yJIONcY6VGiTlHTwrHk2w=
377,368,3A7yRPwXdHENljD22/+qndLjhnI=,4XO3c8yJIONcY6VGiTlHTwrHk2w=
370,376,3A7yRPwXdHENljD22/+qndLjhnI=,4XO3c8yJIONcY6VGiTlHTwrHk2w=
374,375,3A7yRPwXdHENljD22/+qndLjhnI=,4XO3c8yJIONcY6VGiTlHTwrHk2w=
372,373,3A7yRPwXdHENljD22/+qndLjhnI=,4XO3c8yJIONcY6VGiTlHTwrHk2w=
372,375,3A7yRPwXdHENljD22/+qndLjhnI=,4XO3c8yJIONcY6VGiTlHTwrHk2w=
377,375,3A7yRPwXdHENljD22/+qndLjhnI=,4XO3c8yJIONcY6VGiTlHTwrHk2w=
383,375,3A7yRPwXdHENljD22/+qndLjhnI=,4XO3c8yJIONcY6VGiTlHTwrHk2w=
369,375,3A7yRPwXdHENljD22/+qndLjhnI=,4XO3c8yJIONcY6VGiTlHTwrHk2w=
373,375,3A7yRPwXdHENljD22/+qndLjhnI=,4XO3c8yJIONcY6VGiTlHTwrHk2w=
381,374,3A7yRPwXdHENljD22/+qndLjhnI=,4XO3c8yJIONcY6VGiTlHTwrHk2w=
371,375,3A7yRPwXdHENljD22/+qndLjhnI=,4XO3c8yJIONcY6VGiTlHTwrHk2w=
370,375,3A7yRPwXdHENljD22/+qndLjhnI=,4XO3c8yJIONcY6VGiTlHTwrHk2w=
374,369,3A7yRPwXdHENljD22/+qndLjhnI=,4XO3c8yJIONcY6VGiTlHTwrHk2w=
373,373,3A7yRPwXdHENljD22/+qndLjhnI=,4XO3c8yJIONcY6VGiTlHTwrHk2w=
382,374,3A7yRPwXdHENljD22/+qndLjhnI=,4XO3c8yJIONcY6VGiTlHTwrHk2w=
379,374,3A7yRPwXdHENljD22/+qndLjhnI=,4XO3c8yJIONcY6VGiTlHTwrHk2w=
380,374,3A7yRPwXdHENljD22/+qndLjhnI=,4XO3c8yJIONcY6VGiTlHTwrHk2w=
378,374,3A7yRPwXdHENljD22/+qndLjhnI=,4XO3c8yJIONcY6VGiTlHTwrHk2w=
377,374,3A7yRPwXdHENljD22/+qndLjhnI=,4XO3c8yJIONcY6VGiTlHTwrHk2w=
369,371,3A7yRPwXdHENljD22/+qndLjhnI=,4XO3c8yJIONcY6VGiTlHTwrHk2w=
376,368,3A7yRPwXdHENljD22/+qndLjhnI=,4XO3c8yJIONcY6VGiTlHTwrHk2w=
368,375,3A7yRPwXdHENljD22/+qndLjhnI=,4XO3c8yJIONcY6VGiTlHTwrHk2w=
374,373,3A7yRPwXdHENljD22/+qndLjhnI=,4XO3c8yJIONcY6VGiTlHTwrHk2w=
376,374,3A7yRPwXdHENljD22/+qndLjhnI=,4XO3c8yJIONcY6VGiTlHTwrHk2w=
374,374,3A7yRPwXdHENljD22/+qndLjhnI=,4XO3c8yJIONcY6VGiTlHTwrHk2w=
383,374,3A7yRPwXdHENljD22/+qndLjhnI=,4XO3c8yJIONcY6VGiTlHTwrHk2w=
375,374,3A7yRPwXdHENljD22/+qndLjhnI=,4XO3c8yJIONcY6VGiTlHTwrHk2w=
373,374,3A7yRPwXdHENljD22/+qndLjhnI=,4XO3c8yJIONcY6VGiTlHTwrHk2w=
371,374,3A7yRPwXdHENljD22/+qndLjhnI=,4XO3c8yJIONcY6VGiTlHTwrHk2w=
372,374,3A7yRPwXdHENljD22/+qndLjhnI=,4XO3c8yJIONcY6VGiTlHTwrHk2w=
368,374,3A7yRPwXdHENljD22/+qndLjhnI=,4XO3c8yJIONcY6VGiTlHTwrHk2w=
370,374,3A7yRPwXdHENljD22/+qndLjhnI=,4XO3c8yJIONcY6VGiTlHTwrHk2w=
373,369,3A7yRPwXdHENljD22/+qndLjhnI=,4XO3c8yJIONcY6VGiTlHTwrHk2w=
382,373,3A7yRPwXdHENljD22/+qndLjhnI=,4XO3c8yJIONcY6VGiTlHTwrHk2w=
375,368,3A7yRPwXdHENljD22/+qndLjhnI=,4XO3c8yJIONcY6VGiTlHTwrHk2w=
368,371,3A7yRPwXdHENljD22/+qndLjhnI=,4XO3c8yJIONcY6VGiTlHTwrHk2w=
369,374,3A7yRPwXdHENljD22/+qndLjhnI=,4XO3c8yJIONcY6VGiTlHTwrHk2w=
383,373,3A7yRPwXdHENljD22/+qndLjhnI=,4XO3c8yJIONcY6VGiTlHTwrHk2w=
372,369,3A7yRPwXdHENljD22/+qndLjhnI=,4XO3c8yJIONcY6VGiTlHTwrHk2w=
377,373,3A7yRPwXdHENljD22/+qndLjhnI=,4XO3c8yJIONcY6VGiTlHTwrHk2w=
378,373,3A7yRPwXdHENljD22/+qndLjhnI=,4XO3c8yJIONcY6VGiTlHTwrHk2w=
379,373,3A7yRPwXdHENljD22/+qndLjhnI=,4XO3c8yJIONcY6VGiTlHTwrHk2w=
375,373,3A7yRPwXdHENljD22/+qndLjhnI=,4XO3c8yJIONcY6VGiTlHTwrHk2w=
380,373,3A7yRPwXdHENljD22/+qndLjhnI=,4XO3c8yJIONcY6VGiTlHTwrHk2w=
381,373,3A7yRPwXdHENljD22/+qndLjhnI=,4XO3c8yJIONcY6VGiTlHTwrHk2w=
376,373,3A7yRPwXdHENljD22/+qndLjhnI=,4XO3c8yJIONcY6VGiTlHTwrHk2w=
371,352,1yBpbztXDnMRde444RxW20hDWYg=,dZe7RbnZMHLt3lqCjPwzVNlMiY8=
381,354,1yBpbztXDnMRde444RxW20hDWYg=,dZe7RbnZMHLt3lqCjPwzVNlMiY8=
382,367,1yBpbztXDnMRde444RxW20hDWYg=,dZe7RbnZMHLt3lqCjPwzVNlMiY8=
379,367,1yBpbztXDnMRde444RxW20hDWYg=,dZe7RbnZMHLt3lqCjPwzVNlMiY8=
381,367,1yBpbztXDnMRde444RxW20hDWYg=,dZe7RbnZMHLt3lqCjPwzVNlMiY8=
382,354,1yBpbztXDnMRde444RxW20hDWYg=,dZe7RbnZMHLt3lqCjPwzVNlMiY8=
383,367,1yBpbztXDnMRde444RxW20hDWYg=,dZe7RbnZMHLt3lqCjPwzVNlMiY8=
383,354,1yBpbztXDnMRde444RxW20hDWYg=,dZe7RbnZMHLt3lqCjPwzVNlMiY8=
372,367,1yBpbztXDnMRde444RxW20hDWYg=,dZe7RbnZMHLt3lqCjPwzVNlMiY8=
380,367,1yBpbztXDnMRde444RxW20hDWYg=,dZe7RbnZMHLt3lqCjPwzVNlMiY8=
370,367,1yBpbztXDnMRde444RxW20hDWYg=,dZe7RbnZMHLt3lqCjPwzVNlMiY8=
368,355,1yBpbztXDnMRde444RxW20hDWYg=,dZe7RbnZMHLt3lqCjPwzVNlMiY8=
371,367,1yBpbztXDnMRde444RxW20hDWYg=,dZe7RbnZMHLt3lqCjPwzVNlMiY8=
376,367,1yBpbztXDnMRde444RxW20hDWYg=,dZe7RbnZMHLt3lqCjPwzVNlMiY8=
374,367,1yBpbztXDnMRde444RxW20hDWYg=,dZe7RbnZMHLt3lqCjPwzVNlMiY8=
369,355,1yBpbztXDnMRde444RxW20hDWYg=,dZe7RbnZMHLt3lqCjPwzVNlMiY8=
369,367,1yBpbztXDnMRde444RxW20hDWYg=,dZe7RbnZMHLt3lqCjPwzVNlMiY8=
369,353,1yBpbztXDnMRde444RxW20hDWYg=,dZe7RbnZMHLt3lqCjPwzVNlMiY8=
383,353,1yBpbztXDnMRde444RxW20hDWYg=,dZe7RbnZMHLt3lqCjPwzVNlMiY8=
382,353,1yBpbztXDnMRde444RxW20hDWYg=,dZe7RbnZMHLt3lqCjPwzVNlMiY8=
370,355,1yBpbztXDnMRde444RxW20hDWYg=,dZe7RbnZMHLt3lqCjPwzVNlMiY8=
380,353,1yBpbztXDnMRde444RxW20hDWYg=,dZe7RbnZMHLt3lqCjPwzVNlMiY8=
373,367,1yBpbztXDnMRde444RxW20hDWYg=,dZe7RbnZMHLt3lqCjPwzVNlMiY8=
379,353,1yBpbztXDnMRde444RxW20hDWYg=,dZe7RbnZMHLt3lqCjPwzVNlMiY8=
375,367,1yBpbztXDnMRde444RxW20hDWYg=,dZe7RbnZMHLt3lqCjPwzVNlMiY8=
381,353,1yBpbztXDnMRde444RxW20hDWYg=,dZe7RbnZMHLt3lqCjPwzVNlMiY8=
378,353,1yBpbztXDnMRde444RxW20hDWYg=,dZe7RbnZMHLt3lqCjPwzVNlMiY8=
377,353,1yBpbztXDnMRde444RxW20hDWYg=,dZe7RbnZMHLt3lqCjPwzVNlMiY8=
376,353,1yBpbztXDnMRde444RxW20hDWYg=,dZe7RbnZMHLt3lqCjPwzVNlMiY8=
373,353,1yBpbztXDnMRde444RxW20hDWYg=,dZe7RbnZMHLt3lqCjPwzVNlMiY8=
374,353,1yBpbztXDnMRde444RxW20hDWYg=,dZe7RbnZMHLt3lqCjPwzVNlMiY8=
377,367,1yBpbztXDnMRde444RxW20hDWYg=,dZe7RbnZMHLt3lqCjPwzVNlMiY8=
375,353,1yBpbztXDnMRde444RxW20hDWYg=,dZe7RbnZMHLt3lqCjPwzVNlMiY8=
371,353,1yBpbztXDnMRde444RxW20hDWYg=,dZe7RbnZMHLt3lqCjPwzVNlMiY8=
371,355,1yBpbztXDnMRde444RxW20hDWYg=,dZe7RbnZMHLt3lqCjPwzVNlMiY8=
372,353,1yBpbztXDnMRde444RxW20hDWYg=,dZe7RbnZMHLt3lqCjPwzVNlMiY8=
378,367,1yBpbztXDnMRde444RxW20hDWYg=,dZe7RbnZMHLt3lqCjPwzVNlMiY8=
368,367,1yBpbztXDnMRde444RxW20hDWYg=,dZe7RbnZMHLt3lqCjPwzVNlMiY8=
382,366,1yBpbztXDnMRde444RxW20hDWYg=,dZe7RbnZMHLt3lqCjPwzVNlMiY8=
370,353,1yBpbztXDnMRde444RxW20hDWYg=,dZe7RbnZMHLt3lqCjPwzVNlMiY8=
383,366,1yBpbztXDnMRde444RxW20hDWYg=,dZe7RbnZMHLt3lqCjPwzVNlMiY8=
380,354,1yBpbztXDnMRde444RxW20hDWYg=,dZe7RbnZMHLt3lqCjPwzVNlMiY8=
381,366,1yBpbztXDnMRde444RxW20hDWYg=,dZe7RbnZMHLt3lqCjPwzVNlMiY8=
370,352,1yBpbztXDnMRde444RxW20hDWYg=,dZe7RbnZMHLt3lqCjPwzVNlMiY8=
368,354,1yBpbztXDnMRde444RxW20hDWYg=,dZe7RbnZMHLt3lqCjPwzVNlMiY8=
379,366,1yBpbztXDnMRde444RxW20hDWYg=,dZe7RbnZMHLt3lqCjPwzVNlMiY8=
377,366,1yBpbztXDnMRde444RxW20hDWYg=,dZe7RbnZMHLt3lqCjPwzVNlMiY8=
380,366,1yBpbztXDnMRde444RxW20hDWYg=,dZe7RbnZMHLt3lqCjPwzVNlMiY8=
372,355,1yBpbztXDnMRde444RxW20hDWYg=,dZe7RbnZMHLt3lqCjPwzVNlMiY8=
378,366,1yBpbztXDnMRde444RxW20hDWYg=,dZe7RbnZMHLt3lqCjPwzVNlMiY8=
376,366,1yBpbztXDnMRde444RxW20hDWYg=,dZe7RbnZMHLt3lqCjPwzVNlMiY8=
371,366,1yBpbztXDnMRde444RxW20hDWYg=,dZe7RbnZMHLt3lqCjPwzVNlMiY8=
370,366,1yBpbztXDnMRde444RxW20hDWYg=,dZe7RbnZMHLt3lqCjPwzVNlMiY8=
369,366,1yBpbztXDnMRde444RxW20hDWYg=,dZe7RbnZMHLt3lqCjPwzVNlMiY8=
383,365,1yBpbztXDnMRde444RxW20hDWYg=,dZe7RbnZMHLt3lqCjPwzVNlMiY8=
372,352,1yBpbztXDnMRde444RxW20hDWYg=,dZe7RbnZMHLt3lqCjPwzVNlMiY8=
368,366,1yBpbztXDnMRde444RxW20hDWYg=,dZe7RbnZMHLt3lqCjPwzVNlMiY8=
382,365,1yBpbztXDnMRde444RxW20hDWYg=,dZe7RbnZMHLt3lqCjPwzVNlMiY8=
375,366,1yBpbztXDnMRde444RxW20hDWYg=,dZe7RbnZMHLt3lqCjPwzVNlMiY8=
381,365,1yBpbztXDnMRde444RxW20hDWYg=,dZe7RbnZMHLt3lqCjPwzVNlMiY8=
383,352,1yBpbztXDnMRde444RxW20hDWYg=,dZe7RbnZMHLt3lqCjPwzVNlMiY8=
374,366,1yBpbztXDnMRde444RxW20hDWYg=,dZe7RbnZMHLt3lqCjPwzVNlMiY8=
368,353,1yBpbztXDnMRde444RxW20hDWYg=,dZe7RbnZMHLt3lqCjPwzVNlMiY8=
372,366,1yBpbztXDnMRde444RxW20hDWYg=,dZe7RbnZMHLt3lqCjPwzVNlMiY8=
373,355,1yBpbztXDnMRde444RxW20hDWYg=,dZe7RbnZMHLt3lqCjPwzVNlMiY8=
380,365,1yBpbztXDnMRde444RxW20hDWYg=,dZe7RbnZMHLt3lqCjPwzVNlMiY8=
379,354,1yBpbztXDnMRde444RxW20hDWYg=,dZe7RbnZMHLt3lqCjPwzVNlMiY8=
378,365,1yBpbztXDnMRde444RxW20hDWYg=,dZe7RbnZMHLt3lqCjPwzVNlMiY8=
377,365,1yBpbztXDnMRde444RxW20hDWYg=,dZe7RbnZMHLt3lqCjPwzVNlMiY8=
372,365,1yBpbztXDnMRde444RxW20hDWYg=,dZe7RbnZMHLt3lqCjPwzVNlMiY8=
374,355,1yBpbztXDnMRde444RxW20hDWYg=,dZe7RbnZMHLt3lqCjPwzVNlMiY8=
371,365,1yBpbztXDnMRde444RxW20hDWYg=,dZe7RbnZMHLt3lqCjPwzVNlMiY8=
376,365,1yBpbztXDnMRde444RxW20hDWYg=,dZe7RbnZMHLt3lqCjPwzVNlMiY8=
373,366,1yBpbztXDnMRde444RxW20hDWYg=,dZe7RbnZMHLt3lqCjPwzVNlMiY8=
379,365,1yBpbztXDnMRde444RxW20hDWYg=,dZe7RbnZMHLt3lqCjPwzVNlMiY8=
369,365,1yBpbztXDnMRde444RxW20hDWYg=,dZe7RbnZMHLt3lqCjPwzVNlMiY8=
368,365,1yBpbztXDnMRde444RxW20hDWYg=,dZe7RbnZMHLt3lqCjPwzVNlMiY8=
370,365,1yBpbztXDnMRde444RxW20hDWYg=,dZe7RbnZMHLt3lqCjPwzVNlMiY8=
383,364,1yBpbztXDnMRde444RxW20hDWYg=,dZe7RbnZMHLt3lqCjPwzVNlMiY8=
382,364,1yBpbztXDnMRde444RxW20hDWYg=,dZe7RbnZMHLt3lqCjPwzVNlMiY8=
375,355,1yBpbztXDnMRde444RxW20hDWYg=,dZe7RbnZMHLt3lqCjPwzVNlMiY8=
381,364,1yBpbztXDnMRde444RxW20hDWYg=,dZe7RbnZMHLt3lqCjPwzVNlMiY8=
378,354,1yBpbztXDnMRde444RxW20hDWYg=,dZe7RbnZMHLt3lqCjPwzVNlMiY8=
382,352,1yBpbztXDnMRde444RxW20hDWYg=,dZe7RbnZMHLt3lqCjPwzVNlMiY8=
380,364,1yBpbztXDnMRde444RxW20hDWYg=,dZe7RbnZMHLt3lqCjPwzVNlMiY8=
376,355,1yBpbztXDnMRde444RxW20hDWYg=,dZe7RbnZMHLt3lqCjPwzVNlMiY8=
376,364,1yBpbztXDnMRde444RxW20hDWYg=,dZe7RbnZMHLt3lqCjPwzVNlMiY8=
377,355,1yBpbztXDnMRde444RxW20hDWYg=,dZe7RbnZMHLt3lqCjPwzVNlMiY8=
369,352,1yBpbztXDnMRde444RxW20hDWYg=,dZe7RbnZMHLt3lqCjPwzVNlMiY8=
378,364,1yBpbztXDnMRde444RxW20hDWYg=,dZe7RbnZMHLt3lqCjPwzVNlMiY8=
377,364,1yBpbztXDnMRde444RxW20hDWYg=,dZe7RbnZMHLt3lqCjPwzVNlMiY8=
374,364,1yBpbztXDnMRde444RxW20hDWYg=,dZe7RbnZMHLt3lqCjPwzVNlMiY8=
378,355,1yBpbztXDnMRde444RxW20hDWYg=,dZe7RbnZMHLt3lqCjPwzVNlMiY8=
373,364,1yBpbztXDnMRde444RxW20hDWYg=,dZe7RbnZMHLt3lqCjPwzVNlMiY8=
375,365,1yBpbztXDnMRde444RxW20hDWYg=,dZe7RbnZMHLt3lqCjPwzVNlMiY8=
374,365,1yBpbztXDnMRde444RxW20hDWYg=,dZe7RbnZMHLt3lqCjPwzVNlMiY8=
371,364,1yBpbztXDnMRde444RxW20hDWYg=,dZe7RbnZMHLt3lqCjPwzVNlMiY8=
369,364,1yBpbztXDnMRde444RxW20hDWYg=,dZe7RbnZMHLt3lqCjPwzVNlMiY8=
370,364,1yBpbztXDnMRde444RxW20hDWYg=,dZe7RbnZMHLt3lqCjPwzVNlMiY8=
375,364,1yBpbztXDnMRde444RxW20hDWYg=,dZe7RbnZMHLt3lqCjPwzVNlMiY8=
372,364,1yBpbztXDnMRde444RxW20hDWYg=,dZe7RbnZMHLt3lqCjPwzVNlMiY8=
379,364,1yBpbztXDnMRde444RxW20hDWYg=,dZe7RbnZMHLt3lqCjPwzVNlMiY8=
373,365,1yBpbztXDnMRde444RxW20hDWYg=,dZe7RbnZMHLt3lqCjPwzVNlMiY8=
383,363,1yBpbztXDnMRde444RxW20hDWYg=,dZe7RbnZMHLt3lqCjPwzVNlMiY8=
368,364,1yBpbztXDnMRde444RxW20hDWYg=,dZe7RbnZMHLt3lqCjPwzVNlMiY8=
380,363,1yBpbztXDnMRde444RxW20hDWYg=,dZe7RbnZMHLt3lqCjPwzVNlMiY8=
381,363,1yBpbztXDnMRde444RxW20hDWYg=,dZe7RbnZMHLt3lqCjPwzVNlMiY8=
378,363,1yBpbztXDnMRde444RxW20hDWYg=,dZe7RbnZMHLt3lqCjPwzVNlMiY8=
382,363,1yBpbztXDnMRde444RxW20hDWYg=,dZe7RbnZMHLt3lqCjPwzVNlMiY8=
377,363,1yBpbztXDnMRde444RxW20hDWYg=,dZe7RbnZMHLt3lqCjPwzVNlMiY8=
379,355,1yBpbztXDnMRde444RxW20hDWYg=,dZe7RbnZMHLt3lqCjPwzVNlMiY8=
379,363,1yBpbztXDnMRde444RxW20hDWYg=,dZe7RbnZMHLt3lqCjPwzVNlMiY8=
376,363,1yBpbztXDnMRde444RxW20hDWYg=,dZe7RbnZMHLt3lqCjPwzVNlMiY8=
375,363,1yBpbztXDnMRde444RxW20hDWYg=,dZe7RbnZMHLt3lqCjPwzVNlMiY8=
381,352,1yBpbztXDnMRde444RxW20hDWYg=,dZe7RbnZMHLt3lqCjPwzVNlMiY8=
374,363,1yBpbztXDnMRde444RxW20hDWYg=,dZe7RbnZMHLt3lqCjPwzVNlMiY8=
372,363,1yBpbztXDnMRde444RxW20hDWYg=,dZe7RbnZMHLt3lqCjPwzVNlMiY8=
383,362,1yBpbztXDnMRde444RxW20hDWYg=,dZe7RbnZMHLt3lqCjPwzVNlMiY8=
380,355,1yBpbztXDnMRde444RxW20hDWYg=,dZe7RbnZMHLt3lqCjPwzVNlMiY8=
369,363,1yBpbztXDnMRde444RxW20hDWYg=,dZe7RbnZMHLt3lqCjPwzVNlMiY8=
373,363,1yBpbztXDnMRde444RxW20hDWYg=,dZe7RbnZMHLt3lqCjPwzVNlMiY8=
377,354,1yBpbztXDnMRde444RxW20hDWYg=,dZe7RbnZMHLt3lqCjPwzVNlMiY8=
382,362,1yBpbztXDnMRde444RxW20hDWYg=,dZe7RbnZMHLt3lqCjPwzVNlMiY8=
368,363,1yBpbztXDnMRde444RxW20hDWYg=,dZe7RbnZMHLt3lqCjPwzVNlMiY8=
380,362,1yBpbztXDnMRde444RxW20hDWYg=,dZe7RbnZMHLt3lqCjPwzVNlMiY8=
380,352,1yBpbztXDnMRde444RxW20hDWYg=,dZe7RbnZMHLt3lqCjPwzVNlMiY8=
381,362,1yBpbztXDnMRde444RxW20hDWYg=,dZe7RbnZMHLt3lqCjPwzVNlMiY8=
370,363,1yBpbztXDnMRde444RxW20hDWYg=,dZe7RbnZMHLt3lqCjPwzVNlMiY8=
379,362,1yBpbztXDnMRde444RxW20hDWYg=,dZe7RbnZMHLt3lqCjPwzVNlMiY8=
378,362,1yBpbztXDnMRde444RxW20hDWYg=,dZe7RbnZMHLt3lqCjPwzVNlMiY8=
381,355,1yBpbztXDnMRde444RxW20hDWYg=,dZe7RbnZMHLt3lqCjPwzVNlMiY8=
376,354,1yBpbztXDnMRde444RxW20hDWYg=,dZe7RbnZMHLt3lqCjPwzVNlMiY8=
374,362,1yBpbztXDnMRde444RxW20hDWYg=,dZe7RbnZMHLt3lqCjPwzVNlMiY8=
376,362,1yBpbztXDnMRde444RxW20hDWYg=,dZe7RbnZMHLt3lqCjPwzVNlMiY8=
371,362,1yBpbztXDnMRde444RxW20hDWYg=,dZe7RbnZMHLt3lqCjPwzVNlMiY8=
377,362,1yBpbztXDnMRde444RxW20hDWYg=,dZe7RbnZMHLt3lqCjPwzVNlMiY8=
375,362,1yBpbztXDnMRde444RxW20hDWYg=,dZe7RbnZMHLt3lqCjPwzVNlMiY8=
382,355,1yBpbztXDnMRde444RxW20hDWYg=,dZe7RbnZMHLt3lqCjPwzVNlMiY8=
373,362,1yBpbztXDnMRde444RxW20hDWYg=,dZe7RbnZMHLt3lqCjPwzVNlMiY8=
372,362,1yBpbztXDnMRde444RxW20hDWYg=,dZe7RbnZMHLt3lqCjPwzVNlMiY8=
382,361,1yBpbztXDnMRde444RxW20hDWYg=,dZe7RbnZMHLt3lqCjPwzVNlMiY8=
379,361,1yBpbztXDnMRde444RxW20hDWYg=,dZe7RbnZMHLt3lqCjPwzVNlMiY8=
379,352,1yBpbztXDnMRde444RxW20hDWYg=,dZe7RbnZMHLt3lqCjPwzVNlMiY8=
381,361,1yBpbztXDnMRde444RxW20hDWYg=,dZe7RbnZMHLt3lqCjPwzVNlMiY8=
369,362,1yBpbztXDnMRde444RxW20hDWYg=,dZe7RbnZMHLt3lqCjPwzVNlMiY8=
380,361,1yBpbztXDnMRde444RxW20hDWYg=,dZe7RbnZMHLt3lqCjPwzVNlMiY8=
378,361,1yBpbztXDnMRde444RxW20hDWYg=,dZe7RbnZMHLt3lqCjPwzVNlMiY8=
369,354,1yBpbztXDnMRde444RxW20hDWYg=,dZe7RbnZMHLt3lqCjPwzVNlMiY8=
371,363,1yBpbztXDnMRde444RxW20hDWYg=,dZe7RbnZMHLt3lqCjPwzVNlMiY8=
383,361,1yBpbztXDnMRde444RxW20hDWYg=,dZe7RbnZMHLt3lqCjPwzVNlMiY8=
368,362,1yBpbztXDnMRde444RxW20hDWYg=,dZe7RbnZMHLt3lqCjPwzVNlMiY8=
375,354,1yBpbztXDnMRde444RxW20hDWYg=,dZe7RbnZMHLt3lqCjPwzVNlMiY8=
383,355,1yBpbztXDnMRde444RxW20hDWYg=,dZe7RbnZMHLt3lqCjPwzVNlMiY8=
374,361,1yBpbztXDnMRde444RxW20hDWYg=,dZe7RbnZMHLt3lqCjPwzVNlMiY8=
376,361,1yBpbztXDnMRde444RxW20hDWYg=,dZe7RbnZMHLt3lqCjPwzVNlMiY8=
371,361,1yBpbztXDnMRde444RxW20hDWYg=,dZe7RbnZMHLt3lqCjPwzVNlMiY8=
370,362,1yBpbztXDnMRde444RxW20hDWYg=,dZe7RbnZMHLt3lqCjPwzVNlMiY8=
377,361,1yBpbztXDnMRde444RxW20hDWYg=,dZe7RbnZMHLt3lqCjPwzVNlMiY8=
375,361,1yBpbztXDnMRde444RxW20hDWYg=,dZe7RbnZMHLt3lqCjPwzVNlMiY8=
373,361,1yBpbztXDnMRde444RxW20hDWYg=,dZe7RbnZMHLt3lqCjPwzVNlMiY8=
372,361,1yBpbztXDnMRde444RxW20hDWYg=,dZe7RbnZMHLt3lqCjPwzVNlMiY8=
370,361,1yBpbztXDnMRde444RxW20hDWYg=,dZe7RbnZMHLt3lqCjPwzVNlMiY8=
381,360,1yBpbztXDnMRde444RxW20hDWYg=,dZe7RbnZMHLt3lqCjPwzVNlMiY8=
382,360,1yBpbztXDnMRde444RxW20hDWYg=,dZe7RbnZMHLt3lqCjPwzVNlMiY8=
378,360,1yBpbztXDnMRde444RxW20hDWYg=,dZe7RbnZMHLt3lqCjPwzVNlMiY8=
368,356,1yBpbztXDnMRde444RxW20hDWYg=,dZe7RbnZMHLt3lqCjPwzVNlMiY8=
369,361,1yBpbztXDnMRde444RxW20hDWYg=,dZe7RbnZMHLt3lqCjPwzVNlMiY8=
368,352,1yBpbztXDnMRde444RxW20hDWYg=,dZe7RbnZMHLt3lqCjPwzVNlMiY8=
377,360,1yBpbztXDnMRde444RxW20hDWYg=,dZe7RbnZMHLt3lqCjPwzVNlMiY8=
376,360,1yBpbztXDnMRde444RxW20hDWYg=,dZe7RbnZMHLt3lqCjPwzVNlMiY8=
383,360,1yBpbztXDnMRde444RxW20hDWYg=,dZe7RbnZMHLt3lqCjPwzVNlMiY8=
379,360,1yBpbztXDnMRde444RxW20hDWYg=,dZe7RbnZMHLt3lqCjPwzVNlMiY8=
373,360,1yBpbztXDnMRde444RxW20hDWYg=,dZe7RbnZMHLt3lqCjPwzVNlMiY8=
374,360,1yBpbztXDnMRde444RxW20hDWYg=,dZe7RbnZMHLt3lqCjPwzVNlMiY8=
369,356,1yBpbztXDnMRde444RxW20hDWYg=,dZe7RbnZMHLt3lqCjPwzVNlMiY8=
374,354,1yBpbztXDnMRde444RxW20hDWYg=,dZe7RbnZMHLt3lqCjPwzVNlMiY8=
375,360,1yBpbztXDnMRde444RxW20hDWYg=,dZe7RbnZMHLt3lqCjPwzVNlMiY8=
372,360,1yBpbztXDnMRde444RxW20hDWYg=,dZe7RbnZMHLt3lqCjPwzVNlMiY8=
380,360,1yBpbztXDnMRde444RxW20hDWYg=,dZe7RbnZMHLt3lqCjPwzVNlMiY8=
378,352,1yBpbztXDnMRde444RxW20hDWYg=,dZe7RbnZMHLt3lqCjPwzVNlMiY8=
368,361,1yBpbztXDnMRde444RxW20hDWYg=,dZe7RbnZMHLt3lqCjPwzVNlMiY8=
382,359,1yBpbztXDnMRde444RxW20hDWYg=,dZe7RbnZMHLt3lqCjPwzVNlMiY8=
369,360,1yBpbztXDnMRde444RxW20hDWYg=,dZe7RbnZMHLt3lqCjPwzVNlMiY8=
383,359,1yBpbztXDnMRde444RxW20hDWYg=,dZe7RbnZMHLt3lqCjPwzVNlMiY8=
371,360,1yBpbztXDnMRde444RxW20hDWYg=,dZe7RbnZMHLt3lqCjPwzVNlMiY8=
381,359,1yBpbztXDnMRde444RxW20hDWYg=,dZe7RbnZMHLt3lqCjPwzVNlMiY8=
379,359,1yBpbztXDnMRde444RxW20hDWYg=,dZe7RbnZMHLt3lqCjPwzVNlMiY8=
380,359,1yBpbztXDnMRde444RxW20hDWYg=,dZe7RbnZMHLt3lqCjPwzVNlMiY8=
371,356,1yBpbztXDnMRde444RxW20hDWYg=,dZe7RbnZMHLt3lqCjPwzVNlMiY8=
370,360,1yBpbztXDnMRde444RxW20hDWYg=,dZe7RbnZMHLt3lqCjPwzVNlMiY8=
370,356,1yBpbztXDnMRde444RxW20hDWYg=,dZe7RbnZMHLt3lqCjPwzVNlMiY8=
368,360,1yBpbztXDnMRde444RxW20hDWYg=,dZe7RbnZMHLt3lqCjPwzVNlMiY8=
377,352,1yBpbztXDnMRde444RxW20hDWYg=,dZe7RbnZMHLt3lqCjPwzVNlMiY8=
378,359,1yBpbztXDnMRde444RxW20hDWYg=,dZe7RbnZMHLt3lqCjPwzVNlMiY8=
373,359,1yBpbztXDnMRde444RxW20hDWYg=,dZe7RbnZMHLt3lqCjPwzVNlMiY8=
375,359,1yBpbztXDnMRde444RxW20hDWYg=,dZe7RbnZMHLt3lqCjPwzVNlMiY8=
376,359,1yBpbztXDnMRde444RxW20hDWYg=,dZe7RbnZMHLt3lqCjPwzVNlMiY8=
370,359,1yBpbztXDnMRde444RxW20hDWYg=,dZe7RbnZMHLt3lqCjPwzVNlMiY8=
368,359,1yBpbztXDnMRde444RxW20hDWYg=,dZe7RbnZMHLt3lqCjPwzVNlMiY8=
369,359,1yBpbztXDnMRde444RxW20hDWYg=,dZe7RbnZMHLt3lqCjPwzVNlMiY8=
370,354,1yBpbztXDnMRde444RxW20hDWYg=,dZe7RbnZMHLt3lqCjPwzVNlMiY8=
383,358,1yBpbztXDnMRde444RxW20hDWYg=,dZe7RbnZMHLt3lqCjPwzVNlMiY8=
381,358,1yBpbztXDnMRde444RxW20hDWYg=,dZe7RbnZMHLt3lqCjPwzVNlMiY8=
379,358,1yBpbztXDnMRde444RxW20hDWYg=,dZe7RbnZMHLt3lqCjPwzVNlMiY8=
377,359,1yBpbztXDnMRde444RxW20hDWYg=,dZe7RbnZMHLt3lqCjPwzVNlMiY8=
373,354,1yBpbztXDnMRde444RxW20hDWYg=,dZe7RbnZMHLt3lqCjPwzVNlMiY8=
378,358,1yBpbztXDnMRde444RxW20hDWYg=,dZe7RbnZMHLt3lqCjPwzVNlMiY8=
375,358,1yBpbztXDnMRde444RxW20hDWYg=,dZe7RbnZMHLt3lqCjPwzVNlMiY8=
376,352,1yBpbztXDnMRde444RxW20hDWYg=,dZe7RbnZMHLt3lqCjPwzVNlMiY8=
377,358,1yBpbztXDnMRde444RxW20hDWYg=,dZe7RbnZMHLt3lqCjPwzVNlMiY8=
376,358,1yBpbztXDnMRde444RxW20hDWYg=,dZe7RbnZMHLt3lqCjPwzVNlMiY8=
382,358,1yBpbztXDnMRde444RxW20hDWYg=,dZe7RbnZMHLt3lqCjPwzVNlMiY8=
380,358,1yBpbztXDnMRde444RxW20hDWYg=,dZe7RbnZMHLt3lqCjPwzVNlMiY8=
374,358,1yBpbztXDnMRde444RxW20hDWYg=,dZe7RbnZMHLt3lqCjPwzVNlMiY8=
372,359,1yBpbztXDnMRde444RxW20hDWYg=,dZe7RbnZMHLt3lqCjPwzVNlMiY8=
373,358,1yBpbztXDnMRde444RxW20hDWYg=,dZe7RbnZMHLt3lqCjPwzVNlMiY8=
372,354,1yBpbztXDnMRde444RxW20hDWYg=,dZe7RbnZMHLt3lqCjPwzVNlMiY8=
371,358,1yBpbztXDnMRde444RxW20hDWYg=,dZe7RbnZMHLt3lqCjPwzVNlMiY8=
373,352,1yBpbztXDnMRde444RxW20hDWYg=,dZe7RbnZMHLt3lqCjPwzVNlMiY8=
383,357,1yBpbztXDnMRde444RxW20hDWYg=,dZe7RbnZMHLt3lqCjPwzVNlMiY8=
379,357,1yBpbztXDnMRde444RxW20hDWYg=,dZe7RbnZMHLt3lqCjPwzVNlMiY8=
380,357,1yBpbztXDnMRde444RxW20hDWYg=,dZe7RbnZMHLt3lqCjPwzVNlMiY8=
369,358,1yBpbztXDnMRde444RxW20hDWYg=,dZe7RbnZMHLt3lqCjPwzVNlMiY8=
372,356,1yBpbztXDnMRde444RxW20hDWYg=,dZe7RbnZMHLt3lqCjPwzVNlMiY8=
372,358,1yBpbztXDnMRde444RxW20hDWYg=,dZe7RbnZMHLt3lqCjPwzVNlMiY8=
371,359,1yBpbztXDnMRde444RxW20hDWYg=,dZe7RbnZMHLt3lqCjPwzVNlMiY8=
381,357,1yBpbztXDnMRde444RxW20hDWYg=,dZe7RbnZMHLt3lqCjPwzVNlMiY8=
377,357,1yBpbztXDnMRde444RxW20hDWYg=,dZe7RbnZMHLt3lqCjPwzVNlMiY8=
375,357,1yBpbztXDnMRde444RxW20hDWYg=,dZe7RbnZMHLt3lqCjPwzVNlMiY8=
373,356,1yBpbztXDnMRde444RxW20hDWYg=,dZe7RbnZMHLt3lqCjPwzVNlMiY8=
375,352,1yBpbztXDnMRde444RxW20hDWYg=,dZe7RbnZMHLt3lqCjPwzVNlMiY8=
374,359,1yBpbztXDnMRde444RxW20hDWYg=,dZe7RbnZMHLt3lqCjPwzVNlMiY8=
374,357,1yBpbztXDnMRde444RxW20hDWYg=,dZe7RbnZMHLt3lqCjPwzVNlMiY8=
373,357,1yBpbztXDnMRde444RxW20hDWYg=,dZe7RbnZMHLt3lqCjPwzVNlMiY8=
374,356,1yBpbztXDnMRde444RxW20hDWYg=,dZe7RbnZMHLt3lqCjPwzVNlMiY8=
368,358,1yBpbztXDnMRde444RxW20hDWYg=,dZe7RbnZMHLt3lqCjPwzVNlMiY8=
370,358,1yBpbztXDnMRde444RxW20hDWYg=,dZe7RbnZMHLt3lqCjPwzVNlMiY8=
371,354,1yBpbztXDnMRde444RxW20hDWYg=,dZe7RbnZMHLt3lqCjPwzVNlMiY8=
372,357,1yBpbztXDnMRde444RxW20hDWYg=,dZe7RbnZMHLt3lqCjPwzVNlMiY8=
378,357,1yBpbztXDnMRde444RxW20hDWYg=,dZe7RbnZMHLt3lqCjPwzVNlMiY8=
371,357,1yBpbztXDnMRde444RxW20hDWYg=,dZe7RbnZMHLt3lqCjPwzVNlMiY8=
375,356,1yBpbztXDnMRde444RxW20hDWYg=,dZe7RbnZMHLt3lqCjPwzVNlMiY8=
382,357,1yBpbztXDnMRde444RxW20hDWYg=,dZe7RbnZMHLt3lqCjPwzVNlMiY8=
370,357,1yBpbztXDnMRde444RxW20hDWYg=,dZe7RbnZMHLt3lqCjPwzVNlMiY8=
376,357,1yBpbztXDnMRde444RxW20hDWYg=,dZe7RbnZMHLt3lqCjPwzVNlMiY8=
374,352,1yBpbztXDnMRde444RxW20hDWYg=,dZe7RbnZMHLt3lqCjPwzVNlMiY8=
383,356,1yBpbztXDnMRde444RxW20hDWYg=,dZe7RbnZMHLt3lqCjPwzVNlMiY8=
369,357,1yBpbztXDnMRde444RxW20hDWYg=,dZe7RbnZMHLt3lqCjPwzVNlMiY8=
378,356,1yBpbztXDnMRde444RxW20hDWYg=,dZe7RbnZMHLt3lqCjPwzVNlMiY8=
376,356,1yBpbztXDnMRde444RxW20hDWYg=,dZe7RbnZMHLt3lqCjPwzVNlMiY8=
368,357,1yBpbztXDnMRde444RxW20hDWYg=,dZe7RbnZMHLt3lqCjPwzVNlMiY8=
379,356,1yBpbztXDnMRde444RxW20hDWYg=,dZe7RbnZMHLt3lqCjPwzVNlMiY8=
382,356,1yBpbztXDnMRde444RxW20hDWYg=,dZe7RbnZMHLt3lqCjPwzVNlMiY8=
381,356,1yBpbztXDnMRde444RxW20hDWYg=,dZe7RbnZMHLt3lqCjPwzVNlMiY8=
377,356,1yBpbztXDnMRde444RxW20hDWYg=,dZe7RbnZMHLt3lqCjPwzVNlMiY8=
380,356,1yBpbztXDnMRde444RxW20hDWYg=,dZe7RbnZMHLt3lqCjPwzVNlMiY8=
