191,-17,HvtdCiV2DLNAHav8EEMZ6XwEdNg=,4bA7xU0t9/53U+yedDJbvqta8qk=
190,-30,HvtdCiV2DLNAHav8EEMZ6XwEdNg=,4bA7xU0t9/53U+yedDJbvqta8qk=
189,-30,HvtdCiV2DLNAHav8EEMZ6XwEdNg=,4bA7xU0t9/53U+yedDJbvqta8qk=
179,-32,HvtdCiV2DLNAHav8EEMZ6XwEdNg=,4bA7xU0t9/53U+yedDJbvqta8qk=
189,-17,HvtdCiV2DLNAHav8EEMZ6XwEdNg=,4bA7xU0t9/53U+yedDJbvqta8qk=
191,-30,HvtdCiV2DLNAHav8EEMZ6XwEdNg=,4bA7xU0t9/53U+yedDJbvqta8qk=
191,-31,HvtdCiV2DLNAHav8EEMZ6XwEdNg=,4bA7xU0t9/53U+yedDJbvqta8qk=
188,-17,HvtdCiV2DLNAHav8EEMZ6XwEdNg=,4bA7xU0t9/53U+yedDJbvqta8qk=
176,-29,HvtdCiV2DLNAHav8EEMZ6XwEdNg=,4bA7xU0t9/53U+yedDJbvqta8qk=
190,-31,HvtdCiV2DLNAHav8EEMZ6XwEdNg=,4bA7xU0t9/53U+yedDJbvqta8qk=
177,-29,HvtdCiV2DLNAHav8EEMZ6XwEdNg=,4bA7xU0t9/53U+yedDJbvqta8qk=
189,-31,HvtdCiV2DLNAHav8EEMZ6XwEdNg=,4bA7xU0t9/53U+yedDJbvqta8qk=
188,-31,HvtdCiV2DLNAHav8EEMZ6XwEdNg=,4bA7xU0t9/53U+yedDJbvqta8qk=
178,-29,HvtdCiV2DLNAHav8EEMZ6XwEdNg=,4bA7xU0t9/53U+yedDJbvqta8qk=
186,-31,HvtdCiV2DLNAHav8EEMZ6XwEdNg=,4bA7xU0t9/53U+yedDJbvqta8qk=
187,-31,HvtdCiV2DLNAHav8EEMZ6XwEdNg=,4bA7xU0t9/53U+yedDJbvqta8qk=
185,-31,HvtdCiV2DLNAHav8EEMZ6XwEdNg=,4bA7xU0t9/53U+yedDJbvqta8qk=
184,-31,HvtdCiV2DLNAHav8EEMZ6XwEdNg=,4bA7xU0t9/53U+yedDJbvqta8qk=
183,-31,HvtdCiV2DLNAHav8EEMZ6XwEdNg=,4bA7xU0t9/53U+yedDJbvqta8qk=
182,-31,HvtdCiV2DLNAHav8EEMZ6XwEdNg=,4bA7xU0t9/53U+yedDJbvqta8qk=
180,-31,HvtdCiV2DLNAHav8EEMZ6XwEdNg=,4bA7xU0t9/53U+yedDJbvqta8qk=
179,-29,HvtdCiV2DLNAHav8EEMZ6XwEdNg=,4bA7xU0t9/53U+yedDJbvqta8qk=
187,-17,HvtdCiV2DLNAHav8EEMZ6XwEdNg=,4bA7xU0t9/53U+yedDJbvqta8qk=
179,-31,HvtdCiV2DLNAHav8EEMZ6XwEdNg=,4bA7xU0t9/53U+yedDJbvqta8qk=
176,-30,HvtdCiV2DLNAHav8EEMZ6XwEdNg=,4bA7xU0t9/53U+yedDJbvqta8qk=
186,-17,HvtdCiV2DLNAHav8EEMZ6XwEdNg=,4bA7xU0t9/53U+yedDJbvqta8qk=
185,-17,HvtdCiV2DLNAHav8EEMZ6XwEdNg=,4bA7xU0t9/53U+yedDJbvqta8qk=
180,-32,HvtdCiV2DLNAHav8EEMZ6XwEdNg=,4bA7xU0t9/53U+yedDJbvqta8qk=
184,-17,HvtdCiV2DLNAHav8EEMZ6XwEdNg=,4bA7xU0t9/53U+yedDJbvqta8qk=
183,-17,HvtdCiV2DLNAHav8EEMZ6XwEdNg=,4bA7xU0t9/53U+yedDJbvqta8qk=
182,-17,HvtdCiV2DLNAHav8EEMZ6XwEdNg=,4bA7xU0t9/53U+yedDJbvqta8qk=
181,-17,HvtdCiV2DLNAHav8EEMZ6XwEdNg=,4bA7xU0t9/53U+yedDJbvqta8qk=
180,-17,HvtdCiV2DLNAHav8EEMZ6XwEdNg=,4bA7xU0t9/53U+yedDJbvqta8qk=
179,-17,HvtdCiV2DLNAHav8EEMZ6XwEdNg=,4bA7xU0t9/53U+yedDJbvqta8qk=
180,-29,HvtdCiV2DLNAHav8EEMZ6XwEdNg=,4bA7xU0t9/53U+yedDJbvqta8qk=
178,-31,HvtdCiV2DLNAHav8EEMZ6XwEdNg=,4bA7xU0t9/53U+yedDJbvqta8qk=
178,-17,HvtdCiV2DLNAHav8EEMZ6XwEdNg=,4bA7xU0t9/53U+yedDJbvqta8qk=
177,-17,HvtdCiV2DLNAHav8EEMZ6XwEdNg=,4bA7xU0t9/53U+yedDJbvqta8qk=
176,-17,HvtdCiV2DLNAHav8EEMZ6XwEdNg=,4bA7xU0t9/53U+yedDJbvqta8qk=
181,-29,HvtdCiV2DLNAHav8EEMZ6XwEdNg=,4bA7xU0t9/53U+yedDJbvqta8qk=
177,-31,HvtdCiV2DLNAHav8EEMZ6XwEdNg=,4bA7xU0t9/53U+yedDJbvqta8qk=
191,-18,HvtdCiV2DLNAHav8EEMZ6XwEdNg=,4bA7xU0t9/53U+yedDJbvqta8qk=
182,-29,HvtdCiV2DLNAHav8EEMZ6XwEdNg=,4bA7xU0t9/53U+yedDJbvqta8qk=
178,-32,HvtdCiV2DLNAHav8EEMZ6XwEdNg=,4bA7xU0t9/53U+yedDJbvqta8qk=
190,-18,HvtdCiV2DLNAHav8EEMZ6XwEdNg=,4bA7xU0t9/53U+yedDJbvqta8qk=
183,-29,HvtdCiV2DLNAHav8EEMZ6XwEdNg=,4bA7xU0t9/53U+yedDJbvqta8qk=
188,-30,HvtdCiV2DLNAHav8EEMZ6XwEdNg=,4bA7xU0t9/53U+yedDJbvqta8qk=
189,-18,HvtdCiV2DLNAHav8EEMZ6XwEdNg=,4bA7xU0t9/53U+yedDJbvqta8qk=
184,-29,HvtdCiV2DLNAHav8EEMZ6XwEdNg=,4bA7xU0t9/53U+yedDJbvqta8qk=
188,-18,HvtdCiV2DLNAHav8EEMZ6XwEdNg=,4bA7xU0t9/53U+yedDJbvqta8qk=
187,-18,HvtdCiV2DLNAHav8EEMZ6XwEdNg=,4bA7xU0t9/53U+yedDJbvqta8qk=
186,-18,HvtdCiV2DLNAHav8EEMZ6XwEdNg=,4bA7xU0t9/53U+yedDJbvqta8qk=
185,-18,HvtdCiV2DLNAHav8EEMZ6XwEdNg=,4bA7xU0t9/53U+yedDJbvqta8qk=
184,-18,HvtdCiV2DLNAHav8EEMZ6XwEdNg=,4bA7xU0t9/53U+yedDJbvqta8qk=
183,-18,HvtdCiV2DLNAHav8EEMZ6XwEdNg=,4bA7xU0t9/53U+yedDJbvqta8qk=
185,-29,HvtdCiV2DLNAHav8EEMZ6XwEdNg=,4bA7xU0t9/53U+yedDJbvqta8qk=
182,-18,HvtdCiV2DLNAHav8EEMZ6XwEdNg=,4bA7xU0t9/53U+yedDJbvqta8qk=
181,-18,HvtdCiV2DLNAHav8EEMZ6XwEdNg=,4bA7xU0t9/53U+yedDJbvqta8qk=
180,-18,HvtdCiV2DLNAHav8EEMZ6XwEdNg=,4bA7xU0t9/53U+yedDJbvqta8qk=
179,-18,HvtdCiV2DLNAHav8EEMZ6XwEdNg=,4bA7xU0t9/53U+yedDJbvqta8qk=
186,-29,HvtdCiV2DLNAHav8EEMZ6XwEdNg=,4bA7xU0t9/53U+yedDJbvqta8qk=
178,-18,HvtdCiV2DLNAHav8EEMZ6XwEdNg=,4bA7xU0t9/53U+yedDJbvqta8qk=
177,-18,HvtdCiV2DLNAHav8EEMZ6XwEdNg=,4bA7xU0t9/53U+yedDJbvqta8qk=
187,-29,HvtdCiV2DLNAHav8EEMZ6XwEdNg=,4bA7xU0t9/53U+yedDJbvqta8qk=
191,-19,HvtdCiV2DLNAHav8EEMZ6XwEdNg=,4bA7xU0t9/53U+yedDJbvqta8qk=
176,-31,HvtdCiV2DLNAHav8EEMZ6XwEdNg=,4bA7xU0t9/53U+yedDJbvqta8qk=
188,-29,HvtdCiV2DLNAHav8EEMZ6XwEdNg=,4bA7xU0t9/53U+yedDJbvqta8qk=
190,-19,HvtdCiV2DLNAHav8EEMZ6XwEdNg=,4bA7xU0t9/53U+yedDJbvqta8qk=
191,-32,HvtdCiV2DLNAHav8EEMZ6XwEdNg=,4bA7xU0t9/53U+yedDJbvqta8qk=
189,-29,HvtdCiV2DLNAHav8EEMZ6XwEdNg=,4bA7xU0t9/53U+yedDJbvqta8qk=
187,-30,HvtdCiV2DLNAHav8EEMZ6XwEdNg=,4bA7xU0t9/53U+yedDJbvqta8qk=
189,-19,HvtdCiV2DLNAHav8EEMZ6XwEdNg=,4bA7xU0t9/53U+yedDJbvqta8qk=
190,-29,HvtdCiV2DLNAHav8EEMZ6XwEdNg=,4bA7xU0t9/53U+yedDJbvqta8qk=
188,-19,HvtdCiV2DLNAHav8EEMZ6XwEdNg=,4bA7xU0t9/53U+yedDJbvqta8qk=
187,-19,HvtdCiV2DLNAHav8EEMZ6XwEdNg=,4bA7xU0t9/53U+yedDJbvqta8qk=
186,-19,HvtdCiV2DLNAHav8EEMZ6XwEdNg=,4bA7xU0t9/53U+yedDJbvqta8qk=
185,-19,HvtdCiV2DLNAHav8EEMZ6XwEdNg=,4bA7xU0t9/53U+yedDJbvqta8qk=
191,-29,HvtdCiV2DLNAHav8EEMZ6XwEdNg=,4bA7xU0t9/53U+yedDJbvqta8qk=
184,-19,HvtdCiV2DLNAHav8EEMZ6XwEdNg=,4bA7xU0t9/53U+yedDJbvqta8qk=
183,-19,HvtdCiV2DLNAHav8EEMZ6XwEdNg=,4bA7xU0t9/53U+yedDJbvqta8qk=
176,-32,HvtdCiV2DLNAHav8EEMZ6XwEdNg=,4bA7xU0t9/53U+yedDJbvqta8qk=
182,-19,HvtdCiV2DLNAHav8EEMZ6XwEdNg=,4bA7xU0t9/53U+yedDJbvqta8qk=
181,-19,HvtdCiV2DLNAHav8EEMZ6XwEdNg=,4bA7xU0t9/53U+yedDJbvqta8qk=
177,-30,HvtdCiV2DLNAHav8EEMZ6XwEdNg=,4bA7xU0t9/53U+yedDJbvqta8qk=
180,-19,HvtdCiV2DLNAHav8EEMZ6XwEdNg=,4bA7xU0t9/53U+yedDJbvqta8qk=
176,-28,HvtdCiV2DLNAHav8EEMZ6XwEdNg=,4bA7xU0t9/53U+yedDJbvqta8qk=
178,-19,HvtdCiV2DLNAHav8EEMZ6XwEdNg=,4bA7xU0t9/53U+yedDJbvqta8qk=
177,-19,HvtdCiV2DLNAHav8EEMZ6XwEdNg=,4bA7xU0t9/53U+yedDJbvqta8qk=
177,-28,HvtdCiV2DLNAHav8EEMZ6XwEdNg=,4bA7xU0t9/53U+yedDJbvqta8qk=
177,-32,HvtdCiV2DLNAHav8EEMZ6XwEdNg=,4bA7xU0t9/53U+yedDJbvqta8qk=
191,-20,HvtdCiV2DLNAHav8EEMZ6XwEdNg=,4bA7xU0t9/53U+yedDJbvqta8qk=
176,-19,HvtdCiV2DLNAHav8EEMZ6XwEdNg=,4bA7xU0t9/53U+yedDJbvqta8qk=
178,-28,HvtdCiV2DLNAHav8EEMZ6XwEdNg=,4bA7xU0t9/53U+yedDJbvqta8qk=
190,-20,HvtdCiV2DLNAHav8EEMZ6XwEdNg=,4bA7xU0t9/53U+yedDJbvqta8qk=
189,-20,HvtdCiV2DLNAHav8EEMZ6XwEdNg=,4bA7xU0t9/53U+yedDJbvqta8qk=
188,-20,HvtdCiV2DLNAHav8EEMZ6XwEdNg=,4bA7xU0t9/53U+yedDJbvqta8qk=
190,-32,HvtdCiV2DLNAHav8EEMZ6XwEdNg=,4bA7xU0t9/53U+yedDJbvqta8qk=
187,-20,HvtdCiV2DLNAHav8EEMZ6XwEdNg=,4bA7xU0t9/53U+yedDJbvqta8qk=
186,-30,HvtdCiV2DLNAHav8EEMZ6XwEdNg=,4bA7xU0t9/53U+yedDJbvqta8qk=
179,-28,HvtdCiV2DLNAHav8EEMZ6XwEdNg=,4bA7xU0t9/53U+yedDJbvqta8qk=
186,-20,HvtdCiV2DLNAHav8EEMZ6XwEdNg=,4bA7xU0t9/53U+yedDJbvqta8qk=
180,-28,HvtdCiV2DLNAHav8EEMZ6XwEdNg=,4bA7xU0t9/53U+yedDJbvqta8qk=
185,-20,HvtdCiV2DLNAHav8EEMZ6XwEdNg=,4bA7xU0t9/53U+yedDJbvqta8qk=
178,-30,HvtdCiV2DLNAHav8EEMZ6XwEdNg=,4bA7xU0t9/53U+yedDJbvqta8qk=
182,-20,HvtdCiV2DLNAHav8EEMZ6XwEdNg=,4bA7xU0t9/53U+yedDJbvqta8qk=
181,-32,HvtdCiV2DLNAHav8EEMZ6XwEdNg=,4bA7xU0t9/53U+yedDJbvqta8qk=
181,-20,HvtdCiV2DLNAHav8EEMZ6XwEdNg=,4bA7xU0t9/53U+yedDJbvqta8qk=
181,-28,HvtdCiV2DLNAHav8EEMZ6XwEdNg=,4bA7xU0t9/53U+yedDJbvqta8qk=
180,-20,HvtdCiV2DLNAHav8EEMZ6XwEdNg=,4bA7xU0t9/53U+yedDJbvqta8qk=
182,-28,HvtdCiV2DLNAHav8EEMZ6XwEdNg=,4bA7xU0t9/53U+yedDJbvqta8qk=
179,-20,HvtdCiV2DLNAHav8EEMZ6XwEdNg=,4bA7xU0t9/53U+yedDJbvqta8qk=
183,-28,HvtdCiV2DLNAHav8EEMZ6XwEdNg=,4bA7xU0t9/53U+yedDJbvqta8qk=
178,-20,HvtdCiV2DLNAHav8EEMZ6XwEdNg=,4bA7xU0t9/53U+yedDJbvqta8qk=
184,-28,HvtdCiV2DLNAHav8EEMZ6XwEdNg=,4bA7xU0t9/53U+yedDJbvqta8qk=
177,-20,HvtdCiV2DLNAHav8EEMZ6XwEdNg=,4bA7xU0t9/53U+yedDJbvqta8qk=
176,-20,HvtdCiV2DLNAHav8EEMZ6XwEdNg=,4bA7xU0t9/53U+yedDJbvqta8qk=
191,-21,HvtdCiV2DLNAHav8EEMZ6XwEdNg=,4bA7xU0t9/53U+yedDJbvqta8qk=
185,-28,HvtdCiV2DLNAHav8EEMZ6XwEdNg=,4bA7xU0t9/53U+yedDJbvqta8qk=
190,-21,HvtdCiV2DLNAHav8EEMZ6XwEdNg=,4bA7xU0t9/53U+yedDJbvqta8qk=
189,-21,HvtdCiV2DLNAHav8EEMZ6XwEdNg=,4bA7xU0t9/53U+yedDJbvqta8qk=
188,-21,HvtdCiV2DLNAHav8EEMZ6XwEdNg=,4bA7xU0t9/53U+yedDJbvqta8qk=
186,-28,HvtdCiV2DLNAHav8EEMZ6XwEdNg=,4bA7xU0t9/53U+yedDJbvqta8qk=
187,-21,HvtdCiV2DLNAHav8EEMZ6XwEdNg=,4bA7xU0t9/53U+yedDJbvqta8qk=
187,-28,HvtdCiV2DLNAHav8EEMZ6XwEdNg=,4bA7xU0t9/53U+yedDJbvqta8qk=
190,-17,HvtdCiV2DLNAHav8EEMZ6XwEdNg=,4bA7xU0t9/53U+yedDJbvqta8qk=
189,-32,HvtdCiV2DLNAHav8EEMZ6XwEdNg=,4bA7xU0t9/53U+yedDJbvqta8qk=
189,-28,HvtdCiV2DLNAHav8EEMZ6XwEdNg=,4bA7xU0t9/53U+yedDJbvqta8qk=
185,-30,HvtdCiV2DLNAHav8EEMZ6XwEdNg=,4bA7xU0t9/53U+yedDJbvqta8qk=
190,-28,HvtdCiV2DLNAHav8EEMZ6XwEdNg=,4bA7xU0t9/53U+yedDJbvqta8qk=
186,-21,HvtdCiV2DLNAHav8EEMZ6XwEdNg=,4bA7xU0t9/53U+yedDJbvqta8qk=
185,-21,HvtdCiV2DLNAHav8EEMZ6XwEdNg=,4bA7xU0t9/53U+yedDJbvqta8qk=
184,-21,HvtdCiV2DLNAHav8EEMZ6XwEdNg=,4bA7xU0t9/53U+yedDJbvqta8qk=
191,-28,HvtdCiV2DLNAHav8EEMZ6XwEdNg=,4bA7xU0t9/53U+yedDJbvqta8qk=
182,-21,HvtdCiV2DLNAHav8EEMZ6XwEdNg=,4bA7xU0t9/53U+yedDJbvqta8qk=
182,-32,HvtdCiV2DLNAHav8EEMZ6XwEdNg=,4bA7xU0t9/53U+yedDJbvqta8qk=
181,-21,HvtdCiV2DLNAHav8EEMZ6XwEdNg=,4bA7xU0t9/53U+yedDJbvqta8qk=
180,-21,HvtdCiV2DLNAHav8EEMZ6XwEdNg=,4bA7xU0t9/53U+yedDJbvqta8qk=
176,-27,HvtdCiV2DLNAHav8EEMZ6XwEdNg=,4bA7xU0t9/53U+yedDJbvqta8qk=
183,-21,HvtdCiV2DLNAHav8EEMZ6XwEdNg=,4bA7xU0t9/53U+yedDJbvqta8qk=
179,-21,HvtdCiV2DLNAHav8EEMZ6XwEdNg=,4bA7xU0t9/53U+yedDJbvqta8qk=
177,-27,HvtdCiV2DLNAHav8EEMZ6XwEdNg=,4bA7xU0t9/53U+yedDJbvqta8qk=
177,-21,HvtdCiV2DLNAHav8EEMZ6XwEdNg=,4bA7xU0t9/53U+yedDJbvqta8qk=
178,-21,HvtdCiV2DLNAHav8EEMZ6XwEdNg=,4bA7xU0t9/53U+yedDJbvqta8qk=
176,-21,HvtdCiV2DLNAHav8EEMZ6XwEdNg=,4bA7xU0t9/53U+yedDJbvqta8qk=
178,-27,HvtdCiV2DLNAHav8EEMZ6XwEdNg=,4bA7xU0t9/53U+yedDJbvqta8qk=
190,-22,HvtdCiV2DLNAHav8EEMZ6XwEdNg=,4bA7xU0t9/53U+yedDJbvqta8qk=
188,-28,HvtdCiV2DLNAHav8EEMZ6XwEdNg=,4bA7xU0t9/53U+yedDJbvqta8qk=
191,-22,HvtdCiV2DLNAHav8EEMZ6XwEdNg=,4bA7xU0t9/53U+yedDJbvqta8qk=
189,-22,HvtdCiV2DLNAHav8EEMZ6XwEdNg=,4bA7xU0t9/53U+yedDJbvqta8qk=
188,-22,HvtdCiV2DLNAHav8EEMZ6XwEdNg=,4bA7xU0t9/53U+yedDJbvqta8qk=
187,-22,HvtdCiV2DLNAHav8EEMZ6XwEdNg=,4bA7xU0t9/53U+yedDJbvqta8qk=
186,-22,HvtdCiV2DLNAHav8EEMZ6XwEdNg=,4bA7xU0t9/53U+yedDJbvqta8qk=
179,-27,HvtdCiV2DLNAHav8EEMZ6XwEdNg=,4bA7xU0t9/53U+yedDJbvqta8qk=
185,-22,HvtdCiV2DLNAHav8EEMZ6XwEdNg=,4bA7xU0t9/53U+yedDJbvqta8qk=
184,-30,HvtdCiV2DLNAHav8EEMZ6XwEdNg=,4bA7xU0t9/53U+yedDJbvqta8qk=
179,-30,HvtdCiV2DLNAHav8EEMZ6XwEdNg=,4bA7xU0t9/53U+yedDJbvqta8qk=
184,-22,HvtdCiV2DLNAHav8EEMZ6XwEdNg=,4bA7xU0t9/53U+yedDJbvqta8qk=
183,-32,HvtdCiV2DLNAHav8EEMZ6XwEdNg=,4bA7xU0t9/53U+yedDJbvqta8qk=
183,-22,HvtdCiV2DLNAHav8EEMZ6XwEdNg=,4bA7xU0t9/53U+yedDJbvqta8qk=
180,-27,HvtdCiV2DLNAHav8EEMZ6XwEdNg=,4bA7xU0t9/53U+yedDJbvqta8qk=
182,-22,HvtdCiV2DLNAHav8EEMZ6XwEdNg=,4bA7xU0t9/53U+yedDJbvqta8qk=
181,-27,HvtdCiV2DLNAHav8EEMZ6XwEdNg=,4bA7xU0t9/53U+yedDJbvqta8qk=
181,-22,HvtdCiV2DLNAHav8EEMZ6XwEdNg=,4bA7xU0t9/53U+yedDJbvqta8qk=
182,-27,HvtdCiV2DLNAHav8EEMZ6XwEdNg=,4bA7xU0t9/53U+yedDJbvqta8qk=
180,-22,HvtdCiV2DLNAHav8EEMZ6XwEdNg=,4bA7xU0t9/53U+yedDJbvqta8qk=
183,-27,HvtdCiV2DLNAHav8EEMZ6XwEdNg=,4bA7xU0t9/53U+yedDJbvqta8qk=
179,-22,HvtdCiV2DLNAHav8EEMZ6XwEdNg=,4bA7xU0t9/53U+yedDJbvqta8qk=
184,-27,HvtdCiV2DLNAHav8EEMZ6XwEdNg=,4bA7xU0t9/53U+yedDJbvqta8qk=
178,-22,HvtdCiV2DLNAHav8EEMZ6XwEdNg=,4bA7xU0t9/53U+yedDJbvqta8qk=
177,-22,HvtdCiV2DLNAHav8EEMZ6XwEdNg=,4bA7xU0t9/53U+yedDJbvqta8qk=
185,-27,HvtdCiV2DLNAHav8EEMZ6XwEdNg=,4bA7xU0t9/53U+yedDJbvqta8qk=
176,-22,HvtdCiV2DLNAHav8EEMZ6XwEdNg=,4bA7xU0t9/53U+yedDJbvqta8qk=
186,-27,HvtdCiV2DLNAHav8EEMZ6XwEdNg=,4bA7xU0t9/53U+yedDJbvqta8qk=
191,-23,HvtdCiV2DLNAHav8EEMZ6XwEdNg=,4bA7xU0t9/53U+yedDJbvqta8qk=
187,-27,HvtdCiV2DLNAHav8EEMZ6XwEdNg=,4bA7xU0t9/53U+yedDJbvqta8qk=
190,-23,HvtdCiV2DLNAHav8EEMZ6XwEdNg=,4bA7xU0t9/53U+yedDJbvqta8qk=
188,-27,HvtdCiV2DLNAHav8EEMZ6XwEdNg=,4bA7xU0t9/53U+yedDJbvqta8qk=
189,-23,HvtdCiV2DLNAHav8EEMZ6XwEdNg=,4bA7xU0t9/53U+yedDJbvqta8qk=
176,-18,HvtdCiV2DLNAHav8EEMZ6XwEdNg=,4bA7xU0t9/53U+yedDJbvqta8qk=
181,-31,HvtdCiV2DLNAHav8EEMZ6XwEdNg=,4bA7xU0t9/53U+yedDJbvqta8qk=
179,-19,HvtdCiV2DLNAHav8EEMZ6XwEdNg=,4bA7xU0t9/53U+yedDJbvqta8qk=
189,-27,HvtdCiV2DLNAHav8EEMZ6XwEdNg=,4bA7xU0t9/53U+yedDJbvqta8qk=
184,-20,HvtdCiV2DLNAHav8EEMZ6XwEdNg=,4bA7xU0t9/53U+yedDJbvqta8qk=
185,-23,HvtdCiV2DLNAHav8EEMZ6XwEdNg=,4bA7xU0t9/53U+yedDJbvqta8qk=
190,-27,HvtdCiV2DLNAHav8EEMZ6XwEdNg=,4bA7xU0t9/53U+yedDJbvqta8qk=
186,-23,HvtdCiV2DLNAHav8EEMZ6XwEdNg=,4bA7xU0t9/53U+yedDJbvqta8qk=
183,-30,HvtdCiV2DLNAHav8EEMZ6XwEdNg=,4bA7xU0t9/53U+yedDJbvqta8qk=
191,-27,HvtdCiV2DLNAHav8EEMZ6XwEdNg=,4bA7xU0t9/53U+yedDJbvqta8qk=
184,-23,HvtdCiV2DLNAHav8EEMZ6XwEdNg=,4bA7xU0t9/53U+yedDJbvqta8qk=
183,-23,HvtdCiV2DLNAHav8EEMZ6XwEdNg=,4bA7xU0t9/53U+yedDJbvqta8qk=
176,-26,HvtdCiV2DLNAHav8EEMZ6XwEdNg=,4bA7xU0t9/53U+yedDJbvqta8qk=
182,-23,HvtdCiV2DLNAHav8EEMZ6XwEdNg=,4bA7xU0t9/53U+yedDJbvqta8qk=
181,-23,HvtdCiV2DLNAHav8EEMZ6XwEdNg=,4bA7xU0t9/53U+yedDJbvqta8qk=
180,-23,HvtdCiV2DLNAHav8EEMZ6XwEdNg=,4bA7xU0t9/53U+yedDJbvqta8qk=
179,-23,HvtdCiV2DLNAHav8EEMZ6XwEdNg=,4bA7xU0t9/53U+yedDJbvqta8qk=
178,-23,HvtdCiV2DLNAHav8EEMZ6XwEdNg=,4bA7xU0t9/53U+yedDJbvqta8qk=
177,-23,HvtdCiV2DLNAHav8EEMZ6XwEdNg=,4bA7xU0t9/53U+yedDJbvqta8qk=
177,-26,HvtdCiV2DLNAHav8EEMZ6XwEdNg=,4bA7xU0t9/53U+yedDJbvqta8qk=
191,-24,HvtdCiV2DLNAHav8EEMZ6XwEdNg=,4bA7xU0t9/53U+yedDJbvqta8qk=
178,-26,HvtdCiV2DLNAHav8EEMZ6XwEdNg=,4bA7xU0t9/53U+yedDJbvqta8qk=
190,-24,HvtdCiV2DLNAHav8EEMZ6XwEdNg=,4bA7xU0t9/53U+yedDJbvqta8qk=
176,-23,HvtdCiV2DLNAHav8EEMZ6XwEdNg=,4bA7xU0t9/53U+yedDJbvqta8qk=
179,-26,HvtdCiV2DLNAHav8EEMZ6XwEdNg=,4bA7xU0t9/53U+yedDJbvqta8qk=
189,-24,HvtdCiV2DLNAHav8EEMZ6XwEdNg=,4bA7xU0t9/53U+yedDJbvqta8qk=
188,-24,HvtdCiV2DLNAHav8EEMZ6XwEdNg=,4bA7xU0t9/53U+yedDJbvqta8qk=
180,-26,HvtdCiV2DLNAHav8EEMZ6XwEdNg=,4bA7xU0t9/53U+yedDJbvqta8qk=
187,-24,HvtdCiV2DLNAHav8EEMZ6XwEdNg=,4bA7xU0t9/53U+yedDJbvqta8qk=
181,-26,HvtdCiV2DLNAHav8EEMZ6XwEdNg=,4bA7xU0t9/53U+yedDJbvqta8qk=
186,-24,HvtdCiV2DLNAHav8EEMZ6XwEdNg=,4bA7xU0t9/53U+yedDJbvqta8qk=
185,-24,HvtdCiV2DLNAHav8EEMZ6XwEdNg=,4bA7xU0t9/53U+yedDJbvqta8qk=
184,-24,HvtdCiV2DLNAHav8EEMZ6XwEdNg=,4bA7xU0t9/53U+yedDJbvqta8qk=
180,-30,HvtdCiV2DLNAHav8EEMZ6XwEdNg=,4bA7xU0t9/53U+yedDJbvqta8qk=
182,-30,HvtdCiV2DLNAHav8EEMZ6XwEdNg=,4bA7xU0t9/53U+yedDJbvqta8qk=
182,-26,HvtdCiV2DLNAHav8EEMZ6XwEdNg=,4bA7xU0t9/53U+yedDJbvqta8qk=
186,-32,HvtdCiV2DLNAHav8EEMZ6XwEdNg=,4bA7xU0t9/53U+yedDJbvqta8qk=
184,-32,HvtdCiV2DLNAHav8EEMZ6XwEdNg=,4bA7xU0t9/53U+yedDJbvqta8qk=
183,-24,HvtdCiV2DLNAHav8EEMZ6XwEdNg=,4bA7xU0t9/53U+yedDJbvqta8qk=
182,-24,HvtdCiV2DLNAHav8EEMZ6XwEdNg=,4bA7xU0t9/53U+yedDJbvqta8qk=
181,-24,HvtdCiV2DLNAHav8EEMZ6XwEdNg=,4bA7xU0t9/53U+yedDJbvqta8qk=
180,-24,HvtdCiV2DLNAHav8EEMZ6XwEdNg=,4bA7xU0t9/53U+yedDJbvqta8qk=
183,-26,HvtdCiV2DLNAHav8EEMZ6XwEdNg=,4bA7xU0t9/53U+yedDJbvqta8qk=
179,-24,HvtdCiV2DLNAHav8EEMZ6XwEdNg=,4bA7xU0t9/53U+yedDJbvqta8qk=
178,-24,HvtdCiV2DLNAHav8EEMZ6XwEdNg=,4bA7xU0t9/53U+yedDJbvqta8qk=
184,-26,HvtdCiV2DLNAHav8EEMZ6XwEdNg=,4bA7xU0t9/53U+yedDJbvqta8qk=
177,-24,HvtdCiV2DLNAHav8EEMZ6XwEdNg=,4bA7xU0t9/53U+yedDJbvqta8qk=
191,-25,HvtdCiV2DLNAHav8EEMZ6XwEdNg=,4bA7xU0t9/53U+yedDJbvqta8qk=
185,-26,HvtdCiV2DLNAHav8EEMZ6XwEdNg=,4bA7xU0t9/53U+yedDJbvqta8qk=
186,-26,HvtdCiV2DLNAHav8EEMZ6XwEdNg=,4bA7xU0t9/53U+yedDJbvqta8qk=
190,-25,HvtdCiV2DLNAHav8EEMZ6XwEdNg=,4bA7xU0t9/53U+yedDJbvqta8qk=
187,-26,HvtdCiV2DLNAHav8EEMZ6XwEdNg=,4bA7xU0t9/53U+yedDJbvqta8qk=
189,-25,HvtdCiV2DLNAHav8EEMZ6XwEdNg=,4bA7xU0t9/53U+yedDJbvqta8qk=
188,-26,HvtdCiV2DLNAHav8EEMZ6XwEdNg=,4bA7xU0t9/53U+yedDJbvqta8qk=
188,-25,HvtdCiV2DLNAHav8EEMZ6XwEdNg=,4bA7xU0t9/53U+yedDJbvqta8qk=
189,-26,HvtdCiV2DLNAHav8EEMZ6XwEdNg=,4bA7xU0t9/53U+yedDJbvqta8qk=
187,-25,HvtdCiV2DLNAHav8EEMZ6XwEdNg=,4bA7xU0t9/53U+yedDJbvqta8qk=
190,-26,HvtdCiV2DLNAHav8EEMZ6XwEdNg=,4bA7xU0t9/53U+yedDJbvqta8qk=
176,-24,HvtdCiV2DLNAHav8EEMZ6XwEdNg=,4bA7xU0t9/53U+yedDJbvqta8qk=
183,-20,HvtdCiV2DLNAHav8EEMZ6XwEdNg=,4bA7xU0t9/53U+yedDJbvqta8qk=
186,-25,HvtdCiV2DLNAHav8EEMZ6XwEdNg=,4bA7xU0t9/53U+yedDJbvqta8qk=
191,-26,HvtdCiV2DLNAHav8EEMZ6XwEdNg=,4bA7xU0t9/53U+yedDJbvqta8qk=
184,-25,HvtdCiV2DLNAHav8EEMZ6XwEdNg=,4bA7xU0t9/53U+yedDJbvqta8qk=
185,-32,HvtdCiV2DLNAHav8EEMZ6XwEdNg=,4bA7xU0t9/53U+yedDJbvqta8qk=
183,-25,HvtdCiV2DLNAHav8EEMZ6XwEdNg=,4bA7xU0t9/53U+yedDJbvqta8qk=
181,-30,HvtdCiV2DLNAHav8EEMZ6XwEdNg=,4bA7xU0t9/53U+yedDJbvqta8qk=
182,-25,HvtdCiV2DLNAHav8EEMZ6XwEdNg=,4bA7xU0t9/53U+yedDJbvqta8qk=
179,-25,HvtdCiV2DLNAHav8EEMZ6XwEdNg=,4bA7xU0t9/53U+yedDJbvqta8qk=
181,-25,HvtdCiV2DLNAHav8EEMZ6XwEdNg=,4bA7xU0t9/53U+yedDJbvqta8qk=
180,-25,HvtdCiV2DLNAHav8EEMZ6XwEdNg=,4bA7xU0t9/53U+yedDJbvqta8qk=
176,-25,HvtdCiV2DLNAHav8EEMZ6XwEdNg=,4bA7xU0t9/53U+yedDJbvqta8qk=
177,-25,HvtdCiV2DLNAHav8EEMZ6XwEdNg=,4bA7xU0t9/53U+yedDJbvqta8qk=
178,-25,HvtdCiV2DLNAHav8EEMZ6XwEdNg=,4bA7xU0t9/53U+yedDJbvqta8qk=
188,-32,HvtdCiV2DLNAHav8EEMZ6XwEdNg=,4bA7xU0t9/53U+yedDJbvqta8qk=
188,-23,HvtdCiV2DLNAHav8EEMZ6XwEdNg=,4bA7xU0t9/53U+yedDJbvqta8qk=
187,-23,HvtdCiV2DLNAHav8EEMZ6XwEdNg=,4bA7xU0t9/53U+yedDJbvqta8qk=
187,-32,HvtdCiV2DLNAHav8EEMZ6XwEdNg=,4bA7xU0t9/53U+yedDJbvqta8qk=
185,-25,HvtdCiV2DLNAHav8EEMZ6XwEdNg=,4bA7xU0t9/53U+yedDJbvqta8qk=
174,-30,HvtdCiV2DLNAHav8EEMZ6XwEdNg=,lbCYulGw6o8gRoEqNIL5maQBwow=
175,-17,HvtdCiV2DLNAHav8EEMZ6XwEdNg=,lbCYulGw6o8gRoEqNIL5maQBwow=
173,-30,HvtdCiV2DLNAHav8EEMZ6XwEdNg=,lbCYulGw6o8gRoEqNIL5maQBwow=
174,-17,HvtdCiV2DLNAHav8EEMZ6XwEdNg=,lbCYulGw6o8gRoEqNIL5maQBwow=
163,-32,HvtdCiV2DLNAHav8EEMZ6XwEdNg=,lbCYulGw6o8gRoEqNIL5maQBwow=
173,-17,HvtdCiV2DLNAHav8EEMZ6XwEdNg=,lbCYulGw6o8gRoEqNIL5maQBwow=
171,-17,HvtdCiV2DLNAHav8EEMZ6XwEdNg=,lbCYulGw6o8gRoEqNIL5maQBwow=
170,-17,HvtdCiV2DLNAHav8EEMZ6XwEdNg=,lbCYulGw6o8gRoEqNIL5maQBwow=
175,-31,HvtdCiV2DLNAHav8EEMZ6XwEdNg=,lbCYulGw6o8gRoEqNIL5maQBwow=
172,-17,HvtdCiV2DLNAHav8EEMZ6XwEdNg=,lbCYulGw6o8gRoEqNIL5maQBwow=
174,-31,p3tyzZQbABdsy/SesyNLniULfN0=,lbCYulGw6o8gRoEqNIL5maQBwow=
173,-31,p3tyzZQbABdsy/SesyNLniULfN0=,lbCYulGw6o8gRoEqNIL5maQBwow=
167,-31,p3tyzZQbABdsy/SesyNLniULfN0=,lbCYulGw6o8gRoEqNIL5maQBwow=
165,-31,p3tyzZQbABdsy/SesyNLniULfN0=,lbCYulGw6o8gRoEqNIL5maQBwow=
166,-17,p3tyzZQbABdsy/SesyNLniULfN0=,lbCYulGw6o8gRoEqNIL5maQBwow=
164,-17,p3tyzZQbABdsy/SesyNLniULfN0=,lbCYulGw6o8gRoEqNIL5maQBwow=
162,-17,p3tyzZQbABdsy/SesyNLniULfN0=,lbCYulGw6o8gRoEqNIL5maQBwow=
163,-17,p3tyzZQbABdsy/SesyNLniULfN0=,lbCYulGw6o8gRoEqNIL5maQBwow=
169,-31,p3tyzZQbABdsy/SesyNLniULfN0=,lbCYulGw6o8gRoEqNIL5maQBwow=
172,-31,p3tyzZQbABdsy/SesyNLniULfN0=,lbCYulGw6o8gRoEqNIL5maQBwow=
170,-31,p3tyzZQbABdsy/SesyNLniULfN0=,lbCYulGw6o8gRoEqNIL5maQBwow=
164,-31,p3tyzZQbABdsy/SesyNLniULfN0=,lbCYulGw6o8gRoEqNIL5maQBwow=
165,-17,p3tyzZQbABdsy/SesyNLniULfN0=,lbCYulGw6o8gRoEqNIL5maQBwow=
168,-31,p3tyzZQbABdsy/SesyNLniULfN0=,lbCYulGw6o8gRoEqNIL5maQBwow=
160,-17,p3tyzZQbABdsy/SesyNLniULfN0=,lbCYulGw6o8gRoEqNIL5maQBwow=
171,-31,p3tyzZQbABdsy/SesyNLniULfN0=,lbCYulGw6o8gRoEqNIL5maQBwow=
168,-17,p3tyzZQbABdsy/SesyNLniULfN0=,lbCYulGw6o8gRoEqNIL5maQBwow=
169,-17,p3tyzZQbABdsy/SesyNLniULfN0=,lbCYulGw6o8gRoEqNIL5maQBwow=
167,-17,p3tyzZQbABdsy/SesyNLniULfN0=,lbCYulGw6o8gRoEqNIL5maQBwow=
162,-32,p3tyzZQbABdsy/SesyNLniULfN0=,lbCYulGw6o8gRoEqNIL5maQBwow=
161,-17,p3tyzZQbABdsy/SesyNLniULfN0=,lbCYulGw6o8gRoEqNIL5maQBwow=
163,-31,p3tyzZQbABdsy/SesyNLniULfN0=,lbCYulGw6o8gRoEqNIL5maQBwow=
166,-31,p3tyzZQbABdsy/SesyNLniULfN0=,lbCYulGw6o8gRoEqNIL5maQBwow=
161,-31,p3tyzZQbABdsy/SesyNLniULfN0=,lbCYulGw6o8gRoEqNIL5maQBwow=
172,-30,p3tyzZQbABdsy/SesyNLniULfN0=,lbCYulGw6o8gRoEqNIL5maQBwow=
170,-18,p3tyzZQbABdsy/SesyNLniULfN0=,lbCYulGw6o8gRoEqNIL5maQBwow=
168,-18,p3tyzZQbABdsy/SesyNLniULfN0=,lbCYulGw6o8gRoEqNIL5maQBwow=
167,-18,p3tyzZQbABdsy/SesyNLniULfN0=,lbCYulGw6o8gRoEqNIL5maQBwow=
163,-18,p3tyzZQbABdsy/SesyNLniULfN0=,lbCYulGw6o8gRoEqNIL5maQBwow=
169,-18,p3tyzZQbABdsy/SesyNLniULfN0=,lbCYulGw6o8gRoEqNIL5maQBwow=
164,-18,p3tyzZQbABdsy/SesyNLniULfN0=,lbCYulGw6o8gRoEqNIL5maQBwow=
171,-18,p3tyzZQbABdsy/SesyNLniULfN0=,lbCYulGw6o8gRoEqNIL5maQBwow=
166,-18,p3tyzZQbABdsy/SesyNLniULfN0=,lbCYulGw6o8gRoEqNIL5maQBwow=
172,-18,p3tyzZQbABdsy/SesyNLniULfN0=,lbCYulGw6o8gRoEqNIL5maQBwow=
165,-18,p3tyzZQbABdsy/SesyNLniULfN0=,lbCYulGw6o8gRoEqNIL5maQBwow=
175,-19,p3tyzZQbABdsy/SesyNLniULfN0=,lbCYulGw6o8gRoEqNIL5maQBwow=
174,-19,p3tyzZQbABdsy/SesyNLniULfN0=,lbCYulGw6o8gRoEqNIL5maQBwow=
160,-31,p3tyzZQbABdsy/SesyNLniULfN0=,lbCYulGw6o8gRoEqNIL5maQBwow=
173,-19,p3tyzZQbABdsy/SesyNLniULfN0=,lbCYulGw6o8gRoEqNIL5maQBwow=
175,-32,p3tyzZQbABdsy/SesyNLniULfN0=,lbCYulGw6o8gRoEqNIL5maQBwow=
162,-18,p3tyzZQbABdsy/SesyNLniULfN0=,lbCYulGw6o8gRoEqNIL5maQBwow=
170,-19,p3tyzZQbABdsy/SesyNLniULfN0=,lbCYulGw6o8gRoEqNIL5maQBwow=
161,-18,p3tyzZQbABdsy/SesyNLniULfN0=,lbCYulGw6o8gRoEqNIL5maQBwow=
160,-18,p3tyzZQbABdsy/SesyNLniULfN0=,lbCYulGw6o8gRoEqNIL5maQBwow=
171,-19,p3tyzZQbABdsy/SesyNLniULfN0=,lbCYulGw6o8gRoEqNIL5maQBwow=
171,-30,p3tyzZQbABdsy/SesyNLniULfN0=,lbCYulGw6o8gRoEqNIL5maQBwow=
167,-19,p3tyzZQbABdsy/SesyNLniULfN0=,lbCYulGw6o8gRoEqNIL5maQBwow=
163,-19,p3tyzZQbABdsy/SesyNLniULfN0=,lbCYulGw6o8gRoEqNIL5maQBwow=
162,-19,p3tyzZQbABdsy/SesyNLniULfN0=,lbCYulGw6o8gRoEqNIL5maQBwow=
161,-32,p3tyzZQbABdsy/SesyNLniULfN0=,lbCYulGw6o8gRoEqNIL5maQBwow=
160,-19,p3tyzZQbABdsy/SesyNLniULfN0=,lbCYulGw6o8gRoEqNIL5maQBwow=
161,-19,p3tyzZQbABdsy/SesyNLniULfN0=,lbCYulGw6o8gRoEqNIL5maQBwow=
175,-20,p3tyzZQbABdsy/SesyNLniULfN0=,lbCYulGw6o8gRoEqNIL5maQBwow=
173,-20,p3tyzZQbABdsy/SesyNLniULfN0=,lbCYulGw6o8gRoEqNIL5maQBwow=
174,-20,p3tyzZQbABdsy/SesyNLniULfN0=,lbCYulGw6o8gRoEqNIL5maQBwow=
166,-19,p3tyzZQbABdsy/SesyNLniULfN0=,lbCYulGw6o8gRoEqNIL5maQBwow=
169,-19,p3tyzZQbABdsy/SesyNLniULfN0=,lbCYulGw6o8gRoEqNIL5maQBwow=
174,-32,p3tyzZQbABdsy/SesyNLniULfN0=,lbCYulGw6o8gRoEqNIL5maQBwow=
171,-20,p3tyzZQbABdsy/SesyNLniULfN0=,lbCYulGw6o8gRoEqNIL5maQBwow=
170,-30,p3tyzZQbABdsy/SesyNLniULfN0=,lbCYulGw6o8gRoEqNIL5maQBwow=
172,-20,p3tyzZQbABdsy/SesyNLniULfN0=,lbCYulGw6o8gRoEqNIL5maQBwow=
164,-19,p3tyzZQbABdsy/SesyNLniULfN0=,lbCYulGw6o8gRoEqNIL5maQBwow=
165,-19,p3tyzZQbABdsy/SesyNLniULfN0=,lbCYulGw6o8gRoEqNIL5maQBwow=
167,-20,p3tyzZQbABdsy/SesyNLniULfN0=,lbCYulGw6o8gRoEqNIL5maQBwow=
170,-20,p3tyzZQbABdsy/SesyNLniULfN0=,lbCYulGw6o8gRoEqNIL5maQBwow=
165,-20,p3tyzZQbABdsy/SesyNLniULfN0=,lbCYulGw6o8gRoEqNIL5maQBwow=
162,-20,p3tyzZQbABdsy/SesyNLniULfN0=,lbCYulGw6o8gRoEqNIL5maQBwow=
163,-20,p3tyzZQbABdsy/SesyNLniULfN0=,lbCYulGw6o8gRoEqNIL5maQBwow=
164,-20,p3tyzZQbABdsy/SesyNLniULfN0=,lbCYulGw6o8gRoEqNIL5maQBwow=
160,-20,p3tyzZQbABdsy/SesyNLniULfN0=,lbCYulGw6o8gRoEqNIL5maQBwow=
161,-20,p3tyzZQbABdsy/SesyNLniULfN0=,lbCYulGw6o8gRoEqNIL5maQBwow=
166,-20,p3tyzZQbABdsy/SesyNLniULfN0=,lbCYulGw6o8gRoEqNIL5maQBwow=
174,-21,p3tyzZQbABdsy/SesyNLniULfN0=,lbCYulGw6o8gRoEqNIL5maQBwow=
175,-21,p3tyzZQbABdsy/SesyNLniULfN0=,lbCYulGw6o8gRoEqNIL5maQBwow=
171,-21,p3tyzZQbABdsy/SesyNLniULfN0=,lbCYulGw6o8gRoEqNIL5maQBwow=
173,-32,p3tyzZQbABdsy/SesyNLniULfN0=,lbCYulGw6o8gRoEqNIL5maQBwow=
173,-21,p3tyzZQbABdsy/SesyNLniULfN0=,lbCYulGw6o8gRoEqNIL5maQBwow=
162,-31,p3tyzZQbABdsy/SesyNLniULfN0=,lbCYulGw6o8gRoEqNIL5maQBwow=
172,-21,p3tyzZQbABdsy/SesyNLniULfN0=,lbCYulGw6o8gRoEqNIL5maQBwow=
169,-21,p3tyzZQbABdsy/SesyNLniULfN0=,lbCYulGw6o8gRoEqNIL5maQBwow=
167,-21,p3tyzZQbABdsy/SesyNLniULfN0=,lbCYulGw6o8gRoEqNIL5maQBwow=
170,-21,p3tyzZQbABdsy/SesyNLniULfN0=,lbCYulGw6o8gRoEqNIL5maQBwow=
165,-21,p3tyzZQbABdsy/SesyNLniULfN0=,lbCYulGw6o8gRoEqNIL5maQBwow=
168,-21,p3tyzZQbABdsy/SesyNLniULfN0=,lbCYulGw6o8gRoEqNIL5maQBwow=
166,-21,p3tyzZQbABdsy/SesyNLniULfN0=,lbCYulGw6o8gRoEqNIL5maQBwow=
164,-21,p3tyzZQbABdsy/SesyNLniULfN0=,lbCYulGw6o8gRoEqNIL5maQBwow=
163,-21,p3tyzZQbABdsy/SesyNLniULfN0=,lbCYulGw6o8gRoEqNIL5maQBwow=
161,-21,p3tyzZQbABdsy/SesyNLniULfN0=,lbCYulGw6o8gRoEqNIL5maQBwow=
160,-21,p3tyzZQbABdsy/SesyNLniULfN0=,lbCYulGw6o8gRoEqNIL5maQBwow=
174,-22,p3tyzZQbABdsy/SesyNLniULfN0=,lbCYulGw6o8gRoEqNIL5maQBwow=
172,-22,p3tyzZQbABdsy/SesyNLniULfN0=,lbCYulGw6o8gRoEqNIL5maQBwow=
175,-22,p3tyzZQbABdsy/SesyNLniULfN0=,lbCYulGw6o8gRoEqNIL5maQBwow=
171,-22,p3tyzZQbABdsy/SesyNLniULfN0=,lbCYulGw6o8gRoEqNIL5maQBwow=
172,-32,p3tyzZQbABdsy/SesyNLniULfN0=,lbCYulGw6o8gRoEqNIL5maQBwow=
168,-30,p3tyzZQbABdsy/SesyNLniULfN0=,lbCYulGw6o8gRoEqNIL5maQBwow=
170,-22,p3tyzZQbABdsy/SesyNLniULfN0=,lbCYulGw6o8gRoEqNIL5maQBwow=
169,-22,p3tyzZQbABdsy/SesyNLniULfN0=,lbCYulGw6o8gRoEqNIL5maQBwow=
168,-22,p3tyzZQbABdsy/SesyNLniULfN0=,lbCYulGw6o8gRoEqNIL5maQBwow=
173,-22,p3tyzZQbABdsy/SesyNLniULfN0=,lbCYulGw6o8gRoEqNIL5maQBwow=
167,-22,p3tyzZQbABdsy/SesyNLniULfN0=,lbCYulGw6o8gRoEqNIL5maQBwow=
166,-22,p3tyzZQbABdsy/SesyNLniULfN0=,lbCYulGw6o8gRoEqNIL5maQBwow=
165,-22,p3tyzZQbABdsy/SesyNLniULfN0=,lbCYulGw6o8gRoEqNIL5maQBwow=
164,-22,p3tyzZQbABdsy/SesyNLniULfN0=,lbCYulGw6o8gRoEqNIL5maQBwow=
163,-22,p3tyzZQbABdsy/SesyNLniULfN0=,lbCYulGw6o8gRoEqNIL5maQBwow=
161,-22,p3tyzZQbABdsy/SesyNLniULfN0=,lbCYulGw6o8gRoEqNIL5maQBwow=
162,-22,p3tyzZQbABdsy/SesyNLniULfN0=,lbCYulGw6o8gRoEqNIL5maQBwow=
160,-22,p3tyzZQbABdsy/SesyNLniULfN0=,lbCYulGw6o8gRoEqNIL5maQBwow=
175,-23,p3tyzZQbABdsy/SesyNLniULfN0=,lbCYulGw6o8gRoEqNIL5maQBwow=
174,-23,p3tyzZQbABdsy/SesyNLniULfN0=,lbCYulGw6o8gRoEqNIL5maQBwow=
172,-23,p3tyzZQbABdsy/SesyNLniULfN0=,lbCYulGw6o8gRoEqNIL5maQBwow=
171,-23,p3tyzZQbABdsy/SesyNLniULfN0=,lbCYulGw6o8gRoEqNIL5maQBwow=
170,-23,p3tyzZQbABdsy/SesyNLniULfN0=,lbCYulGw6o8gRoEqNIL5maQBwow=
173,-23,p3tyzZQbABdsy/SesyNLniULfN0=,lbCYulGw6o8gRoEqNIL5maQBwow=
171,-32,p3tyzZQbABdsy/SesyNLniULfN0=,lbCYulGw6o8gRoEqNIL5maQBwow=
169,-23,p3tyzZQbABdsy/SesyNLniULfN0=,lbCYulGw6o8gRoEqNIL5maQBwow=
168,-23,p3tyzZQbABdsy/SesyNLniULfN0=,lbCYulGw6o8gRoEqNIL5maQBwow=
167,-23,p3tyzZQbABdsy/SesyNLniULfN0=,lbCYulGw6o8gRoEqNIL5maQBwow=
166,-23,p3tyzZQbABdsy/SesyNLniULfN0=,lbCYulGw6o8gRoEqNIL5maQBwow=
165,-23,p3tyzZQbABdsy/SesyNLniULfN0=,lbCYulGw6o8gRoEqNIL5maQBwow=
164,-23,p3tyzZQbABdsy/SesyNLniULfN0=,lbCYulGw6o8gRoEqNIL5maQBwow=
167,-30,p3tyzZQbABdsy/SesyNLniULfN0=,lbCYulGw6o8gRoEqNIL5maQBwow=
163,-23,p3tyzZQbABdsy/SesyNLniULfN0=,lbCYulGw6o8gRoEqNIL5maQBwow=
162,-23,p3tyzZQbABdsy/SesyNLniULfN0=,lbCYulGw6o8gRoEqNIL5maQBwow=
160,-23,p3tyzZQbABdsy/SesyNLniULfN0=,lbCYulGw6o8gRoEqNIL5maQBwow=
161,-23,p3tyzZQbABdsy/SesyNLniULfN0=,lbCYulGw6o8gRoEqNIL5maQBwow=
175,-24,p3tyzZQbABdsy/SesyNLniULfN0=,lbCYulGw6o8gRoEqNIL5maQBwow=
174,-24,p3tyzZQbABdsy/SesyNLniULfN0=,lbCYulGw6o8gRoEqNIL5maQBwow=
173,-24,p3tyzZQbABdsy/SesyNLniULfN0=,lbCYulGw6o8gRoEqNIL5maQBwow=
172,-24,p3tyzZQbABdsy/SesyNLniULfN0=,lbCYulGw6o8gRoEqNIL5maQBwow=
171,-24,p3tyzZQbABdsy/SesyNLniULfN0=,lbCYulGw6o8gRoEqNIL5maQBwow=
170,-24,p3tyzZQbABdsy/SesyNLniULfN0=,lbCYulGw6o8gRoEqNIL5maQBwow=
174,-18,p3tyzZQbABdsy/SesyNLniULfN0=,lbCYulGw6o8gRoEqNIL5maQBwow=
169,-24,p3tyzZQbABdsy/SesyNLniULfN0=,lbCYulGw6o8gRoEqNIL5maQBwow=
168,-20,p3tyzZQbABdsy/SesyNLniULfN0=,lbCYulGw6o8gRoEqNIL5maQBwow=
168,-24,p3tyzZQbABdsy/SesyNLniULfN0=,lbCYulGw6o8gRoEqNIL5maQBwow=
162,-21,p3tyzZQbABdsy/SesyNLniULfN0=,lbCYulGw6o8gRoEqNIL5maQBwow=
170,-32,p3tyzZQbABdsy/SesyNLniULfN0=,lbCYulGw6o8gRoEqNIL5maQBwow=
169,-30,p3tyzZQbABdsy/SesyNLniULfN0=,lbCYulGw6o8gRoEqNIL5maQBwow=
175,-18,p3tyzZQbABdsy/SesyNLniULfN0=,lbCYulGw6o8gRoEqNIL5maQBwow=
173,-18,p3tyzZQbABdsy/SesyNLniULfN0=,lbCYulGw6o8gRoEqNIL5maQBwow=
163,-24,p3tyzZQbABdsy/SesyNLniULfN0=,lbCYulGw6o8gRoEqNIL5maQBwow=
164,-24,p3tyzZQbABdsy/SesyNLniULfN0=,lbCYulGw6o8gRoEqNIL5maQBwow=
161,-24,p3tyzZQbABdsy/SesyNLniULfN0=,lbCYulGw6o8gRoEqNIL5maQBwow=
167,-24,p3tyzZQbABdsy/SesyNLniULfN0=,lbCYulGw6o8gRoEqNIL5maQBwow=
162,-24,p3tyzZQbABdsy/SesyNLniULfN0=,lbCYulGw6o8gRoEqNIL5maQBwow=
173,-25,p3tyzZQbABdsy/SesyNLniULfN0=,lbCYulGw6o8gRoEqNIL5maQBwow=
174,-25,p3tyzZQbABdsy/SesyNLniULfN0=,lbCYulGw6o8gRoEqNIL5maQBwow=
160,-24,p3tyzZQbABdsy/SesyNLniULfN0=,lbCYulGw6o8gRoEqNIL5maQBwow=
171,-25,p3tyzZQbABdsy/SesyNLniULfN0=,lbCYulGw6o8gRoEqNIL5maQBwow=
169,-25,p3tyzZQbABdsy/SesyNLniULfN0=,lbCYulGw6o8gRoEqNIL5maQBwow=
168,-25,p3tyzZQbABdsy/SesyNLniULfN0=,lbCYulGw6o8gRoEqNIL5maQBwow=
169,-32,p3tyzZQbABdsy/SesyNLniULfN0=,lbCYulGw6o8gRoEqNIL5maQBwow=
166,-25,p3tyzZQbABdsy/SesyNLniULfN0=,lbCYulGw6o8gRoEqNIL5maQBwow=
167,-25,p3tyzZQbABdsy/SesyNLniULfN0=,lbCYulGw6o8gRoEqNIL5maQBwow=
165,-24,p3tyzZQbABdsy/SesyNLniULfN0=,lbCYulGw6o8gRoEqNIL5maQBwow=
165,-25,p3tyzZQbABdsy/SesyNLniULfN0=,lbCYulGw6o8gRoEqNIL5maQBwow=
164,-25,p3tyzZQbABdsy/SesyNLniULfN0=,lbCYulGw6o8gRoEqNIL5maQBwow=
165,-30,p3tyzZQbABdsy/SesyNLniULfN0=,lbCYulGw6o8gRoEqNIL5maQBwow=
163,-25,p3tyzZQbABdsy/SesyNLniULfN0=,lbCYulGw6o8gRoEqNIL5maQBwow=
162,-25,p3tyzZQbABdsy/SesyNLniULfN0=,lbCYulGw6o8gRoEqNIL5maQBwow=
175,-26,p3tyzZQbABdsy/SesyNLniULfN0=,lbCYulGw6o8gRoEqNIL5maQBwow=
174,-26,p3tyzZQbABdsy/SesyNLniULfN0=,lbCYulGw6o8gRoEqNIL5maQBwow=
161,-25,p3tyzZQbABdsy/SesyNLniULfN0=,lbCYulGw6o8gRoEqNIL5maQBwow=
168,-19,p3tyzZQbABdsy/SesyNLniULfN0=,lbCYulGw6o8gRoEqNIL5maQBwow=
172,-26,p3tyzZQbABdsy/SesyNLniULfN0=,lbCYulGw6o8gRoEqNIL5maQBwow=
173,-26,p3tyzZQbABdsy/SesyNLniULfN0=,lbCYulGw6o8gRoEqNIL5maQBwow=
172,-19,p3tyzZQbABdsy/SesyNLniULfN0=,lbCYulGw6o8gRoEqNIL5maQBwow=
169,-20,p3tyzZQbABdsy/SesyNLniULfN0=,lbCYulGw6o8gRoEqNIL5maQBwow=
160,-25,p3tyzZQbABdsy/SesyNLniULfN0=,lbCYulGw6o8gRoEqNIL5maQBwow=
170,-26,p3tyzZQbABdsy/SesyNLniULfN0=,lbCYulGw6o8gRoEqNIL5maQBwow=
171,-26,p3tyzZQbABdsy/SesyNLniULfN0=,lbCYulGw6o8gRoEqNIL5maQBwow=
168,-32,p3tyzZQbABdsy/SesyNLniULfN0=,lbCYulGw6o8gRoEqNIL5maQBwow=
166,-26,p3tyzZQbABdsy/SesyNLniULfN0=,lbCYulGw6o8gRoEqNIL5maQBwow=
167,-26,p3tyzZQbABdsy/SesyNLniULfN0=,lbCYulGw6o8gRoEqNIL5maQBwow=
165,-26,p3tyzZQbABdsy/SesyNLniULfN0=,lbCYulGw6o8gRoEqNIL5maQBwow=
163,-26,p3tyzZQbABdsy/SesyNLniULfN0=,lbCYulGw6o8gRoEqNIL5maQBwow=
175,-27,p3tyzZQbABdsy/SesyNLniULfN0=,lbCYulGw6o8gRoEqNIL5maQBwow=
166,-30,p3tyzZQbABdsy/SesyNLniULfN0=,lbCYulGw6o8gRoEqNIL5maQBwow=
174,-27,p3tyzZQbABdsy/SesyNLniULfN0=,lbCYulGw6o8gRoEqNIL5maQBwow=
164,-26,p3tyzZQbABdsy/SesyNLniULfN0=,lbCYulGw6o8gRoEqNIL5maQBwow=
170,-25,p3tyzZQbABdsy/SesyNLniULfN0=,lbCYulGw6o8gRoEqNIL5maQBwow=
173,-27,p3tyzZQbABdsy/SesyNLniULfN0=,lbCYulGw6o8gRoEqNIL5maQBwow=
164,-30,p3tyzZQbABdsy/SesyNLniULfN0=,lbCYulGw6o8gRoEqNIL5maQBwow=
175,-25,p3tyzZQbABdsy/SesyNLniULfN0=,lbCYulGw6o8gRoEqNIL5maQBwow=
171,-27,p3tyzZQbABdsy/SesyNLniULfN0=,lbCYulGw6o8gRoEqNIL5maQBwow=
160,-26,p3tyzZQbABdsy/SesyNLniULfN0=,lbCYulGw6o8gRoEqNIL5maQBwow=
172,-25,p3tyzZQbABdsy/SesyNLniULfN0=,lbCYulGw6o8gRoEqNIL5maQBwow=
172,-27,p3tyzZQbABdsy/SesyNLniULfN0=,lbCYulGw6o8gRoEqNIL5maQBwow=
170,-27,p3tyzZQbABdsy/SesyNLniULfN0=,lbCYulGw6o8gRoEqNIL5maQBwow=
168,-26,p3tyzZQbABdsy/SesyNLniULfN0=,lbCYulGw6o8gRoEqNIL5maQBwow=
166,-24,p3tyzZQbABdsy/SesyNLniULfN0=,lbCYulGw6o8gRoEqNIL5maQBwow=
169,-26,p3tyzZQbABdsy/SesyNLniULfN0=,lbCYulGw6o8gRoEqNIL5maQBwow=
162,-27,p3tyzZQbABdsy/SesyNLniULfN0=,lbCYulGw6o8gRoEqNIL5maQBwow=
168,-27,p3tyzZQbABdsy/SesyNLniULfN0=,lbCYulGw6o8gRoEqNIL5maQBwow=
163,-30,p3tyzZQbABdsy/SesyNLniULfN0=,lbCYulGw6o8gRoEqNIL5maQBwow=
175,-28,p3tyzZQbABdsy/SesyNLniULfN0=,lbCYulGw6o8gRoEqNIL5maQBwow=
166,-32,p3tyzZQbABdsy/SesyNLniULfN0=,lbCYulGw6o8gRoEqNIL5maQBwow=
174,-28,p3tyzZQbABdsy/SesyNLniULfN0=,lbCYulGw6o8gRoEqNIL5maQBwow=
171,-28,p3tyzZQbABdsy/SesyNLniULfN0=,lbCYulGw6o8gRoEqNIL5maQBwow=
163,-27,p3tyzZQbABdsy/SesyNLniULfN0=,lbCYulGw6o8gRoEqNIL5maQBwow=
160,-27,p3tyzZQbABdsy/SesyNLniULfN0=,lbCYulGw6o8gRoEqNIL5maQBwow=
172,-28,p3tyzZQbABdsy/SesyNLniULfN0=,lbCYulGw6o8gRoEqNIL5maQBwow=
170,-28,p3tyzZQbABdsy/SesyNLniULfN0=,lbCYulGw6o8gRoEqNIL5maQBwow=
168,-28,p3tyzZQbABdsy/SesyNLniULfN0=,lbCYulGw6o8gRoEqNIL5maQBwow=
167,-28,p3tyzZQbABdsy/SesyNLniULfN0=,lbCYulGw6o8gRoEqNIL5maQBwow=
166,-28,p3tyzZQbABdsy/SesyNLniULfN0=,lbCYulGw6o8gRoEqNIL5maQBwow=
164,-28,p3tyzZQbABdsy/SesyNLniULfN0=,lbCYulGw6o8gRoEqNIL5maQBwow=
165,-28,p3tyzZQbABdsy/SesyNLniULfN0=,lbCYulGw6o8gRoEqNIL5maQBwow=
162,-30,p3tyzZQbABdsy/SesyNLniULfN0=,lbCYulGw6o8gRoEqNIL5maQBwow=
165,-32,p3tyzZQbABdsy/SesyNLniULfN0=,lbCYulGw6o8gRoEqNIL5maQBwow=
163,-28,p3tyzZQbABdsy/SesyNLniULfN0=,lbCYulGw6o8gRoEqNIL5maQBwow=
161,-28,p3tyzZQbABdsy/SesyNLniULfN0=,lbCYulGw6o8gRoEqNIL5maQBwow=
161,-30,p3tyzZQbABdsy/SesyNLniULfN0=,lbCYulGw6o8gRoEqNIL5maQBwow=
160,-32,p3tyzZQbABdsy/SesyNLniULfN0=,lbCYulGw6o8gRoEqNIL5maQBwow=
160,-28,p3tyzZQbABdsy/SesyNLniULfN0=,lbCYulGw6o8gRoEqNIL5maQBwow=
162,-28,p3tyzZQbABdsy/SesyNLniULfN0=,lbCYulGw6o8gRoEqNIL5maQBwow=
175,-29,p3tyzZQbABdsy/SesyNLniULfN0=,lbCYulGw6o8gRoEqNIL5maQBwow=
174,-29,p3tyzZQbABdsy/SesyNLniULfN0=,lbCYulGw6o8gRoEqNIL5maQBwow=
173,-29,p3tyzZQbABdsy/SesyNLniULfN0=,lbCYulGw6o8gRoEqNIL5maQBwow=
172,-29,p3tyzZQbABdsy/SesyNLniULfN0=,lbCYulGw6o8gRoEqNIL5maQBwow=
171,-29,p3tyzZQbABdsy/SesyNLniULfN0=,lbCYulGw6o8gRoEqNIL5maQBwow=
170,-29,p3tyzZQbABdsy/SesyNLniULfN0=,lbCYulGw6o8gRoEqNIL5maQBwow=
169,-29,p3tyzZQbABdsy/SesyNLniULfN0=,lbCYulGw6o8gRoEqNIL5maQBwow=
167,-29,p3tyzZQbABdsy/SesyNLniULfN0=,lbCYulGw6o8gRoEqNIL5maQBwow=
168,-29,p3tyzZQbABdsy/SesyNLniULfN0=,lbCYulGw6o8gRoEqNIL5maQBwow=
166,-29,p3tyzZQbABdsy/SesyNLniULfN0=,lbCYulGw6o8gRoEqNIL5maQBwow=
164,-29,p3tyzZQbABdsy/SesyNLniULfN0=,lbCYulGw6o8gRoEqNIL5maQBwow=
164,-32,p3tyzZQbABdsy/SesyNLniULfN0=,lbCYulGw6o8gRoEqNIL5maQBwow=
165,-29,p3tyzZQbABdsy/SesyNLniULfN0=,lbCYulGw6o8gRoEqNIL5maQBwow=
161,-26,p3tyzZQbABdsy/SesyNLniULfN0=,lbCYulGw6o8gRoEqNIL5maQBwow=
162,-29,p3tyzZQbABdsy/SesyNLniULfN0=,lbCYulGw6o8gRoEqNIL5maQBwow=
162,-26,p3tyzZQbABdsy/SesyNLniULfN0=,lbCYulGw6o8gRoEqNIL5maQBwow=
160,-30,p3tyzZQbABdsy/SesyNLniULfN0=,lbCYulGw6o8gRoEqNIL5maQBwow=
163,-29,p3tyzZQbABdsy/SesyNLniULfN0=,lbCYulGw6o8gRoEqNIL5maQBwow=
175,-30,p3tyzZQbABdsy/SesyNLniULfN0=,lbCYulGw6o8gRoEqNIL5maQBwow=
161,-29,p3tyzZQbABdsy/SesyNLniULfN0=,lbCYulGw6o8gRoEqNIL5maQBwow=
160,-29,p3tyzZQbABdsy/SesyNLniULfN0=,lbCYulGw6o8gRoEqNIL5maQBwow=
166,-27,p3tyzZQbABdsy/SesyNLniULfN0=,lbCYulGw6o8gRoEqNIL5maQBwow=
169,-27,p3tyzZQbABdsy/SesyNLniULfN0=,lbCYulGw6o8gRoEqNIL5maQBwow=
165,-27,p3tyzZQbABdsy/SesyNLniULfN0=,lbCYulGw6o8gRoEqNIL5maQBwow=
167,-27,p3tyzZQbABdsy/SesyNLniULfN0=,lbCYulGw6o8gRoEqNIL5maQBwow=
164,-27,p3tyzZQbABdsy/SesyNLniULfN0=,lbCYulGw6o8gRoEqNIL5maQBwow=
173,-28,p3tyzZQbABdsy/SesyNLniULfN0=,lbCYulGw6o8gRoEqNIL5maQBwow=
167,-32,p3tyzZQbABdsy/SesyNLniULfN0=,lbCYulGw6o8gRoEqNIL5maQBwow=
169,-28,p3tyzZQbABdsy/SesyNLniULfN0=,lbCYulGw6o8gRoEqNIL5maQBwow=
161,-27,p3tyzZQbABdsy/SesyNLniULfN0=,lbCYulGw6o8gRoEqNIL5maQBwow=
171,-14,p3tyzZQbABdsy/SesyNLniULfN0=,mvCvqqx4kRVlP1tKSxxCNIrjHvs=
173,-14,p3tyzZQbABdsy/SesyNLniULfN0=,mvCvqqx4kRVlP1tKSxxCNIrjHvs=
172,-13,p3tyzZQbABdsy/SesyNLniULfN0=,mvCvqqx4kRVlP1tKSxxCNIrjHvs=
175,-15,p3tyzZQbABdsy/SesyNLniULfN0=,mvCvqqx4kRVlP1tKSxxCNIrjHvs=
174,-14,p3tyzZQbABdsy/SesyNLniULfN0=,mvCvqqx4kRVlP1tKSxxCNIrjHvs=
170,-14,p3tyzZQbABdsy/SesyNLniULfN0=,mvCvqqx4kRVlP1tKSxxCNIrjHvs=
175,-1,p3tyzZQbABdsy/SesyNLniULfN0=,mvCvqqx4kRVlP1tKSxxCNIrjHvs=
171,-13,p3tyzZQbABdsy/SesyNLniULfN0=,mvCvqqx4kRVlP1tKSxxCNIrjHvs=
164,-16,p3tyzZQbABdsy/SesyNLniULfN0=,mvCvqqx4kRVlP1tKSxxCNIrjHvs=
174,-1,p3tyzZQbABdsy/SesyNLniULfN0=,mvCvqqx4kRVlP1tKSxxCNIrjHvs=
173,-1,p3tyzZQbABdsy/SesyNLniULfN0=,mvCvqqx4kRVlP1tKSxxCNIrjHvs=
172,-1,p3tyzZQbABdsy/SesyNLniULfN0=,mvCvqqx4kRVlP1tKSxxCNIrjHvs=
173,-13,p3tyzZQbABdsy/SesyNLniULfN0=,mvCvqqx4kRVlP1tKSxxCNIrjHvs=
171,-1,p3tyzZQbABdsy/SesyNLniULfN0=,mvCvqqx4kRVlP1tKSxxCNIrjHvs=
170,-1,p3tyzZQbABdsy/SesyNLniULfN0=,mvCvqqx4kRVlP1tKSxxCNIrjHvs=
169,-1,p3tyzZQbABdsy/SesyNLniULfN0=,mvCvqqx4kRVlP1tKSxxCNIrjHvs=
174,-13,p3tyzZQbABdsy/SesyNLniULfN0=,mvCvqqx4kRVlP1tKSxxCNIrjHvs=
166,-1,p3tyzZQbABdsy/SesyNLniULfN0=,mvCvqqx4kRVlP1tKSxxCNIrjHvs=
167,-1,p3tyzZQbABdsy/SesyNLniULfN0=,mvCvqqx4kRVlP1tKSxxCNIrjHvs=
172,-14,p3tyzZQbABdsy/SesyNLniULfN0=,mvCvqqx4kRVlP1tKSxxCNIrjHvs=
168,-14,p3tyzZQbABdsy/SesyNLniULfN0=,mvCvqqx4kRVlP1tKSxxCNIrjHvs=
175,-13,p3tyzZQbABdsy/SesyNLniULfN0=,mvCvqqx4kRVlP1tKSxxCNIrjHvs=
165,-14,p3tyzZQbABdsy/SesyNLniULfN0=,mvCvqqx4kRVlP1tKSxxCNIrjHvs=
164,-14,p3tyzZQbABdsy/SesyNLniULfN0=,mvCvqqx4kRVlP1tKSxxCNIrjHvs=
165,-16,p3tyzZQbABdsy/SesyNLniULfN0=,mvCvqqx4kRVlP1tKSxxCNIrjHvs=
163,-14,p3tyzZQbABdsy/SesyNLniULfN0=,mvCvqqx4kRVlP1tKSxxCNIrjHvs=
162,-14,p3tyzZQbABdsy/SesyNLniULfN0=,mvCvqqx4kRVlP1tKSxxCNIrjHvs=
162,-15,p3tyzZQbABdsy/SesyNLniULfN0=,mvCvqqx4kRVlP1tKSxxCNIrjHvs=
160,-14,p3tyzZQbABdsy/SesyNLniULfN0=,mvCvqqx4kRVlP1tKSxxCNIrjHvs=
169,-14,p3tyzZQbABdsy/SesyNLniULfN0=,mvCvqqx4kRVlP1tKSxxCNIrjHvs=
164,-1,p3tyzZQbABdsy/SesyNLniULfN0=,mvCvqqx4kRVlP1tKSxxCNIrjHvs=
160,-12,p3tyzZQbABdsy/SesyNLniULfN0=,mvCvqqx4kRVlP1tKSxxCNIrjHvs=
162,-1,p3tyzZQbABdsy/SesyNLniULfN0=,mvCvqqx4kRVlP1tKSxxCNIrjHvs=
161,-12,p3tyzZQbABdsy/SesyNLniULfN0=,mvCvqqx4kRVlP1tKSxxCNIrjHvs=
161,-1,p3tyzZQbABdsy/SesyNLniULfN0=,mvCvqqx4kRVlP1tKSxxCNIrjHvs=
170,-13,p3tyzZQbABdsy/SesyNLniULfN0=,mvCvqqx4kRVlP1tKSxxCNIrjHvs=
162,-12,p3tyzZQbABdsy/SesyNLniULfN0=,mvCvqqx4kRVlP1tKSxxCNIrjHvs=
174,-15,p3tyzZQbABdsy/SesyNLniULfN0=,mvCvqqx4kRVlP1tKSxxCNIrjHvs=
175,-2,p3tyzZQbABdsy/SesyNLniULfN0=,mvCvqqx4kRVlP1tKSxxCNIrjHvs=
162,-16,p3tyzZQbABdsy/SesyNLniULfN0=,mvCvqqx4kRVlP1tKSxxCNIrjHvs=
163,-12,p3tyzZQbABdsy/SesyNLniULfN0=,mvCvqqx4kRVlP1tKSxxCNIrjHvs=
174,-2,p3tyzZQbABdsy/SesyNLniULfN0=,mvCvqqx4kRVlP1tKSxxCNIrjHvs=
173,-2,p3tyzZQbABdsy/SesyNLniULfN0=,mvCvqqx4kRVlP1tKSxxCNIrjHvs=
164,-12,p3tyzZQbABdsy/SesyNLniULfN0=,mvCvqqx4kRVlP1tKSxxCNIrjHvs=
172,-2,p3tyzZQbABdsy/SesyNLniULfN0=,mvCvqqx4kRVlP1tKSxxCNIrjHvs=
171,-2,p3tyzZQbABdsy/SesyNLniULfN0=,mvCvqqx4kRVlP1tKSxxCNIrjHvs=
170,-2,p3tyzZQbABdsy/SesyNLniULfN0=,mvCvqqx4kRVlP1tKSxxCNIrjHvs=
165,-12,p3tyzZQbABdsy/SesyNLniULfN0=,mvCvqqx4kRVlP1tKSxxCNIrjHvs=
169,-2,p3tyzZQbABdsy/SesyNLniULfN0=,mvCvqqx4kRVlP1tKSxxCNIrjHvs=
168,-2,p3tyzZQbABdsy/SesyNLniULfN0=,mvCvqqx4kRVlP1tKSxxCNIrjHvs=
167,-2,p3tyzZQbABdsy/SesyNLniULfN0=,mvCvqqx4kRVlP1tKSxxCNIrjHvs=
166,-12,p3tyzZQbABdsy/SesyNLniULfN0=,mvCvqqx4kRVlP1tKSxxCNIrjHvs=
165,-2,p3tyzZQbABdsy/SesyNLniULfN0=,mvCvqqx4kRVlP1tKSxxCNIrjHvs=
166,-2,p3tyzZQbABdsy/SesyNLniULfN0=,mvCvqqx4kRVlP1tKSxxCNIrjHvs=
164,-2,p3tyzZQbABdsy/SesyNLniULfN0=,mvCvqqx4kRVlP1tKSxxCNIrjHvs=
167,-12,p3tyzZQbABdsy/SesyNLniULfN0=,mvCvqqx4kRVlP1tKSxxCNIrjHvs=
162,-2,p3tyzZQbABdsy/SesyNLniULfN0=,mvCvqqx4kRVlP1tKSxxCNIrjHvs=
160,-15,p3tyzZQbABdsy/SesyNLniULfN0=,mvCvqqx4kRVlP1tKSxxCNIrjHvs=
168,-12,p3tyzZQbABdsy/SesyNLniULfN0=,mvCvqqx4kRVlP1tKSxxCNIrjHvs=
161,-15,p3tyzZQbABdsy/SesyNLniULfN0=,mvCvqqx4kRVlP1tKSxxCNIrjHvs=
169,-13,p3tyzZQbABdsy/SesyNLniULfN0=,mvCvqqx4kRVlP1tKSxxCNIrjHvs=
166,-14,p3tyzZQbABdsy/SesyNLniULfN0=,mvCvqqx4kRVlP1tKSxxCNIrjHvs=
163,-1,p3tyzZQbABdsy/SesyNLniULfN0=,mvCvqqx4kRVlP1tKSxxCNIrjHvs=
160,-1,p3tyzZQbABdsy/SesyNLniULfN0=,mvCvqqx4kRVlP1tKSxxCNIrjHvs=
175,-3,p3tyzZQbABdsy/SesyNLniULfN0=,mvCvqqx4kRVlP1tKSxxCNIrjHvs=
160,-2,p3tyzZQbABdsy/SesyNLniULfN0=,mvCvqqx4kRVlP1tKSxxCNIrjHvs=
173,-3,p3tyzZQbABdsy/SesyNLniULfN0=,mvCvqqx4kRVlP1tKSxxCNIrjHvs=
168,-1,p3tyzZQbABdsy/SesyNLniULfN0=,mvCvqqx4kRVlP1tKSxxCNIrjHvs=
174,-3,p3tyzZQbABdsy/SesyNLniULfN0=,mvCvqqx4kRVlP1tKSxxCNIrjHvs=
171,-3,p3tyzZQbABdsy/SesyNLniULfN0=,mvCvqqx4kRVlP1tKSxxCNIrjHvs=
170,-3,p3tyzZQbABdsy/SesyNLniULfN0=,mvCvqqx4kRVlP1tKSxxCNIrjHvs=
168,-3,p3tyzZQbABdsy/SesyNLniULfN0=,mvCvqqx4kRVlP1tKSxxCNIrjHvs=
169,-3,p3tyzZQbABdsy/SesyNLniULfN0=,mvCvqqx4kRVlP1tKSxxCNIrjHvs=
166,-3,p3tyzZQbABdsy/SesyNLniULfN0=,mvCvqqx4kRVlP1tKSxxCNIrjHvs=
167,-3,p3tyzZQbABdsy/SesyNLniULfN0=,mvCvqqx4kRVlP1tKSxxCNIrjHvs=
165,-3,p3tyzZQbABdsy/SesyNLniULfN0=,mvCvqqx4kRVlP1tKSxxCNIrjHvs=
164,-3,p3tyzZQbABdsy/SesyNLniULfN0=,mvCvqqx4kRVlP1tKSxxCNIrjHvs=
173,-15,p3tyzZQbABdsy/SesyNLniULfN0=,mvCvqqx4kRVlP1tKSxxCNIrjHvs=
163,-3,p3tyzZQbABdsy/SesyNLniULfN0=,mvCvqqx4kRVlP1tKSxxCNIrjHvs=
175,-16,p3tyzZQbABdsy/SesyNLniULfN0=,mvCvqqx4kRVlP1tKSxxCNIrjHvs=
168,-13,p3tyzZQbABdsy/SesyNLniULfN0=,mvCvqqx4kRVlP1tKSxxCNIrjHvs=
162,-3,p3tyzZQbABdsy/SesyNLniULfN0=,mvCvqqx4kRVlP1tKSxxCNIrjHvs=
161,-3,p3tyzZQbABdsy/SesyNLniULfN0=,mvCvqqx4kRVlP1tKSxxCNIrjHvs=
160,-3,p3tyzZQbABdsy/SesyNLniULfN0=,mvCvqqx4kRVlP1tKSxxCNIrjHvs=
172,-15,p3tyzZQbABdsy/SesyNLniULfN0=,mvCvqqx4kRVlP1tKSxxCNIrjHvs=
163,-16,p3tyzZQbABdsy/SesyNLniULfN0=,mvCvqqx4kRVlP1tKSxxCNIrjHvs=
173,-4,p3tyzZQbABdsy/SesyNLniULfN0=,mvCvqqx4kRVlP1tKSxxCNIrjHvs=
174,-4,p3tyzZQbABdsy/SesyNLniULfN0=,mvCvqqx4kRVlP1tKSxxCNIrjHvs=
167,-14,p3tyzZQbABdsy/SesyNLniULfN0=,mvCvqqx4kRVlP1tKSxxCNIrjHvs=
163,-2,p3tyzZQbABdsy/SesyNLniULfN0=,mvCvqqx4kRVlP1tKSxxCNIrjHvs=
171,-4,p3tyzZQbABdsy/SesyNLniULfN0=,mvCvqqx4kRVlP1tKSxxCNIrjHvs=
168,-4,p3tyzZQbABdsy/SesyNLniULfN0=,mvCvqqx4kRVlP1tKSxxCNIrjHvs=
169,-4,p3tyzZQbABdsy/SesyNLniULfN0=,mvCvqqx4kRVlP1tKSxxCNIrjHvs=
165,-1,p3tyzZQbABdsy/SesyNLniULfN0=,mvCvqqx4kRVlP1tKSxxCNIrjHvs=
165,-4,p3tyzZQbABdsy/SesyNLniULfN0=,mvCvqqx4kRVlP1tKSxxCNIrjHvs=
169,-12,p3tyzZQbABdsy/SesyNLniULfN0=,mvCvqqx4kRVlP1tKSxxCNIrjHvs=
161,-16,p3tyzZQbABdsy/SesyNLniULfN0=,mvCvqqx4kRVlP1tKSxxCNIrjHvs=
174,-16,p3tyzZQbABdsy/SesyNLniULfN0=,mvCvqqx4kRVlP1tKSxxCNIrjHvs=
170,-12,p3tyzZQbABdsy/SesyNLniULfN0=,mvCvqqx4kRVlP1tKSxxCNIrjHvs=
167,-13,p3tyzZQbABdsy/SesyNLniULfN0=,mvCvqqx4kRVlP1tKSxxCNIrjHvs=
162,-4,p3tyzZQbABdsy/SesyNLniULfN0=,mvCvqqx4kRVlP1tKSxxCNIrjHvs=
163,-4,p3tyzZQbABdsy/SesyNLniULfN0=,mvCvqqx4kRVlP1tKSxxCNIrjHvs=
161,-4,p3tyzZQbABdsy/SesyNLniULfN0=,mvCvqqx4kRVlP1tKSxxCNIrjHvs=
175,-14,p3tyzZQbABdsy/SesyNLniULfN0=,mvCvqqx4kRVlP1tKSxxCNIrjHvs=
160,-4,p3tyzZQbABdsy/SesyNLniULfN0=,mvCvqqx4kRVlP1tKSxxCNIrjHvs=
175,-5,p3tyzZQbABdsy/SesyNLniULfN0=,mvCvqqx4kRVlP1tKSxxCNIrjHvs=
160,-16,p3tyzZQbABdsy/SesyNLniULfN0=,mvCvqqx4kRVlP1tKSxxCNIrjHvs=
172,-5,p3tyzZQbABdsy/SesyNLniULfN0=,mvCvqqx4kRVlP1tKSxxCNIrjHvs=
173,-5,p3tyzZQbABdsy/SesyNLniULfN0=,mvCvqqx4kRVlP1tKSxxCNIrjHvs=
174,-5,p3tyzZQbABdsy/SesyNLniULfN0=,mvCvqqx4kRVlP1tKSxxCNIrjHvs=
171,-12,p3tyzZQbABdsy/SesyNLniULfN0=,mvCvqqx4kRVlP1tKSxxCNIrjHvs=
171,-5,p3tyzZQbABdsy/SesyNLniULfN0=,mvCvqqx4kRVlP1tKSxxCNIrjHvs=
169,-5,p3tyzZQbABdsy/SesyNLniULfN0=,mvCvqqx4kRVlP1tKSxxCNIrjHvs=
170,-5,p3tyzZQbABdsy/SesyNLniULfN0=,mvCvqqx4kRVlP1tKSxxCNIrjHvs=
166,-16,p3tyzZQbABdsy/SesyNLniULfN0=,mvCvqqx4kRVlP1tKSxxCNIrjHvs=
167,-5,p3tyzZQbABdsy/SesyNLniULfN0=,mvCvqqx4kRVlP1tKSxxCNIrjHvs=
168,-5,p3tyzZQbABdsy/SesyNLniULfN0=,mvCvqqx4kRVlP1tKSxxCNIrjHvs=
166,-5,p3tyzZQbABdsy/SesyNLniULfN0=,mvCvqqx4kRVlP1tKSxxCNIrjHvs=
172,-12,p3tyzZQbABdsy/SesyNLniULfN0=,mvCvqqx4kRVlP1tKSxxCNIrjHvs=
165,-5,p3tyzZQbABdsy/SesyNLniULfN0=,mvCvqqx4kRVlP1tKSxxCNIrjHvs=
173,-16,p3tyzZQbABdsy/SesyNLniULfN0=,mvCvqqx4kRVlP1tKSxxCNIrjHvs=
166,-13,p3tyzZQbABdsy/SesyNLniULfN0=,mvCvqqx4kRVlP1tKSxxCNIrjHvs=
171,-15,p3tyzZQbABdsy/SesyNLniULfN0=,mvCvqqx4kRVlP1tKSxxCNIrjHvs=
173,-12,p3tyzZQbABdsy/SesyNLniULfN0=,mvCvqqx4kRVlP1tKSxxCNIrjHvs=
164,-5,p3tyzZQbABdsy/SesyNLniULfN0=,mvCvqqx4kRVlP1tKSxxCNIrjHvs=
162,-5,p3tyzZQbABdsy/SesyNLniULfN0=,mvCvqqx4kRVlP1tKSxxCNIrjHvs=
174,-12,p3tyzZQbABdsy/SesyNLniULfN0=,mvCvqqx4kRVlP1tKSxxCNIrjHvs=
161,-5,p3tyzZQbABdsy/SesyNLniULfN0=,mvCvqqx4kRVlP1tKSxxCNIrjHvs=
170,-15,p3tyzZQbABdsy/SesyNLniULfN0=,mvCvqqx4kRVlP1tKSxxCNIrjHvs=
175,-12,p3tyzZQbABdsy/SesyNLniULfN0=,mvCvqqx4kRVlP1tKSxxCNIrjHvs=
175,-6,p3tyzZQbABdsy/SesyNLniULfN0=,mvCvqqx4kRVlP1tKSxxCNIrjHvs=
160,-11,p3tyzZQbABdsy/SesyNLniULfN0=,mvCvqqx4kRVlP1tKSxxCNIrjHvs=
161,-14,p3tyzZQbABdsy/SesyNLniULfN0=,mvCvqqx4kRVlP1tKSxxCNIrjHvs=
163,-15,p3tyzZQbABdsy/SesyNLniULfN0=,mvCvqqx4kRVlP1tKSxxCNIrjHvs=
173,-6,p3tyzZQbABdsy/SesyNLniULfN0=,mvCvqqx4kRVlP1tKSxxCNIrjHvs=
172,-6,p3tyzZQbABdsy/SesyNLniULfN0=,mvCvqqx4kRVlP1tKSxxCNIrjHvs=
171,-6,p3tyzZQbABdsy/SesyNLniULfN0=,mvCvqqx4kRVlP1tKSxxCNIrjHvs=
161,-11,p3tyzZQbABdsy/SesyNLniULfN0=,mvCvqqx4kRVlP1tKSxxCNIrjHvs=
170,-6,p3tyzZQbABdsy/SesyNLniULfN0=,mvCvqqx4kRVlP1tKSxxCNIrjHvs=
161,-2,p3tyzZQbABdsy/SesyNLniULfN0=,mvCvqqx4kRVlP1tKSxxCNIrjHvs=
162,-11,p3tyzZQbABdsy/SesyNLniULfN0=,mvCvqqx4kRVlP1tKSxxCNIrjHvs=
169,-6,p3tyzZQbABdsy/SesyNLniULfN0=,mvCvqqx4kRVlP1tKSxxCNIrjHvs=
168,-6,p3tyzZQbABdsy/SesyNLniULfN0=,mvCvqqx4kRVlP1tKSxxCNIrjHvs=
172,-3,p3tyzZQbABdsy/SesyNLniULfN0=,mvCvqqx4kRVlP1tKSxxCNIrjHvs=
163,-11,p3tyzZQbABdsy/SesyNLniULfN0=,mvCvqqx4kRVlP1tKSxxCNIrjHvs=
175,-4,p3tyzZQbABdsy/SesyNLniULfN0=,mvCvqqx4kRVlP1tKSxxCNIrjHvs=
172,-16,p3tyzZQbABdsy/SesyNLniULfN0=,mvCvqqx4kRVlP1tKSxxCNIrjHvs=
172,-4,p3tyzZQbABdsy/SesyNLniULfN0=,mvCvqqx4kRVlP1tKSxxCNIrjHvs=
170,-4,p3tyzZQbABdsy/SesyNLniULfN0=,mvCvqqx4kRVlP1tKSxxCNIrjHvs=
164,-11,p3tyzZQbABdsy/SesyNLniULfN0=,mvCvqqx4kRVlP1tKSxxCNIrjHvs=
167,-4,p3tyzZQbABdsy/SesyNLniULfN0=,mvCvqqx4kRVlP1tKSxxCNIrjHvs=
166,-4,p3tyzZQbABdsy/SesyNLniULfN0=,mvCvqqx4kRVlP1tKSxxCNIrjHvs=
164,-4,p3tyzZQbABdsy/SesyNLniULfN0=,mvCvqqx4kRVlP1tKSxxCNIrjHvs=
163,-5,p3tyzZQbABdsy/SesyNLniULfN0=,mvCvqqx4kRVlP1tKSxxCNIrjHvs=
165,-11,p3tyzZQbABdsy/SesyNLniULfN0=,mvCvqqx4kRVlP1tKSxxCNIrjHvs=
160,-5,p3tyzZQbABdsy/SesyNLniULfN0=,mvCvqqx4kRVlP1tKSxxCNIrjHvs=
174,-6,p3tyzZQbABdsy/SesyNLniULfN0=,mvCvqqx4kRVlP1tKSxxCNIrjHvs=
167,-6,p3tyzZQbABdsy/SesyNLniULfN0=,mvCvqqx4kRVlP1tKSxxCNIrjHvs=
166,-6,p3tyzZQbABdsy/SesyNLniULfN0=,mvCvqqx4kRVlP1tKSxxCNIrjHvs=
162,-6,p3tyzZQbABdsy/SesyNLniULfN0=,mvCvqqx4kRVlP1tKSxxCNIrjHvs=
166,-11,p3tyzZQbABdsy/SesyNLniULfN0=,mvCvqqx4kRVlP1tKSxxCNIrjHvs=
165,-13,p3tyzZQbABdsy/SesyNLniULfN0=,mvCvqqx4kRVlP1tKSxxCNIrjHvs=
165,-6,p3tyzZQbABdsy/SesyNLniULfN0=,mvCvqqx4kRVlP1tKSxxCNIrjHvs=
169,-15,p3tyzZQbABdsy/SesyNLniULfN0=,mvCvqqx4kRVlP1tKSxxCNIrjHvs=
160,-6,p3tyzZQbABdsy/SesyNLniULfN0=,mvCvqqx4kRVlP1tKSxxCNIrjHvs=
164,-6,p3tyzZQbABdsy/SesyNLniULfN0=,mvCvqqx4kRVlP1tKSxxCNIrjHvs=
167,-11,p3tyzZQbABdsy/SesyNLniULfN0=,mvCvqqx4kRVlP1tKSxxCNIrjHvs=
175,-7,p3tyzZQbABdsy/SesyNLniULfN0=,mvCvqqx4kRVlP1tKSxxCNIrjHvs=
173,-7,p3tyzZQbABdsy/SesyNLniULfN0=,mvCvqqx4kRVlP1tKSxxCNIrjHvs=
168,-11,p3tyzZQbABdsy/SesyNLniULfN0=,mvCvqqx4kRVlP1tKSxxCNIrjHvs=
171,-7,p3tyzZQbABdsy/SesyNLniULfN0=,mvCvqqx4kRVlP1tKSxxCNIrjHvs=
172,-7,p3tyzZQbABdsy/SesyNLniULfN0=,mvCvqqx4kRVlP1tKSxxCNIrjHvs=
169,-7,p3tyzZQbABdsy/SesyNLniULfN0=,mvCvqqx4kRVlP1tKSxxCNIrjHvs=
161,-6,p3tyzZQbABdsy/SesyNLniULfN0=,mvCvqqx4kRVlP1tKSxxCNIrjHvs=
163,-6,p3tyzZQbABdsy/SesyNLniULfN0=,mvCvqqx4kRVlP1tKSxxCNIrjHvs=
170,-7,p3tyzZQbABdsy/SesyNLniULfN0=,mvCvqqx4kRVlP1tKSxxCNIrjHvs=
174,-7,p3tyzZQbABdsy/SesyNLniULfN0=,mvCvqqx4kRVlP1tKSxxCNIrjHvs=
169,-11,p3tyzZQbABdsy/SesyNLniULfN0=,mvCvqqx4kRVlP1tKSxxCNIrjHvs=
164,-13,p3tyzZQbABdsy/SesyNLniULfN0=,mvCvqqx4kRVlP1tKSxxCNIrjHvs=
166,-7,p3tyzZQbABdsy/SesyNLniULfN0=,mvCvqqx4kRVlP1tKSxxCNIrjHvs=
165,-7,p3tyzZQbABdsy/SesyNLniULfN0=,mvCvqqx4kRVlP1tKSxxCNIrjHvs=
170,-11,p3tyzZQbABdsy/SesyNLniULfN0=,mvCvqqx4kRVlP1tKSxxCNIrjHvs=
163,-7,p3tyzZQbABdsy/SesyNLniULfN0=,mvCvqqx4kRVlP1tKSxxCNIrjHvs=
168,-7,p3tyzZQbABdsy/SesyNLniULfN0=,mvCvqqx4kRVlP1tKSxxCNIrjHvs=
171,-16,p3tyzZQbABdsy/SesyNLniULfN0=,mvCvqqx4kRVlP1tKSxxCNIrjHvs=
167,-7,p3tyzZQbABdsy/SesyNLniULfN0=,mvCvqqx4kRVlP1tKSxxCNIrjHvs=
174,-8,p3tyzZQbABdsy/SesyNLniULfN0=,mvCvqqx4kRVlP1tKSxxCNIrjHvs=
168,-15,p3tyzZQbABdsy/SesyNLniULfN0=,mvCvqqx4kRVlP1tKSxxCNIrjHvs=
160,-13,p3tyzZQbABdsy/SesyNLniULfN0=,mvCvqqx4kRVlP1tKSxxCNIrjHvs=
161,-7,p3tyzZQbABdsy/SesyNLniULfN0=,mvCvqqx4kRVlP1tKSxxCNIrjHvs=
162,-7,p3tyzZQbABdsy/SesyNLniULfN0=,mvCvqqx4kRVlP1tKSxxCNIrjHvs=
164,-7,p3tyzZQbABdsy/SesyNLniULfN0=,mvCvqqx4kRVlP1tKSxxCNIrjHvs=
160,-7,p3tyzZQbABdsy/SesyNLniULfN0=,mvCvqqx4kRVlP1tKSxxCNIrjHvs=
170,-8,p3tyzZQbABdsy/SesyNLniULfN0=,mvCvqqx4kRVlP1tKSxxCNIrjHvs=
164,-15,p3tyzZQbABdsy/SesyNLniULfN0=,mvCvqqx4kRVlP1tKSxxCNIrjHvs=
175,-8,p3tyzZQbABdsy/SesyNLniULfN0=,mvCvqqx4kRVlP1tKSxxCNIrjHvs=
172,-8,p3tyzZQbABdsy/SesyNLniULfN0=,mvCvqqx4kRVlP1tKSxxCNIrjHvs=
170,-16,p3tyzZQbABdsy/SesyNLniULfN0=,mvCvqqx4kRVlP1tKSxxCNIrjHvs=
171,-8,p3tyzZQbABdsy/SesyNLniULfN0=,mvCvqqx4kRVlP1tKSxxCNIrjHvs=
167,-16,p3tyzZQbABdsy/SesyNLniULfN0=,mvCvqqx4kRVlP1tKSxxCNIrjHvs=
167,-8,p3tyzZQbABdsy/SesyNLniULfN0=,mvCvqqx4kRVlP1tKSxxCNIrjHvs=
171,-11,p3tyzZQbABdsy/SesyNLniULfN0=,mvCvqqx4kRVlP1tKSxxCNIrjHvs=
161,-8,p3tyzZQbABdsy/SesyNLniULfN0=,mvCvqqx4kRVlP1tKSxxCNIrjHvs=
172,-11,p3tyzZQbABdsy/SesyNLniULfN0=,mvCvqqx4kRVlP1tKSxxCNIrjHvs=
166,-8,p3tyzZQbABdsy/SesyNLniULfN0=,mvCvqqx4kRVlP1tKSxxCNIrjHvs=
163,-13,p3tyzZQbABdsy/SesyNLniULfN0=,mvCvqqx4kRVlP1tKSxxCNIrjHvs=
167,-15,p3tyzZQbABdsy/SesyNLniULfN0=,mvCvqqx4kRVlP1tKSxxCNIrjHvs=
160,-8,p3tyzZQbABdsy/SesyNLniULfN0=,mvCvqqx4kRVlP1tKSxxCNIrjHvs=
162,-8,p3tyzZQbABdsy/SesyNLniULfN0=,mvCvqqx4kRVlP1tKSxxCNIrjHvs=
173,-11,p3tyzZQbABdsy/SesyNLniULfN0=,mvCvqqx4kRVlP1tKSxxCNIrjHvs=
174,-9,p3tyzZQbABdsy/SesyNLniULfN0=,mvCvqqx4kRVlP1tKSxxCNIrjHvs=
174,-11,p3tyzZQbABdsy/SesyNLniULfN0=,mvCvqqx4kRVlP1tKSxxCNIrjHvs=
172,-9,p3tyzZQbABdsy/SesyNLniULfN0=,mvCvqqx4kRVlP1tKSxxCNIrjHvs=
171,-9,p3tyzZQbABdsy/SesyNLniULfN0=,mvCvqqx4kRVlP1tKSxxCNIrjHvs=
170,-9,p3tyzZQbABdsy/SesyNLniULfN0=,mvCvqqx4kRVlP1tKSxxCNIrjHvs=
175,-11,p3tyzZQbABdsy/SesyNLniULfN0=,mvCvqqx4kRVlP1tKSxxCNIrjHvs=
169,-9,p3tyzZQbABdsy/SesyNLniULfN0=,mvCvqqx4kRVlP1tKSxxCNIrjHvs=
169,-16,p3tyzZQbABdsy/SesyNLniULfN0=,mvCvqqx4kRVlP1tKSxxCNIrjHvs=
165,-15,p3tyzZQbABdsy/SesyNLniULfN0=,mvCvqqx4kRVlP1tKSxxCNIrjHvs=
168,-9,p3tyzZQbABdsy/SesyNLniULfN0=,mvCvqqx4kRVlP1tKSxxCNIrjHvs=
160,-10,p3tyzZQbABdsy/SesyNLniULfN0=,mvCvqqx4kRVlP1tKSxxCNIrjHvs=
167,-9,p3tyzZQbABdsy/SesyNLniULfN0=,mvCvqqx4kRVlP1tKSxxCNIrjHvs=
161,-10,p3tyzZQbABdsy/SesyNLniULfN0=,mvCvqqx4kRVlP1tKSxxCNIrjHvs=
166,-9,p3tyzZQbABdsy/SesyNLniULfN0=,mvCvqqx4kRVlP1tKSxxCNIrjHvs=
165,-9,p3tyzZQbABdsy/SesyNLniULfN0=,mvCvqqx4kRVlP1tKSxxCNIrjHvs=
162,-10,p3tyzZQbABdsy/SesyNLniULfN0=,mvCvqqx4kRVlP1tKSxxCNIrjHvs=
163,-9,p3tyzZQbABdsy/SesyNLniULfN0=,mvCvqqx4kRVlP1tKSxxCNIrjHvs=
164,-9,p3tyzZQbABdsy/SesyNLniULfN0=,mvCvqqx4kRVlP1tKSxxCNIrjHvs=
162,-9,p3tyzZQbABdsy/SesyNLniULfN0=,mvCvqqx4kRVlP1tKSxxCNIrjHvs=
163,-10,p3tyzZQbABdsy/SesyNLniULfN0=,mvCvqqx4kRVlP1tKSxxCNIrjHvs=
166,-15,p3tyzZQbABdsy/SesyNLniULfN0=,mvCvqqx4kRVlP1tKSxxCNIrjHvs=
161,-9,p3tyzZQbABdsy/SesyNLniULfN0=,mvCvqqx4kRVlP1tKSxxCNIrjHvs=
164,-10,p3tyzZQbABdsy/SesyNLniULfN0=,mvCvqqx4kRVlP1tKSxxCNIrjHvs=
169,-8,p3tyzZQbABdsy/SesyNLniULfN0=,mvCvqqx4kRVlP1tKSxxCNIrjHvs=
163,-8,p3tyzZQbABdsy/SesyNLniULfN0=,mvCvqqx4kRVlP1tKSxxCNIrjHvs=
164,-8,p3tyzZQbABdsy/SesyNLniULfN0=,mvCvqqx4kRVlP1tKSxxCNIrjHvs=
173,-8,p3tyzZQbABdsy/SesyNLniULfN0=,mvCvqqx4kRVlP1tKSxxCNIrjHvs=
165,-8,p3tyzZQbABdsy/SesyNLniULfN0=,mvCvqqx4kRVlP1tKSxxCNIrjHvs=
160,-9,p3tyzZQbABdsy/SesyNLniULfN0=,mvCvqqx4kRVlP1tKSxxCNIrjHvs=
173,-9,p3tyzZQbABdsy/SesyNLniULfN0=,mvCvqqx4kRVlP1tKSxxCNIrjHvs=
175,-10,p3tyzZQbABdsy/SesyNLniULfN0=,mvCvqqx4kRVlP1tKSxxCNIrjHvs=
175,-9,p3tyzZQbABdsy/SesyNLniULfN0=,mvCvqqx4kRVlP1tKSxxCNIrjHvs=
168,-8,p3tyzZQbABdsy/SesyNLniULfN0=,mvCvqqx4kRVlP1tKSxxCNIrjHvs=
165,-10,p3tyzZQbABdsy/SesyNLniULfN0=,mvCvqqx4kRVlP1tKSxxCNIrjHvs=
162,-13,p3tyzZQbABdsy/SesyNLniULfN0=,mvCvqqx4kRVlP1tKSxxCNIrjHvs=
174,-10,p3tyzZQbABdsy/SesyNLniULfN0=,mvCvqqx4kRVlP1tKSxxCNIrjHvs=
173,-10,p3tyzZQbABdsy/SesyNLniULfN0=,mvCvqqx4kRVlP1tKSxxCNIrjHvs=
166,-10,p3tyzZQbABdsy/SesyNLniULfN0=,mvCvqqx4kRVlP1tKSxxCNIrjHvs=
161,-13,p3tyzZQbABdsy/SesyNLniULfN0=,mvCvqqx4kRVlP1tKSxxCNIrjHvs=
171,-10,p3tyzZQbABdsy/SesyNLniULfN0=,mvCvqqx4kRVlP1tKSxxCNIrjHvs=
167,-10,p3tyzZQbABdsy/SesyNLniULfN0=,mvCvqqx4kRVlP1tKSxxCNIrjHvs=
168,-16,p3tyzZQbABdsy/SesyNLniULfN0=,mvCvqqx4kRVlP1tKSxxCNIrjHvs=
172,-10,p3tyzZQbABdsy/SesyNLniULfN0=,mvCvqqx4kRVlP1tKSxxCNIrjHvs=
169,-10,p3tyzZQbABdsy/SesyNLniULfN0=,mvCvqqx4kRVlP1tKSxxCNIrjHvs=
168,-10,p3tyzZQbABdsy/SesyNLniULfN0=,mvCvqqx4kRVlP1tKSxxCNIrjHvs=
170,-10,p3tyzZQbABdsy/SesyNLniULfN0=,mvCvqqx4kRVlP1tKSxxCNIrjHvs=
