4,-3,QX+o1CsBQK5mnM8/utuwAxg9U30=,/F0zQ98F/8jUWqSGKtYM9DA7mK0=
4,-2,QX+o1CsBQK5mnM8/utuwAxg9U30=,/F0zQ98F/8jUWqSGKtYM9DA7mK0=
1,-1,QX+o1CsBQK5mnM8/utuwAxg9U30=,+dV7RkmCB71W7XwhFrYFFTEDtBs=
0,-1,oktas8tl3i8Q7RRC0wloVJlwTo4=,ZH638Uv0ZISsLriolLdLYCySg3Q=
3,-2,QX+o1CsBQK5mnM8/utuwAxg9U30=,+dV7RkmCB71W7XwhFrYFFTEDtBs=
6,-3,QX+o1CsBQK5mnM8/utuwAxg9U30=,/F0zQ98F/8jUWqSGKtYM9DA7mK0=
2,-2,QX+o1CsBQK5mnM8/utuwAxg9U30=,+dV7RkmCB71W7XwhFrYFFTEDtBs=
5,-3,QX+o1CsBQK5mnM8/utuwAxg9U30=,/F0zQ98F/8jUWqSGKtYM9DA7mK0=
2,-1,QX+o1CsBQK5mnM8/utuwAxg9U30=,/F0zQ98F/8jUWqSGKtYM9DA7mK0=
5,-2,QX+o1CsBQK5mnM8/utuwAxg9U30=,/F0zQ98F/8jUWqSGKtYM9DA7mK0=
1,-2,QX+o1CsBQK5mnM8/utuwAxg9U30=,/F0zQ98F/8jUWqSGKtYM9DA7mK0=
