-67,-46,sSk8/nybYdcm/dqZ8t8flur4Q+g=,1yU0z36BQgyyes4rC6W2Py5SBNw=
-77,-48,sSk8/nybYdcm/dqZ8t8flur4Q+g=,1yU0z36BQgyyes4rC6W2Py5SBNw=
-70,-33,sSk8/nybYdcm/dqZ8t8flur4Q+g=,1yU0z36BQgyyes4rC6W2Py5SBNw=
-73,-33,sSk8/nybYdcm/dqZ8t8flur4Q+g=,1yU0z36BQgyyes4rC6W2Py5SBNw=
-72,-33,sSk8/nybYdcm/dqZ8t8flur4Q+g=,1yU0z36BQgyyes4rC6W2Py5SBNw=
-65,-33,sSk8/nybYdcm/dqZ8t8flur4Q+g=,1yU0z36BQgyyes4rC6W2Py5SBNw=
-74,-33,sSk8/nybYdcm/dqZ8t8flur4Q+g=,1yU0z36BQgyyes4rC6W2Py5SBNw=
-76,-33,sSk8/nybYdcm/dqZ8t8flur4Q+g=,1yU0z36BQgyyes4rC6W2Py5SBNw=
-66,-33,sSk8/nybYdcm/dqZ8t8flur4Q+g=,1yU0z36BQgyyes4rC6W2Py5SBNw=
-67,-33,sSk8/nybYdcm/dqZ8t8flur4Q+g=,1yU0z36BQgyyes4rC6W2Py5SBNw=
-66,-47,sSk8/nybYdcm/dqZ8t8flur4Q+g=,1yU0z36BQgyyes4rC6W2Py5SBNw=
-75,-33,sSk8/nybYdcm/dqZ8t8flur4Q+g=,1yU0z36BQgyyes4rC6W2Py5SBNw=
-71,-33,sSk8/nybYdcm/dqZ8t8flur4Q+g=,1yU0z36BQgyyes4rC6W2Py5SBNw=
-77,-33,sSk8/nybYdcm/dqZ8t8flur4Q+g=,1yU0z36BQgyyes4rC6W2Py5SBNw=
-69,-33,sSk8/nybYdcm/dqZ8t8flur4Q+g=,1yU0z36BQgyyes4rC6W2Py5SBNw=
-68,-47,sSk8/nybYdcm/dqZ8t8flur4Q+g=,1yU0z36BQgyyes4rC6W2Py5SBNw=
-70,-47,sSk8/nybYdcm/dqZ8t8flur4Q+g=,1yU0z36BQgyyes4rC6W2Py5SBNw=
-79,-47,sSk8/nybYdcm/dqZ8t8flur4Q+g=,1yU0z36BQgyyes4rC6W2Py5SBNw=
-79,-33,sSk8/nybYdcm/dqZ8t8flur4Q+g=,1yU0z36BQgyyes4rC6W2Py5SBNw=
-66,-46,sSk8/nybYdcm/dqZ8t8flur4Q+g=,1yU0z36BQgyyes4rC6W2Py5SBNw=
-69,-47,sSk8/nybYdcm/dqZ8t8flur4Q+g=,1yU0z36BQgyyes4rC6W2Py5SBNw=
-72,-47,sSk8/nybYdcm/dqZ8t8flur4Q+g=,1yU0z36BQgyyes4rC6W2Py5SBNw=
-65,-46,sSk8/nybYdcm/dqZ8t8flur4Q+g=,1yU0z36BQgyyes4rC6W2Py5SBNw=
-73,-47,sSk8/nybYdcm/dqZ8t8flur4Q+g=,1yU0z36BQgyyes4rC6W2Py5SBNw=
-71,-47,sSk8/nybYdcm/dqZ8t8flur4Q+g=,1yU0z36BQgyyes4rC6W2Py5SBNw=
-80,-45,sSk8/nybYdcm/dqZ8t8flur4Q+g=,1yU0z36BQgyyes4rC6W2Py5SBNw=
-77,-47,sSk8/nybYdcm/dqZ8t8flur4Q+g=,1yU0z36BQgyyes4rC6W2Py5SBNw=
-78,-47,sSk8/nybYdcm/dqZ8t8flur4Q+g=,1yU0z36BQgyyes4rC6W2Py5SBNw=
-78,-48,sSk8/nybYdcm/dqZ8t8flur4Q+g=,1yU0z36BQgyyes4rC6W2Py5SBNw=
-68,-46,sSk8/nybYdcm/dqZ8t8flur4Q+g=,1yU0z36BQgyyes4rC6W2Py5SBNw=
-74,-47,sSk8/nybYdcm/dqZ8t8flur4Q+g=,1yU0z36BQgyyes4rC6W2Py5SBNw=
-79,-45,sSk8/nybYdcm/dqZ8t8flur4Q+g=,1yU0z36BQgyyes4rC6W2Py5SBNw=
-75,-47,sSk8/nybYdcm/dqZ8t8flur4Q+g=,1yU0z36BQgyyes4rC6W2Py5SBNw=
-78,-45,sSk8/nybYdcm/dqZ8t8flur4Q+g=,1yU0z36BQgyyes4rC6W2Py5SBNw=
-67,-34,sSk8/nybYdcm/dqZ8t8flur4Q+g=,1yU0z36BQgyyes4rC6W2Py5SBNw=
-65,-34,sSk8/nybYdcm/dqZ8t8flur4Q+g=,1yU0z36BQgyyes4rC6W2Py5SBNw=
-68,-34,sSk8/nybYdcm/dqZ8t8flur4Q+g=,1yU0z36BQgyyes4rC6W2Py5SBNw=
-71,-34,sSk8/nybYdcm/dqZ8t8flur4Q+g=,1yU0z36BQgyyes4rC6W2Py5SBNw=
-77,-45,sSk8/nybYdcm/dqZ8t8flur4Q+g=,1yU0z36BQgyyes4rC6W2Py5SBNw=
-70,-34,sSk8/nybYdcm/dqZ8t8flur4Q+g=,1yU0z36BQgyyes4rC6W2Py5SBNw=
-76,-47,sSk8/nybYdcm/dqZ8t8flur4Q+g=,1yU0z36BQgyyes4rC6W2Py5SBNw=
-69,-34,sSk8/nybYdcm/dqZ8t8flur4Q+g=,1yU0z36BQgyyes4rC6W2Py5SBNw=
-75,-34,sSk8/nybYdcm/dqZ8t8flur4Q+g=,1yU0z36BQgyyes4rC6W2Py5SBNw=
-66,-34,sSk8/nybYdcm/dqZ8t8flur4Q+g=,1yU0z36BQgyyes4rC6W2Py5SBNw=
-80,-46,sSk8/nybYdcm/dqZ8t8flur4Q+g=,1yU0z36BQgyyes4rC6W2Py5SBNw=
-76,-34,sSk8/nybYdcm/dqZ8t8flur4Q+g=,1yU0z36BQgyyes4rC6W2Py5SBNw=
-74,-34,sSk8/nybYdcm/dqZ8t8flur4Q+g=,1yU0z36BQgyyes4rC6W2Py5SBNw=
-77,-34,sSk8/nybYdcm/dqZ8t8flur4Q+g=,1yU0z36BQgyyes4rC6W2Py5SBNw=
-78,-34,sSk8/nybYdcm/dqZ8t8flur4Q+g=,1yU0z36BQgyyes4rC6W2Py5SBNw=
-73,-34,sSk8/nybYdcm/dqZ8t8flur4Q+g=,1yU0z36BQgyyes4rC6W2Py5SBNw=
-80,-47,sSk8/nybYdcm/dqZ8t8flur4Q+g=,1yU0z36BQgyyes4rC6W2Py5SBNw=
-65,-35,sSk8/nybYdcm/dqZ8t8flur4Q+g=,1yU0z36BQgyyes4rC6W2Py5SBNw=
-65,-48,sSk8/nybYdcm/dqZ8t8flur4Q+g=,1yU0z36BQgyyes4rC6W2Py5SBNw=
-79,-34,sSk8/nybYdcm/dqZ8t8flur4Q+g=,1yU0z36BQgyyes4rC6W2Py5SBNw=
-66,-35,sSk8/nybYdcm/dqZ8t8flur4Q+g=,1yU0z36BQgyyes4rC6W2Py5SBNw=
-72,-34,sSk8/nybYdcm/dqZ8t8flur4Q+g=,1yU0z36BQgyyes4rC6W2Py5SBNw=
-67,-35,sSk8/nybYdcm/dqZ8t8flur4Q+g=,1yU0z36BQgyyes4rC6W2Py5SBNw=
-76,-45,sSk8/nybYdcm/dqZ8t8flur4Q+g=,1yU0z36BQgyyes4rC6W2Py5SBNw=
-74,-35,sSk8/nybYdcm/dqZ8t8flur4Q+g=,1yU0z36BQgyyes4rC6W2Py5SBNw=
-71,-35,sSk8/nybYdcm/dqZ8t8flur4Q+g=,1yU0z36BQgyyes4rC6W2Py5SBNw=
-70,-35,sSk8/nybYdcm/dqZ8t8flur4Q+g=,1yU0z36BQgyyes4rC6W2Py5SBNw=
-68,-35,sSk8/nybYdcm/dqZ8t8flur4Q+g=,1yU0z36BQgyyes4rC6W2Py5SBNw=
-69,-46,sSk8/nybYdcm/dqZ8t8flur4Q+g=,1yU0z36BQgyyes4rC6W2Py5SBNw=
-69,-35,sSk8/nybYdcm/dqZ8t8flur4Q+g=,1yU0z36BQgyyes4rC6W2Py5SBNw=
-75,-35,sSk8/nybYdcm/dqZ8t8flur4Q+g=,1yU0z36BQgyyes4rC6W2Py5SBNw=
-73,-35,sSk8/nybYdcm/dqZ8t8flur4Q+g=,1yU0z36BQgyyes4rC6W2Py5SBNw=
-78,-35,sSk8/nybYdcm/dqZ8t8flur4Q+g=,1yU0z36BQgyyes4rC6W2Py5SBNw=
-79,-35,sSk8/nybYdcm/dqZ8t8flur4Q+g=,1yU0z36BQgyyes4rC6W2Py5SBNw=
-67,-36,sSk8/nybYdcm/dqZ8t8flur4Q+g=,1yU0z36BQgyyes4rC6W2Py5SBNw=
-66,-36,sSk8/nybYdcm/dqZ8t8flur4Q+g=,1yU0z36BQgyyes4rC6W2Py5SBNw=
-80,-33,sSk8/nybYdcm/dqZ8t8flur4Q+g=,1yU0z36BQgyyes4rC6W2Py5SBNw=
-80,-34,sSk8/nybYdcm/dqZ8t8flur4Q+g=,1yU0z36BQgyyes4rC6W2Py5SBNw=
-68,-36,sSk8/nybYdcm/dqZ8t8flur4Q+g=,1yU0z36BQgyyes4rC6W2Py5SBNw=
-68,-33,sSk8/nybYdcm/dqZ8t8flur4Q+g=,1yU0z36BQgyyes4rC6W2Py5SBNw=
-65,-47,sSk8/nybYdcm/dqZ8t8flur4Q+g=,1yU0z36BQgyyes4rC6W2Py5SBNw=
-66,-48,sSk8/nybYdcm/dqZ8t8flur4Q+g=,1yU0z36BQgyyes4rC6W2Py5SBNw=
-76,-48,sSk8/nybYdcm/dqZ8t8flur4Q+g=,1yU0z36BQgyyes4rC6W2Py5SBNw=
-65,-36,sSk8/nybYdcm/dqZ8t8flur4Q+g=,1yU0z36BQgyyes4rC6W2Py5SBNw=
-70,-36,sSk8/nybYdcm/dqZ8t8flur4Q+g=,1yU0z36BQgyyes4rC6W2Py5SBNw=
-74,-36,sSk8/nybYdcm/dqZ8t8flur4Q+g=,1yU0z36BQgyyes4rC6W2Py5SBNw=
-75,-36,sSk8/nybYdcm/dqZ8t8flur4Q+g=,1yU0z36BQgyyes4rC6W2Py5SBNw=
-72,-35,sSk8/nybYdcm/dqZ8t8flur4Q+g=,1yU0z36BQgyyes4rC6W2Py5SBNw=
-76,-35,sSk8/nybYdcm/dqZ8t8flur4Q+g=,1yU0z36BQgyyes4rC6W2Py5SBNw=
-79,-36,sSk8/nybYdcm/dqZ8t8flur4Q+g=,1yU0z36BQgyyes4rC6W2Py5SBNw=
-80,-36,sSk8/nybYdcm/dqZ8t8flur4Q+g=,1yU0z36BQgyyes4rC6W2Py5SBNw=
-65,-37,sSk8/nybYdcm/dqZ8t8flur4Q+g=,1yU0z36BQgyyes4rC6W2Py5SBNw=
-72,-36,sSk8/nybYdcm/dqZ8t8flur4Q+g=,1yU0z36BQgyyes4rC6W2Py5SBNw=
-67,-48,sSk8/nybYdcm/dqZ8t8flur4Q+g=,1yU0z36BQgyyes4rC6W2Py5SBNw=
-67,-37,sSk8/nybYdcm/dqZ8t8flur4Q+g=,1yU0z36BQgyyes4rC6W2Py5SBNw=
-75,-45,sSk8/nybYdcm/dqZ8t8flur4Q+g=,1yU0z36BQgyyes4rC6W2Py5SBNw=
-76,-36,sSk8/nybYdcm/dqZ8t8flur4Q+g=,1yU0z36BQgyyes4rC6W2Py5SBNw=
-73,-36,sSk8/nybYdcm/dqZ8t8flur4Q+g=,1yU0z36BQgyyes4rC6W2Py5SBNw=
-78,-33,sSk8/nybYdcm/dqZ8t8flur4Q+g=,1yU0z36BQgyyes4rC6W2Py5SBNw=
-78,-36,sSk8/nybYdcm/dqZ8t8flur4Q+g=,1yU0z36BQgyyes4rC6W2Py5SBNw=
-66,-37,sSk8/nybYdcm/dqZ8t8flur4Q+g=,1yU0z36BQgyyes4rC6W2Py5SBNw=
-80,-35,sSk8/nybYdcm/dqZ8t8flur4Q+g=,1yU0z36BQgyyes4rC6W2Py5SBNw=
-68,-37,sSk8/nybYdcm/dqZ8t8flur4Q+g=,1yU0z36BQgyyes4rC6W2Py5SBNw=
-79,-48,sSk8/nybYdcm/dqZ8t8flur4Q+g=,1yU0z36BQgyyes4rC6W2Py5SBNw=
-77,-35,sSk8/nybYdcm/dqZ8t8flur4Q+g=,1yU0z36BQgyyes4rC6W2Py5SBNw=
-67,-47,sSk8/nybYdcm/dqZ8t8flur4Q+g=,1yU0z36BQgyyes4rC6W2Py5SBNw=
-74,-45,sSk8/nybYdcm/dqZ8t8flur4Q+g=,1yU0z36BQgyyes4rC6W2Py5SBNw=
-65,-38,sSk8/nybYdcm/dqZ8t8flur4Q+g=,1yU0z36BQgyyes4rC6W2Py5SBNw=
-72,-37,sSk8/nybYdcm/dqZ8t8flur4Q+g=,1yU0z36BQgyyes4rC6W2Py5SBNw=
-75,-37,sSk8/nybYdcm/dqZ8t8flur4Q+g=,1yU0z36BQgyyes4rC6W2Py5SBNw=
-80,-37,sSk8/nybYdcm/dqZ8t8flur4Q+g=,1yU0z36BQgyyes4rC6W2Py5SBNw=
-73,-45,sSk8/nybYdcm/dqZ8t8flur4Q+g=,1yU0z36BQgyyes4rC6W2Py5SBNw=
-71,-46,sSk8/nybYdcm/dqZ8t8flur4Q+g=,1yU0z36BQgyyes4rC6W2Py5SBNw=
-69,-36,sSk8/nybYdcm/dqZ8t8flur4Q+g=,1yU0z36BQgyyes4rC6W2Py5SBNw=
-73,-37,sSk8/nybYdcm/dqZ8t8flur4Q+g=,1yU0z36BQgyyes4rC6W2Py5SBNw=
-70,-37,sSk8/nybYdcm/dqZ8t8flur4Q+g=,1yU0z36BQgyyes4rC6W2Py5SBNw=
-72,-45,sSk8/nybYdcm/dqZ8t8flur4Q+g=,1yU0z36BQgyyes4rC6W2Py5SBNw=
-68,-38,sSk8/nybYdcm/dqZ8t8flur4Q+g=,1yU0z36BQgyyes4rC6W2Py5SBNw=
-70,-38,sSk8/nybYdcm/dqZ8t8flur4Q+g=,1yU0z36BQgyyes4rC6W2Py5SBNw=
-78,-37,sSk8/nybYdcm/dqZ8t8flur4Q+g=,1yU0z36BQgyyes4rC6W2Py5SBNw=
-71,-45,sSk8/nybYdcm/dqZ8t8flur4Q+g=,1yU0z36BQgyyes4rC6W2Py5SBNw=
-67,-38,sSk8/nybYdcm/dqZ8t8flur4Q+g=,1yU0z36BQgyyes4rC6W2Py5SBNw=
-76,-37,sSk8/nybYdcm/dqZ8t8flur4Q+g=,1yU0z36BQgyyes4rC6W2Py5SBNw=
-71,-38,sSk8/nybYdcm/dqZ8t8flur4Q+g=,1yU0z36BQgyyes4rC6W2Py5SBNw=
-68,-48,sSk8/nybYdcm/dqZ8t8flur4Q+g=,1yU0z36BQgyyes4rC6W2Py5SBNw=
-70,-45,sSk8/nybYdcm/dqZ8t8flur4Q+g=,1yU0z36BQgyyes4rC6W2Py5SBNw=
-69,-45,sSk8/nybYdcm/dqZ8t8flur4Q+g=,1yU0z36BQgyyes4rC6W2Py5SBNw=
-79,-37,sSk8/nybYdcm/dqZ8t8flur4Q+g=,1yU0z36BQgyyes4rC6W2Py5SBNw=
-77,-37,sSk8/nybYdcm/dqZ8t8flur4Q+g=,1yU0z36BQgyyes4rC6W2Py5SBNw=
-74,-38,sSk8/nybYdcm/dqZ8t8flur4Q+g=,1yU0z36BQgyyes4rC6W2Py5SBNw=
-72,-46,sSk8/nybYdcm/dqZ8t8flur4Q+g=,1yU0z36BQgyyes4rC6W2Py5SBNw=
-68,-45,sSk8/nybYdcm/dqZ8t8flur4Q+g=,1yU0z36BQgyyes4rC6W2Py5SBNw=
-77,-38,sSk8/nybYdcm/dqZ8t8flur4Q+g=,1yU0z36BQgyyes4rC6W2Py5SBNw=
-73,-38,sSk8/nybYdcm/dqZ8t8flur4Q+g=,1yU0z36BQgyyes4rC6W2Py5SBNw=
-72,-38,sSk8/nybYdcm/dqZ8t8flur4Q+g=,1yU0z36BQgyyes4rC6W2Py5SBNw=
-66,-39,sSk8/nybYdcm/dqZ8t8flur4Q+g=,1yU0z36BQgyyes4rC6W2Py5SBNw=
-76,-38,sSk8/nybYdcm/dqZ8t8flur4Q+g=,1yU0z36BQgyyes4rC6W2Py5SBNw=
-69,-38,sSk8/nybYdcm/dqZ8t8flur4Q+g=,1yU0z36BQgyyes4rC6W2Py5SBNw=
-68,-39,sSk8/nybYdcm/dqZ8t8flur4Q+g=,1yU0z36BQgyyes4rC6W2Py5SBNw=
-65,-39,sSk8/nybYdcm/dqZ8t8flur4Q+g=,1yU0z36BQgyyes4rC6W2Py5SBNw=
-67,-45,sSk8/nybYdcm/dqZ8t8flur4Q+g=,1yU0z36BQgyyes4rC6W2Py5SBNw=
-69,-48,sSk8/nybYdcm/dqZ8t8flur4Q+g=,1yU0z36BQgyyes4rC6W2Py5SBNw=
-67,-39,sSk8/nybYdcm/dqZ8t8flur4Q+g=,1yU0z36BQgyyes4rC6W2Py5SBNw=
-71,-39,sSk8/nybYdcm/dqZ8t8flur4Q+g=,1yU0z36BQgyyes4rC6W2Py5SBNw=
-80,-38,sSk8/nybYdcm/dqZ8t8flur4Q+g=,1yU0z36BQgyyes4rC6W2Py5SBNw=
-73,-39,sSk8/nybYdcm/dqZ8t8flur4Q+g=,1yU0z36BQgyyes4rC6W2Py5SBNw=
-66,-45,sSk8/nybYdcm/dqZ8t8flur4Q+g=,1yU0z36BQgyyes4rC6W2Py5SBNw=
-78,-38,sSk8/nybYdcm/dqZ8t8flur4Q+g=,1yU0z36BQgyyes4rC6W2Py5SBNw=
-71,-37,sSk8/nybYdcm/dqZ8t8flur4Q+g=,1yU0z36BQgyyes4rC6W2Py5SBNw=
-74,-37,sSk8/nybYdcm/dqZ8t8flur4Q+g=,1yU0z36BQgyyes4rC6W2Py5SBNw=
-70,-46,sSk8/nybYdcm/dqZ8t8flur4Q+g=,1yU0z36BQgyyes4rC6W2Py5SBNw=
-79,-46,sSk8/nybYdcm/dqZ8t8flur4Q+g=,1yU0z36BQgyyes4rC6W2Py5SBNw=
-70,-39,sSk8/nybYdcm/dqZ8t8flur4Q+g=,1yU0z36BQgyyes4rC6W2Py5SBNw=
-66,-38,sSk8/nybYdcm/dqZ8t8flur4Q+g=,1yU0z36BQgyyes4rC6W2Py5SBNw=
-74,-39,sSk8/nybYdcm/dqZ8t8flur4Q+g=,1yU0z36BQgyyes4rC6W2Py5SBNw=
-72,-39,sSk8/nybYdcm/dqZ8t8flur4Q+g=,1yU0z36BQgyyes4rC6W2Py5SBNw=
-65,-40,sSk8/nybYdcm/dqZ8t8flur4Q+g=,1yU0z36BQgyyes4rC6W2Py5SBNw=
-67,-40,sSk8/nybYdcm/dqZ8t8flur4Q+g=,1yU0z36BQgyyes4rC6W2Py5SBNw=
-80,-39,sSk8/nybYdcm/dqZ8t8flur4Q+g=,1yU0z36BQgyyes4rC6W2Py5SBNw=
-79,-39,sSk8/nybYdcm/dqZ8t8flur4Q+g=,1yU0z36BQgyyes4rC6W2Py5SBNw=
-66,-40,sSk8/nybYdcm/dqZ8t8flur4Q+g=,1yU0z36BQgyyes4rC6W2Py5SBNw=
-73,-46,sSk8/nybYdcm/dqZ8t8flur4Q+g=,1yU0z36BQgyyes4rC6W2Py5SBNw=
-75,-39,sSk8/nybYdcm/dqZ8t8flur4Q+g=,1yU0z36BQgyyes4rC6W2Py5SBNw=
-78,-39,sSk8/nybYdcm/dqZ8t8flur4Q+g=,1yU0z36BQgyyes4rC6W2Py5SBNw=
-68,-40,sSk8/nybYdcm/dqZ8t8flur4Q+g=,1yU0z36BQgyyes4rC6W2Py5SBNw=
-65,-45,sSk8/nybYdcm/dqZ8t8flur4Q+g=,1yU0z36BQgyyes4rC6W2Py5SBNw=
-69,-40,sSk8/nybYdcm/dqZ8t8flur4Q+g=,1yU0z36BQgyyes4rC6W2Py5SBNw=
-71,-36,sSk8/nybYdcm/dqZ8t8flur4Q+g=,1yU0z36BQgyyes4rC6W2Py5SBNw=
-73,-40,sSk8/nybYdcm/dqZ8t8flur4Q+g=,1yU0z36BQgyyes4rC6W2Py5SBNw=
-76,-39,sSk8/nybYdcm/dqZ8t8flur4Q+g=,1yU0z36BQgyyes4rC6W2Py5SBNw=
-77,-40,sSk8/nybYdcm/dqZ8t8flur4Q+g=,1yU0z36BQgyyes4rC6W2Py5SBNw=
-78,-40,sSk8/nybYdcm/dqZ8t8flur4Q+g=,1yU0z36BQgyyes4rC6W2Py5SBNw=
-76,-40,sSk8/nybYdcm/dqZ8t8flur4Q+g=,1yU0z36BQgyyes4rC6W2Py5SBNw=
-75,-40,sSk8/nybYdcm/dqZ8t8flur4Q+g=,1yU0z36BQgyyes4rC6W2Py5SBNw=
-68,-41,sSk8/nybYdcm/dqZ8t8flur4Q+g=,1yU0z36BQgyyes4rC6W2Py5SBNw=
-72,-40,sSk8/nybYdcm/dqZ8t8flur4Q+g=,1yU0z36BQgyyes4rC6W2Py5SBNw=
-80,-44,sSk8/nybYdcm/dqZ8t8flur4Q+g=,1yU0z36BQgyyes4rC6W2Py5SBNw=
-65,-41,sSk8/nybYdcm/dqZ8t8flur4Q+g=,1yU0z36BQgyyes4rC6W2Py5SBNw=
-71,-40,sSk8/nybYdcm/dqZ8t8flur4Q+g=,1yU0z36BQgyyes4rC6W2Py5SBNw=
-69,-41,sSk8/nybYdcm/dqZ8t8flur4Q+g=,1yU0z36BQgyyes4rC6W2Py5SBNw=
-70,-40,sSk8/nybYdcm/dqZ8t8flur4Q+g=,1yU0z36BQgyyes4rC6W2Py5SBNw=
-80,-40,sSk8/nybYdcm/dqZ8t8flur4Q+g=,1yU0z36BQgyyes4rC6W2Py5SBNw=
-74,-40,sSk8/nybYdcm/dqZ8t8flur4Q+g=,1yU0z36BQgyyes4rC6W2Py5SBNw=
-72,-41,sSk8/nybYdcm/dqZ8t8flur4Q+g=,1yU0z36BQgyyes4rC6W2Py5SBNw=
-67,-41,sSk8/nybYdcm/dqZ8t8flur4Q+g=,1yU0z36BQgyyes4rC6W2Py5SBNw=
-71,-48,sSk8/nybYdcm/dqZ8t8flur4Q+g=,1yU0z36BQgyyes4rC6W2Py5SBNw=
-70,-41,sSk8/nybYdcm/dqZ8t8flur4Q+g=,1yU0z36BQgyyes4rC6W2Py5SBNw=
-73,-41,sSk8/nybYdcm/dqZ8t8flur4Q+g=,1yU0z36BQgyyes4rC6W2Py5SBNw=
-74,-41,sSk8/nybYdcm/dqZ8t8flur4Q+g=,1yU0z36BQgyyes4rC6W2Py5SBNw=
-80,-48,sSk8/nybYdcm/dqZ8t8flur4Q+g=,1yU0z36BQgyyes4rC6W2Py5SBNw=
-74,-46,sSk8/nybYdcm/dqZ8t8flur4Q+g=,1yU0z36BQgyyes4rC6W2Py5SBNw=
-70,-48,sSk8/nybYdcm/dqZ8t8flur4Q+g=,1yU0z36BQgyyes4rC6W2Py5SBNw=
-71,-41,sSk8/nybYdcm/dqZ8t8flur4Q+g=,1yU0z36BQgyyes4rC6W2Py5SBNw=
-78,-41,sSk8/nybYdcm/dqZ8t8flur4Q+g=,1yU0z36BQgyyes4rC6W2Py5SBNw=
-77,-41,sSk8/nybYdcm/dqZ8t8flur4Q+g=,1yU0z36BQgyyes4rC6W2Py5SBNw=
-79,-40,sSk8/nybYdcm/dqZ8t8flur4Q+g=,1yU0z36BQgyyes4rC6W2Py5SBNw=
-76,-41,sSk8/nybYdcm/dqZ8t8flur4Q+g=,1yU0z36BQgyyes4rC6W2Py5SBNw=
-67,-42,sSk8/nybYdcm/dqZ8t8flur4Q+g=,1yU0z36BQgyyes4rC6W2Py5SBNw=
-69,-42,sSk8/nybYdcm/dqZ8t8flur4Q+g=,1yU0z36BQgyyes4rC6W2Py5SBNw=
-79,-41,sSk8/nybYdcm/dqZ8t8flur4Q+g=,1yU0z36BQgyyes4rC6W2Py5SBNw=
-66,-42,sSk8/nybYdcm/dqZ8t8flur4Q+g=,1yU0z36BQgyyes4rC6W2Py5SBNw=
-75,-46,sSk8/nybYdcm/dqZ8t8flur4Q+g=,1yU0z36BQgyyes4rC6W2Py5SBNw=
-75,-41,sSk8/nybYdcm/dqZ8t8flur4Q+g=,1yU0z36BQgyyes4rC6W2Py5SBNw=
-80,-41,sSk8/nybYdcm/dqZ8t8flur4Q+g=,1yU0z36BQgyyes4rC6W2Py5SBNw=
-79,-44,sSk8/nybYdcm/dqZ8t8flur4Q+g=,1yU0z36BQgyyes4rC6W2Py5SBNw=
-73,-42,sSk8/nybYdcm/dqZ8t8flur4Q+g=,1yU0z36BQgyyes4rC6W2Py5SBNw=
-74,-42,sSk8/nybYdcm/dqZ8t8flur4Q+g=,1yU0z36BQgyyes4rC6W2Py5SBNw=
-71,-42,sSk8/nybYdcm/dqZ8t8flur4Q+g=,1yU0z36BQgyyes4rC6W2Py5SBNw=
-76,-42,sSk8/nybYdcm/dqZ8t8flur4Q+g=,1yU0z36BQgyyes4rC6W2Py5SBNw=
-75,-42,sSk8/nybYdcm/dqZ8t8flur4Q+g=,1yU0z36BQgyyes4rC6W2Py5SBNw=
-76,-46,sSk8/nybYdcm/dqZ8t8flur4Q+g=,1yU0z36BQgyyes4rC6W2Py5SBNw=
-72,-42,sSk8/nybYdcm/dqZ8t8flur4Q+g=,1yU0z36BQgyyes4rC6W2Py5SBNw=
-70,-42,sSk8/nybYdcm/dqZ8t8flur4Q+g=,1yU0z36BQgyyes4rC6W2Py5SBNw=
-77,-42,sSk8/nybYdcm/dqZ8t8flur4Q+g=,1yU0z36BQgyyes4rC6W2Py5SBNw=
-77,-36,sSk8/nybYdcm/dqZ8t8flur4Q+g=,1yU0z36BQgyyes4rC6W2Py5SBNw=
-78,-44,sSk8/nybYdcm/dqZ8t8flur4Q+g=,1yU0z36BQgyyes4rC6W2Py5SBNw=
-78,-42,sSk8/nybYdcm/dqZ8t8flur4Q+g=,1yU0z36BQgyyes4rC6W2Py5SBNw=
-69,-37,sSk8/nybYdcm/dqZ8t8flur4Q+g=,1yU0z36BQgyyes4rC6W2Py5SBNw=
-79,-42,sSk8/nybYdcm/dqZ8t8flur4Q+g=,1yU0z36BQgyyes4rC6W2Py5SBNw=
-77,-39,sSk8/nybYdcm/dqZ8t8flur4Q+g=,1yU0z36BQgyyes4rC6W2Py5SBNw=
-69,-43,sSk8/nybYdcm/dqZ8t8flur4Q+g=,1yU0z36BQgyyes4rC6W2Py5SBNw=
-67,-43,sSk8/nybYdcm/dqZ8t8flur4Q+g=,1yU0z36BQgyyes4rC6W2Py5SBNw=
-66,-41,sSk8/nybYdcm/dqZ8t8flur4Q+g=,1yU0z36BQgyyes4rC6W2Py5SBNw=
-73,-43,sSk8/nybYdcm/dqZ8t8flur4Q+g=,1yU0z36BQgyyes4rC6W2Py5SBNw=
-70,-43,sSk8/nybYdcm/dqZ8t8flur4Q+g=,1yU0z36BQgyyes4rC6W2Py5SBNw=
-74,-43,sSk8/nybYdcm/dqZ8t8flur4Q+g=,1yU0z36BQgyyes4rC6W2Py5SBNw=
-72,-43,sSk8/nybYdcm/dqZ8t8flur4Q+g=,1yU0z36BQgyyes4rC6W2Py5SBNw=
-75,-43,sSk8/nybYdcm/dqZ8t8flur4Q+g=,1yU0z36BQgyyes4rC6W2Py5SBNw=
-65,-42,sSk8/nybYdcm/dqZ8t8flur4Q+g=,1yU0z36BQgyyes4rC6W2Py5SBNw=
-68,-43,sSk8/nybYdcm/dqZ8t8flur4Q+g=,1yU0z36BQgyyes4rC6W2Py5SBNw=
-77,-44,sSk8/nybYdcm/dqZ8t8flur4Q+g=,1yU0z36BQgyyes4rC6W2Py5SBNw=
-79,-43,sSk8/nybYdcm/dqZ8t8flur4Q+g=,1yU0z36BQgyyes4rC6W2Py5SBNw=
-72,-48,sSk8/nybYdcm/dqZ8t8flur4Q+g=,1yU0z36BQgyyes4rC6W2Py5SBNw=
-77,-46,sSk8/nybYdcm/dqZ8t8flur4Q+g=,1yU0z36BQgyyes4rC6W2Py5SBNw=
-80,-43,sSk8/nybYdcm/dqZ8t8flur4Q+g=,1yU0z36BQgyyes4rC6W2Py5SBNw=
-77,-43,sSk8/nybYdcm/dqZ8t8flur4Q+g=,1yU0z36BQgyyes4rC6W2Py5SBNw=
-73,-48,sSk8/nybYdcm/dqZ8t8flur4Q+g=,1yU0z36BQgyyes4rC6W2Py5SBNw=
-65,-44,sSk8/nybYdcm/dqZ8t8flur4Q+g=,1yU0z36BQgyyes4rC6W2Py5SBNw=
-68,-44,sSk8/nybYdcm/dqZ8t8flur4Q+g=,1yU0z36BQgyyes4rC6W2Py5SBNw=
-80,-42,sSk8/nybYdcm/dqZ8t8flur4Q+g=,1yU0z36BQgyyes4rC6W2Py5SBNw=
-66,-44,sSk8/nybYdcm/dqZ8t8flur4Q+g=,1yU0z36BQgyyes4rC6W2Py5SBNw=
-73,-44,sSk8/nybYdcm/dqZ8t8flur4Q+g=,1yU0z36BQgyyes4rC6W2Py5SBNw=
-76,-43,sSk8/nybYdcm/dqZ8t8flur4Q+g=,1yU0z36BQgyyes4rC6W2Py5SBNw=
-74,-44,sSk8/nybYdcm/dqZ8t8flur4Q+g=,1yU0z36BQgyyes4rC6W2Py5SBNw=
-71,-44,sSk8/nybYdcm/dqZ8t8flur4Q+g=,1yU0z36BQgyyes4rC6W2Py5SBNw=
-78,-46,sSk8/nybYdcm/dqZ8t8flur4Q+g=,1yU0z36BQgyyes4rC6W2Py5SBNw=
-74,-48,sSk8/nybYdcm/dqZ8t8flur4Q+g=,1yU0z36BQgyyes4rC6W2Py5SBNw=
-78,-43,sSk8/nybYdcm/dqZ8t8flur4Q+g=,1yU0z36BQgyyes4rC6W2Py5SBNw=
-75,-44,sSk8/nybYdcm/dqZ8t8flur4Q+g=,1yU0z36BQgyyes4rC6W2Py5SBNw=
-76,-44,sSk8/nybYdcm/dqZ8t8flur4Q+g=,1yU0z36BQgyyes4rC6W2Py5SBNw=
-75,-38,sSk8/nybYdcm/dqZ8t8flur4Q+g=,1yU0z36BQgyyes4rC6W2Py5SBNw=
-79,-38,sSk8/nybYdcm/dqZ8t8flur4Q+g=,1yU0z36BQgyyes4rC6W2Py5SBNw=
-69,-39,sSk8/nybYdcm/dqZ8t8flur4Q+g=,1yU0z36BQgyyes4rC6W2Py5SBNw=
-67,-44,sSk8/nybYdcm/dqZ8t8flur4Q+g=,1yU0z36BQgyyes4rC6W2Py5SBNw=
-65,-43,sSk8/nybYdcm/dqZ8t8flur4Q+g=,1yU0z36BQgyyes4rC6W2Py5SBNw=
-66,-43,sSk8/nybYdcm/dqZ8t8flur4Q+g=,1yU0z36BQgyyes4rC6W2Py5SBNw=
-68,-42,sSk8/nybYdcm/dqZ8t8flur4Q+g=,1yU0z36BQgyyes4rC6W2Py5SBNw=
-75,-48,sSk8/nybYdcm/dqZ8t8flur4Q+g=,1yU0z36BQgyyes4rC6W2Py5SBNw=
-72,-44,sSk8/nybYdcm/dqZ8t8flur4Q+g=,1yU0z36BQgyyes4rC6W2Py5SBNw=
-69,-44,sSk8/nybYdcm/dqZ8t8flur4Q+g=,1yU0z36BQgyyes4rC6W2Py5SBNw=
-71,-43,sSk8/nybYdcm/dqZ8t8flur4Q+g=,1yU0z36BQgyyes4rC6W2Py5SBNw=
-70,-44,sSk8/nybYdcm/dqZ8t8flur4Q+g=,1yU0z36BQgyyes4rC6W2Py5SBNw=
-65,-63,sSk8/nybYdcm/dqZ8t8flur4Q+g=,uF+/3cE6tMVcItb/LayrQ62WUSA=
-68,-61,sSk8/nybYdcm/dqZ8t8flur4Q+g=,uF+/3cE6tMVcItb/LayrQ62WUSA=
-66,-62,sSk8/nybYdcm/dqZ8t8flur4Q+g=,uF+/3cE6tMVcItb/LayrQ62WUSA=
-77,-64,sSk8/nybYdcm/dqZ8t8flur4Q+g=,uF+/3cE6tMVcItb/LayrQ62WUSA=
-76,-64,sSk8/nybYdcm/dqZ8t8flur4Q+g=,uF+/3cE6tMVcItb/LayrQ62WUSA=
-73,-62,sSk8/nybYdcm/dqZ8t8flur4Q+g=,uF+/3cE6tMVcItb/LayrQ62WUSA=
-74,-62,sSk8/nybYdcm/dqZ8t8flur4Q+g=,uF+/3cE6tMVcItb/LayrQ62WUSA=
-72,-62,sSk8/nybYdcm/dqZ8t8flur4Q+g=,uF+/3cE6tMVcItb/LayrQ62WUSA=
-75,-62,sSk8/nybYdcm/dqZ8t8flur4Q+g=,uF+/3cE6tMVcItb/LayrQ62WUSA=
-65,-49,sSk8/nybYdcm/dqZ8t8flur4Q+g=,uF+/3cE6tMVcItb/LayrQ62WUSA=
-67,-61,sSk8/nybYdcm/dqZ8t8flur4Q+g=,uF+/3cE6tMVcItb/LayrQ62WUSA=
-77,-62,sSk8/nybYdcm/dqZ8t8flur4Q+g=,uF+/3cE6tMVcItb/LayrQ62WUSA=
-76,-62,sSk8/nybYdcm/dqZ8t8flur4Q+g=,uF+/3cE6tMVcItb/LayrQ62WUSA=
-67,-62,sSk8/nybYdcm/dqZ8t8flur4Q+g=,uF+/3cE6tMVcItb/LayrQ62WUSA=
-78,-62,sSk8/nybYdcm/dqZ8t8flur4Q+g=,uF+/3cE6tMVcItb/LayrQ62WUSA=
-66,-61,sSk8/nybYdcm/dqZ8t8flur4Q+g=,uF+/3cE6tMVcItb/LayrQ62WUSA=
-65,-61,sSk8/nybYdcm/dqZ8t8flur4Q+g=,uF+/3cE6tMVcItb/LayrQ62WUSA=
-71,-62,sSk8/nybYdcm/dqZ8t8flur4Q+g=,uF+/3cE6tMVcItb/LayrQ62WUSA=
-68,-62,sSk8/nybYdcm/dqZ8t8flur4Q+g=,uF+/3cE6tMVcItb/LayrQ62WUSA=
-79,-62,sSk8/nybYdcm/dqZ8t8flur4Q+g=,uF+/3cE6tMVcItb/LayrQ62WUSA=
-75,-64,sSk8/nybYdcm/dqZ8t8flur4Q+g=,uF+/3cE6tMVcItb/LayrQ62WUSA=
-69,-61,sSk8/nybYdcm/dqZ8t8flur4Q+g=,uF+/3cE6tMVcItb/LayrQ62WUSA=
-80,-60,sSk8/nybYdcm/dqZ8t8flur4Q+g=,uF+/3cE6tMVcItb/LayrQ62WUSA=
-68,-49,sSk8/nybYdcm/dqZ8t8flur4Q+g=,uF+/3cE6tMVcItb/LayrQ62WUSA=
-80,-62,sSk8/nybYdcm/dqZ8t8flur4Q+g=,uF+/3cE6tMVcItb/LayrQ62WUSA=
-72,-49,sSk8/nybYdcm/dqZ8t8flur4Q+g=,uF+/3cE6tMVcItb/LayrQ62WUSA=
-69,-49,sSk8/nybYdcm/dqZ8t8flur4Q+g=,uF+/3cE6tMVcItb/LayrQ62WUSA=
-66,-49,sSk8/nybYdcm/dqZ8t8flur4Q+g=,uF+/3cE6tMVcItb/LayrQ62WUSA=
-67,-49,sSk8/nybYdcm/dqZ8t8flur4Q+g=,uF+/3cE6tMVcItb/LayrQ62WUSA=
-70,-62,sSk8/nybYdcm/dqZ8t8flur4Q+g=,uF+/3cE6tMVcItb/LayrQ62WUSA=
-70,-49,sSk8/nybYdcm/dqZ8t8flur4Q+g=,uF+/3cE6tMVcItb/LayrQ62WUSA=
-74,-49,sSk8/nybYdcm/dqZ8t8flur4Q+g=,uF+/3cE6tMVcItb/LayrQ62WUSA=
-78,-63,sSk8/nybYdcm/dqZ8t8flur4Q+g=,uF+/3cE6tMVcItb/LayrQ62WUSA=
-79,-60,sSk8/nybYdcm/dqZ8t8flur4Q+g=,uF+/3cE6tMVcItb/LayrQ62WUSA=
-71,-49,sSk8/nybYdcm/dqZ8t8flur4Q+g=,uF+/3cE6tMVcItb/LayrQ62WUSA=
-78,-60,sSk8/nybYdcm/dqZ8t8flur4Q+g=,uF+/3cE6tMVcItb/LayrQ62WUSA=
-77,-60,sSk8/nybYdcm/dqZ8t8flur4Q+g=,uF+/3cE6tMVcItb/LayrQ62WUSA=
-66,-63,sSk8/nybYdcm/dqZ8t8flur4Q+g=,uF+/3cE6tMVcItb/LayrQ62WUSA=
-75,-49,sSk8/nybYdcm/dqZ8t8flur4Q+g=,uF+/3cE6tMVcItb/LayrQ62WUSA=
-73,-49,sSk8/nybYdcm/dqZ8t8flur4Q+g=,uF+/3cE6tMVcItb/LayrQ62WUSA=
-76,-60,sSk8/nybYdcm/dqZ8t8flur4Q+g=,uF+/3cE6tMVcItb/LayrQ62WUSA=
-76,-49,sSk8/nybYdcm/dqZ8t8flur4Q+g=,uF+/3cE6tMVcItb/LayrQ62WUSA=
-75,-60,sSk8/nybYdcm/dqZ8t8flur4Q+g=,uF+/3cE6tMVcItb/LayrQ62WUSA=
-74,-60,sSk8/nybYdcm/dqZ8t8flur4Q+g=,uF+/3cE6tMVcItb/LayrQ62WUSA=
-79,-49,sSk8/nybYdcm/dqZ8t8flur4Q+g=,uF+/3cE6tMVcItb/LayrQ62WUSA=
-78,-49,sSk8/nybYdcm/dqZ8t8flur4Q+g=,uF+/3cE6tMVcItb/LayrQ62WUSA=
-69,-62,sSk8/nybYdcm/dqZ8t8flur4Q+g=,uF+/3cE6tMVcItb/LayrQ62WUSA=
-80,-49,sSk8/nybYdcm/dqZ8t8flur4Q+g=,uF+/3cE6tMVcItb/LayrQ62WUSA=
-73,-60,sSk8/nybYdcm/dqZ8t8flur4Q+g=,uF+/3cE6tMVcItb/LayrQ62WUSA=
-77,-49,sSk8/nybYdcm/dqZ8t8flur4Q+g=,uF+/3cE6tMVcItb/LayrQ62WUSA=
-78,-64,sSk8/nybYdcm/dqZ8t8flur4Q+g=,uF+/3cE6tMVcItb/LayrQ62WUSA=
-67,-50,sSk8/nybYdcm/dqZ8t8flur4Q+g=,uF+/3cE6tMVcItb/LayrQ62WUSA=
-68,-50,sSk8/nybYdcm/dqZ8t8flur4Q+g=,uF+/3cE6tMVcItb/LayrQ62WUSA=
-66,-50,sSk8/nybYdcm/dqZ8t8flur4Q+g=,uF+/3cE6tMVcItb/LayrQ62WUSA=
-70,-50,sSk8/nybYdcm/dqZ8t8flur4Q+g=,uF+/3cE6tMVcItb/LayrQ62WUSA=
-72,-60,sSk8/nybYdcm/dqZ8t8flur4Q+g=,uF+/3cE6tMVcItb/LayrQ62WUSA=
-73,-50,sSk8/nybYdcm/dqZ8t8flur4Q+g=,uF+/3cE6tMVcItb/LayrQ62WUSA=
-72,-50,sSk8/nybYdcm/dqZ8t8flur4Q+g=,uF+/3cE6tMVcItb/LayrQ62WUSA=
-74,-50,sSk8/nybYdcm/dqZ8t8flur4Q+g=,uF+/3cE6tMVcItb/LayrQ62WUSA=
-71,-50,sSk8/nybYdcm/dqZ8t8flur4Q+g=,uF+/3cE6tMVcItb/LayrQ62WUSA=
-76,-50,sSk8/nybYdcm/dqZ8t8flur4Q+g=,uF+/3cE6tMVcItb/LayrQ62WUSA=
-79,-63,sSk8/nybYdcm/dqZ8t8flur4Q+g=,uF+/3cE6tMVcItb/LayrQ62WUSA=
-71,-60,sSk8/nybYdcm/dqZ8t8flur4Q+g=,uF+/3cE6tMVcItb/LayrQ62WUSA=
-80,-50,sSk8/nybYdcm/dqZ8t8flur4Q+g=,uF+/3cE6tMVcItb/LayrQ62WUSA=
-77,-50,sSk8/nybYdcm/dqZ8t8flur4Q+g=,uF+/3cE6tMVcItb/LayrQ62WUSA=
-79,-50,sSk8/nybYdcm/dqZ8t8flur4Q+g=,uF+/3cE6tMVcItb/LayrQ62WUSA=
-65,-51,sSk8/nybYdcm/dqZ8t8flur4Q+g=,uF+/3cE6tMVcItb/LayrQ62WUSA=
-65,-50,sSk8/nybYdcm/dqZ8t8flur4Q+g=,uF+/3cE6tMVcItb/LayrQ62WUSA=
-70,-61,sSk8/nybYdcm/dqZ8t8flur4Q+g=,uF+/3cE6tMVcItb/LayrQ62WUSA=
-70,-60,sSk8/nybYdcm/dqZ8t8flur4Q+g=,uF+/3cE6tMVcItb/LayrQ62WUSA=
-69,-50,sSk8/nybYdcm/dqZ8t8flur4Q+g=,uF+/3cE6tMVcItb/LayrQ62WUSA=
-68,-51,sSk8/nybYdcm/dqZ8t8flur4Q+g=,uF+/3cE6tMVcItb/LayrQ62WUSA=
-75,-50,sSk8/nybYdcm/dqZ8t8flur4Q+g=,uF+/3cE6tMVcItb/LayrQ62WUSA=
-66,-51,sSk8/nybYdcm/dqZ8t8flur4Q+g=,uF+/3cE6tMVcItb/LayrQ62WUSA=
-79,-64,sSk8/nybYdcm/dqZ8t8flur4Q+g=,uF+/3cE6tMVcItb/LayrQ62WUSA=
-69,-60,sSk8/nybYdcm/dqZ8t8flur4Q+g=,uF+/3cE6tMVcItb/LayrQ62WUSA=
-69,-51,sSk8/nybYdcm/dqZ8t8flur4Q+g=,uF+/3cE6tMVcItb/LayrQ62WUSA=
-65,-62,sSk8/nybYdcm/dqZ8t8flur4Q+g=,uF+/3cE6tMVcItb/LayrQ62WUSA=
-67,-51,sSk8/nybYdcm/dqZ8t8flur4Q+g=,uF+/3cE6tMVcItb/LayrQ62WUSA=
-74,-51,sSk8/nybYdcm/dqZ8t8flur4Q+g=,uF+/3cE6tMVcItb/LayrQ62WUSA=
-75,-51,sSk8/nybYdcm/dqZ8t8flur4Q+g=,uF+/3cE6tMVcItb/LayrQ62WUSA=
-78,-50,sSk8/nybYdcm/dqZ8t8flur4Q+g=,uF+/3cE6tMVcItb/LayrQ62WUSA=
-80,-63,sSk8/nybYdcm/dqZ8t8flur4Q+g=,uF+/3cE6tMVcItb/LayrQ62WUSA=
-74,-64,sSk8/nybYdcm/dqZ8t8flur4Q+g=,uF+/3cE6tMVcItb/LayrQ62WUSA=
-72,-51,sSk8/nybYdcm/dqZ8t8flur4Q+g=,uF+/3cE6tMVcItb/LayrQ62WUSA=
-76,-51,sSk8/nybYdcm/dqZ8t8flur4Q+g=,uF+/3cE6tMVcItb/LayrQ62WUSA=
-73,-51,sSk8/nybYdcm/dqZ8t8flur4Q+g=,uF+/3cE6tMVcItb/LayrQ62WUSA=
-71,-61,sSk8/nybYdcm/dqZ8t8flur4Q+g=,uF+/3cE6tMVcItb/LayrQ62WUSA=
-80,-64,sSk8/nybYdcm/dqZ8t8flur4Q+g=,uF+/3cE6tMVcItb/LayrQ62WUSA=
-67,-63,sSk8/nybYdcm/dqZ8t8flur4Q+g=,uF+/3cE6tMVcItb/LayrQ62WUSA=
-70,-51,sSk8/nybYdcm/dqZ8t8flur4Q+g=,uF+/3cE6tMVcItb/LayrQ62WUSA=
-71,-51,sSk8/nybYdcm/dqZ8t8flur4Q+g=,uF+/3cE6tMVcItb/LayrQ62WUSA=
-79,-51,sSk8/nybYdcm/dqZ8t8flur4Q+g=,uF+/3cE6tMVcItb/LayrQ62WUSA=
-68,-63,sSk8/nybYdcm/dqZ8t8flur4Q+g=,uF+/3cE6tMVcItb/LayrQ62WUSA=
-66,-52,sSk8/nybYdcm/dqZ8t8flur4Q+g=,uF+/3cE6tMVcItb/LayrQ62WUSA=
-80,-51,sSk8/nybYdcm/dqZ8t8flur4Q+g=,uF+/3cE6tMVcItb/LayrQ62WUSA=
-65,-52,sSk8/nybYdcm/dqZ8t8flur4Q+g=,uF+/3cE6tMVcItb/LayrQ62WUSA=
-68,-60,sSk8/nybYdcm/dqZ8t8flur4Q+g=,uF+/3cE6tMVcItb/LayrQ62WUSA=
-77,-51,sSk8/nybYdcm/dqZ8t8flur4Q+g=,uF+/3cE6tMVcItb/LayrQ62WUSA=
-78,-51,sSk8/nybYdcm/dqZ8t8flur4Q+g=,uF+/3cE6tMVcItb/LayrQ62WUSA=
-67,-52,sSk8/nybYdcm/dqZ8t8flur4Q+g=,uF+/3cE6tMVcItb/LayrQ62WUSA=
-72,-52,sSk8/nybYdcm/dqZ8t8flur4Q+g=,uF+/3cE6tMVcItb/LayrQ62WUSA=
-69,-52,sSk8/nybYdcm/dqZ8t8flur4Q+g=,uF+/3cE6tMVcItb/LayrQ62WUSA=
-70,-52,sSk8/nybYdcm/dqZ8t8flur4Q+g=,uF+/3cE6tMVcItb/LayrQ62WUSA=
-65,-64,sSk8/nybYdcm/dqZ8t8flur4Q+g=,uF+/3cE6tMVcItb/LayrQ62WUSA=
-72,-61,sSk8/nybYdcm/dqZ8t8flur4Q+g=,uF+/3cE6tMVcItb/LayrQ62WUSA=
-74,-52,sSk8/nybYdcm/dqZ8t8flur4Q+g=,uF+/3cE6tMVcItb/LayrQ62WUSA=
-71,-52,sSk8/nybYdcm/dqZ8t8flur4Q+g=,uF+/3cE6tMVcItb/LayrQ62WUSA=
-75,-52,sSk8/nybYdcm/dqZ8t8flur4Q+g=,uF+/3cE6tMVcItb/LayrQ62WUSA=
-68,-52,sSk8/nybYdcm/dqZ8t8flur4Q+g=,uF+/3cE6tMVcItb/LayrQ62WUSA=
-67,-60,sSk8/nybYdcm/dqZ8t8flur4Q+g=,uF+/3cE6tMVcItb/LayrQ62WUSA=
-69,-63,sSk8/nybYdcm/dqZ8t8flur4Q+g=,uF+/3cE6tMVcItb/LayrQ62WUSA=
-73,-61,sSk8/nybYdcm/dqZ8t8flur4Q+g=,uF+/3cE6tMVcItb/LayrQ62WUSA=
-80,-52,sSk8/nybYdcm/dqZ8t8flur4Q+g=,uF+/3cE6tMVcItb/LayrQ62WUSA=
-66,-53,sSk8/nybYdcm/dqZ8t8flur4Q+g=,uF+/3cE6tMVcItb/LayrQ62WUSA=
-73,-52,sSk8/nybYdcm/dqZ8t8flur4Q+g=,uF+/3cE6tMVcItb/LayrQ62WUSA=
-76,-52,sSk8/nybYdcm/dqZ8t8flur4Q+g=,uF+/3cE6tMVcItb/LayrQ62WUSA=
-66,-60,sSk8/nybYdcm/dqZ8t8flur4Q+g=,uF+/3cE6tMVcItb/LayrQ62WUSA=
-66,-64,sSk8/nybYdcm/dqZ8t8flur4Q+g=,uF+/3cE6tMVcItb/LayrQ62WUSA=
-78,-52,sSk8/nybYdcm/dqZ8t8flur4Q+g=,uF+/3cE6tMVcItb/LayrQ62WUSA=
-70,-53,sSk8/nybYdcm/dqZ8t8flur4Q+g=,uF+/3cE6tMVcItb/LayrQ62WUSA=
-79,-52,sSk8/nybYdcm/dqZ8t8flur4Q+g=,uF+/3cE6tMVcItb/LayrQ62WUSA=
-73,-53,sSk8/nybYdcm/dqZ8t8flur4Q+g=,uF+/3cE6tMVcItb/LayrQ62WUSA=
-72,-53,sSk8/nybYdcm/dqZ8t8flur4Q+g=,uF+/3cE6tMVcItb/LayrQ62WUSA=
-74,-53,sSk8/nybYdcm/dqZ8t8flur4Q+g=,uF+/3cE6tMVcItb/LayrQ62WUSA=
-65,-60,sSk8/nybYdcm/dqZ8t8flur4Q+g=,uF+/3cE6tMVcItb/LayrQ62WUSA=
-67,-64,sSk8/nybYdcm/dqZ8t8flur4Q+g=,uF+/3cE6tMVcItb/LayrQ62WUSA=
-68,-53,sSk8/nybYdcm/dqZ8t8flur4Q+g=,uF+/3cE6tMVcItb/LayrQ62WUSA=
-74,-61,sSk8/nybYdcm/dqZ8t8flur4Q+g=,uF+/3cE6tMVcItb/LayrQ62WUSA=
-75,-53,sSk8/nybYdcm/dqZ8t8flur4Q+g=,uF+/3cE6tMVcItb/LayrQ62WUSA=
-80,-59,sSk8/nybYdcm/dqZ8t8flur4Q+g=,uF+/3cE6tMVcItb/LayrQ62WUSA=
-77,-52,sSk8/nybYdcm/dqZ8t8flur4Q+g=,uF+/3cE6tMVcItb/LayrQ62WUSA=
-77,-53,sSk8/nybYdcm/dqZ8t8flur4Q+g=,uF+/3cE6tMVcItb/LayrQ62WUSA=
-76,-53,sSk8/nybYdcm/dqZ8t8flur4Q+g=,uF+/3cE6tMVcItb/LayrQ62WUSA=
-65,-53,sSk8/nybYdcm/dqZ8t8flur4Q+g=,uF+/3cE6tMVcItb/LayrQ62WUSA=
-79,-53,sSk8/nybYdcm/dqZ8t8flur4Q+g=,uF+/3cE6tMVcItb/LayrQ62WUSA=
-69,-53,sSk8/nybYdcm/dqZ8t8flur4Q+g=,uF+/3cE6tMVcItb/LayrQ62WUSA=
-77,-63,sSk8/nybYdcm/dqZ8t8flur4Q+g=,uF+/3cE6tMVcItb/LayrQ62WUSA=
-67,-53,sSk8/nybYdcm/dqZ8t8flur4Q+g=,uF+/3cE6tMVcItb/LayrQ62WUSA=
-66,-54,sSk8/nybYdcm/dqZ8t8flur4Q+g=,uF+/3cE6tMVcItb/LayrQ62WUSA=
-78,-53,sSk8/nybYdcm/dqZ8t8flur4Q+g=,uF+/3cE6tMVcItb/LayrQ62WUSA=
-79,-59,sSk8/nybYdcm/dqZ8t8flur4Q+g=,uF+/3cE6tMVcItb/LayrQ62WUSA=
-72,-54,sSk8/nybYdcm/dqZ8t8flur4Q+g=,uF+/3cE6tMVcItb/LayrQ62WUSA=
-78,-59,sSk8/nybYdcm/dqZ8t8flur4Q+g=,uF+/3cE6tMVcItb/LayrQ62WUSA=
-68,-54,sSk8/nybYdcm/dqZ8t8flur4Q+g=,uF+/3cE6tMVcItb/LayrQ62WUSA=
-71,-53,sSk8/nybYdcm/dqZ8t8flur4Q+g=,uF+/3cE6tMVcItb/LayrQ62WUSA=
-73,-54,sSk8/nybYdcm/dqZ8t8flur4Q+g=,uF+/3cE6tMVcItb/LayrQ62WUSA=
-74,-54,sSk8/nybYdcm/dqZ8t8flur4Q+g=,uF+/3cE6tMVcItb/LayrQ62WUSA=
-77,-59,sSk8/nybYdcm/dqZ8t8flur4Q+g=,uF+/3cE6tMVcItb/LayrQ62WUSA=
-75,-54,sSk8/nybYdcm/dqZ8t8flur4Q+g=,uF+/3cE6tMVcItb/LayrQ62WUSA=
-75,-61,sSk8/nybYdcm/dqZ8t8flur4Q+g=,uF+/3cE6tMVcItb/LayrQ62WUSA=
-68,-64,sSk8/nybYdcm/dqZ8t8flur4Q+g=,uF+/3cE6tMVcItb/LayrQ62WUSA=
-70,-54,sSk8/nybYdcm/dqZ8t8flur4Q+g=,uF+/3cE6tMVcItb/LayrQ62WUSA=
-65,-54,sSk8/nybYdcm/dqZ8t8flur4Q+g=,uF+/3cE6tMVcItb/LayrQ62WUSA=
-80,-53,sSk8/nybYdcm/dqZ8t8flur4Q+g=,uF+/3cE6tMVcItb/LayrQ62WUSA=
-70,-63,sSk8/nybYdcm/dqZ8t8flur4Q+g=,uF+/3cE6tMVcItb/LayrQ62WUSA=
-76,-59,sSk8/nybYdcm/dqZ8t8flur4Q+g=,uF+/3cE6tMVcItb/LayrQ62WUSA=
-67,-54,sSk8/nybYdcm/dqZ8t8flur4Q+g=,uF+/3cE6tMVcItb/LayrQ62WUSA=
-78,-54,sSk8/nybYdcm/dqZ8t8flur4Q+g=,uF+/3cE6tMVcItb/LayrQ62WUSA=
-77,-54,sSk8/nybYdcm/dqZ8t8flur4Q+g=,uF+/3cE6tMVcItb/LayrQ62WUSA=
-65,-55,sSk8/nybYdcm/dqZ8t8flur4Q+g=,uF+/3cE6tMVcItb/LayrQ62WUSA=
-66,-55,sSk8/nybYdcm/dqZ8t8flur4Q+g=,uF+/3cE6tMVcItb/LayrQ62WUSA=
-67,-55,sSk8/nybYdcm/dqZ8t8flur4Q+g=,uF+/3cE6tMVcItb/LayrQ62WUSA=
-69,-55,sSk8/nybYdcm/dqZ8t8flur4Q+g=,uF+/3cE6tMVcItb/LayrQ62WUSA=
-71,-54,sSk8/nybYdcm/dqZ8t8flur4Q+g=,uF+/3cE6tMVcItb/LayrQ62WUSA=
-75,-59,sSk8/nybYdcm/dqZ8t8flur4Q+g=,uF+/3cE6tMVcItb/LayrQ62WUSA=
-76,-54,sSk8/nybYdcm/dqZ8t8flur4Q+g=,uF+/3cE6tMVcItb/LayrQ62WUSA=
-70,-55,sSk8/nybYdcm/dqZ8t8flur4Q+g=,uF+/3cE6tMVcItb/LayrQ62WUSA=
-74,-59,sSk8/nybYdcm/dqZ8t8flur4Q+g=,uF+/3cE6tMVcItb/LayrQ62WUSA=
-69,-54,sSk8/nybYdcm/dqZ8t8flur4Q+g=,uF+/3cE6tMVcItb/LayrQ62WUSA=
-80,-54,sSk8/nybYdcm/dqZ8t8flur4Q+g=,uF+/3cE6tMVcItb/LayrQ62WUSA=
-76,-61,sSk8/nybYdcm/dqZ8t8flur4Q+g=,uF+/3cE6tMVcItb/LayrQ62WUSA=
-68,-55,sSk8/nybYdcm/dqZ8t8flur4Q+g=,uF+/3cE6tMVcItb/LayrQ62WUSA=
-73,-59,sSk8/nybYdcm/dqZ8t8flur4Q+g=,uF+/3cE6tMVcItb/LayrQ62WUSA=
-72,-55,sSk8/nybYdcm/dqZ8t8flur4Q+g=,uF+/3cE6tMVcItb/LayrQ62WUSA=
-79,-54,sSk8/nybYdcm/dqZ8t8flur4Q+g=,uF+/3cE6tMVcItb/LayrQ62WUSA=
-75,-55,sSk8/nybYdcm/dqZ8t8flur4Q+g=,uF+/3cE6tMVcItb/LayrQ62WUSA=
-71,-55,sSk8/nybYdcm/dqZ8t8flur4Q+g=,uF+/3cE6tMVcItb/LayrQ62WUSA=
-74,-55,sSk8/nybYdcm/dqZ8t8flur4Q+g=,uF+/3cE6tMVcItb/LayrQ62WUSA=
-77,-55,sSk8/nybYdcm/dqZ8t8flur4Q+g=,uF+/3cE6tMVcItb/LayrQ62WUSA=
-65,-56,sSk8/nybYdcm/dqZ8t8flur4Q+g=,uF+/3cE6tMVcItb/LayrQ62WUSA=
-72,-59,sSk8/nybYdcm/dqZ8t8flur4Q+g=,uF+/3cE6tMVcItb/LayrQ62WUSA=
-66,-56,sSk8/nybYdcm/dqZ8t8flur4Q+g=,uF+/3cE6tMVcItb/LayrQ62WUSA=
-67,-56,sSk8/nybYdcm/dqZ8t8flur4Q+g=,uF+/3cE6tMVcItb/LayrQ62WUSA=
-72,-63,sSk8/nybYdcm/dqZ8t8flur4Q+g=,uF+/3cE6tMVcItb/LayrQ62WUSA=
-78,-55,sSk8/nybYdcm/dqZ8t8flur4Q+g=,uF+/3cE6tMVcItb/LayrQ62WUSA=
-73,-55,sSk8/nybYdcm/dqZ8t8flur4Q+g=,uF+/3cE6tMVcItb/LayrQ62WUSA=
-80,-55,sSk8/nybYdcm/dqZ8t8flur4Q+g=,uF+/3cE6tMVcItb/LayrQ62WUSA=
-72,-56,sSk8/nybYdcm/dqZ8t8flur4Q+g=,uF+/3cE6tMVcItb/LayrQ62WUSA=
-71,-59,sSk8/nybYdcm/dqZ8t8flur4Q+g=,uF+/3cE6tMVcItb/LayrQ62WUSA=
-77,-61,sSk8/nybYdcm/dqZ8t8flur4Q+g=,uF+/3cE6tMVcItb/LayrQ62WUSA=
-68,-56,sSk8/nybYdcm/dqZ8t8flur4Q+g=,uF+/3cE6tMVcItb/LayrQ62WUSA=
-76,-55,sSk8/nybYdcm/dqZ8t8flur4Q+g=,uF+/3cE6tMVcItb/LayrQ62WUSA=
-71,-56,sSk8/nybYdcm/dqZ8t8flur4Q+g=,uF+/3cE6tMVcItb/LayrQ62WUSA=
-69,-64,sSk8/nybYdcm/dqZ8t8flur4Q+g=,uF+/3cE6tMVcItb/LayrQ62WUSA=
-71,-63,sSk8/nybYdcm/dqZ8t8flur4Q+g=,uF+/3cE6tMVcItb/LayrQ62WUSA=
-69,-56,sSk8/nybYdcm/dqZ8t8flur4Q+g=,uF+/3cE6tMVcItb/LayrQ62WUSA=
-74,-56,sSk8/nybYdcm/dqZ8t8flur4Q+g=,uF+/3cE6tMVcItb/LayrQ62WUSA=
-70,-56,sSk8/nybYdcm/dqZ8t8flur4Q+g=,uF+/3cE6tMVcItb/LayrQ62WUSA=
-70,-64,sSk8/nybYdcm/dqZ8t8flur4Q+g=,uF+/3cE6tMVcItb/LayrQ62WUSA=
-75,-56,sSk8/nybYdcm/dqZ8t8flur4Q+g=,uF+/3cE6tMVcItb/LayrQ62WUSA=
-73,-56,sSk8/nybYdcm/dqZ8t8flur4Q+g=,uF+/3cE6tMVcItb/LayrQ62WUSA=
-73,-63,sSk8/nybYdcm/dqZ8t8flur4Q+g=,uF+/3cE6tMVcItb/LayrQ62WUSA=
-66,-57,sSk8/nybYdcm/dqZ8t8flur4Q+g=,uF+/3cE6tMVcItb/LayrQ62WUSA=
-79,-55,sSk8/nybYdcm/dqZ8t8flur4Q+g=,uF+/3cE6tMVcItb/LayrQ62WUSA=
-78,-56,sSk8/nybYdcm/dqZ8t8flur4Q+g=,uF+/3cE6tMVcItb/LayrQ62WUSA=
-67,-57,sSk8/nybYdcm/dqZ8t8flur4Q+g=,uF+/3cE6tMVcItb/LayrQ62WUSA=
-65,-57,sSk8/nybYdcm/dqZ8t8flur4Q+g=,uF+/3cE6tMVcItb/LayrQ62WUSA=
-70,-59,sSk8/nybYdcm/dqZ8t8flur4Q+g=,uF+/3cE6tMVcItb/LayrQ62WUSA=
-79,-56,sSk8/nybYdcm/dqZ8t8flur4Q+g=,uF+/3cE6tMVcItb/LayrQ62WUSA=
-78,-61,sSk8/nybYdcm/dqZ8t8flur4Q+g=,uF+/3cE6tMVcItb/LayrQ62WUSA=
-76,-56,sSk8/nybYdcm/dqZ8t8flur4Q+g=,uF+/3cE6tMVcItb/LayrQ62WUSA=
-68,-57,sSk8/nybYdcm/dqZ8t8flur4Q+g=,uF+/3cE6tMVcItb/LayrQ62WUSA=
-80,-56,sSk8/nybYdcm/dqZ8t8flur4Q+g=,uF+/3cE6tMVcItb/LayrQ62WUSA=
-73,-57,sSk8/nybYdcm/dqZ8t8flur4Q+g=,uF+/3cE6tMVcItb/LayrQ62WUSA=
-71,-64,sSk8/nybYdcm/dqZ8t8flur4Q+g=,uF+/3cE6tMVcItb/LayrQ62WUSA=
-72,-57,sSk8/nybYdcm/dqZ8t8flur4Q+g=,uF+/3cE6tMVcItb/LayrQ62WUSA=
-80,-61,sSk8/nybYdcm/dqZ8t8flur4Q+g=,uF+/3cE6tMVcItb/LayrQ62WUSA=
-74,-57,sSk8/nybYdcm/dqZ8t8flur4Q+g=,uF+/3cE6tMVcItb/LayrQ62WUSA=
-75,-57,sSk8/nybYdcm/dqZ8t8flur4Q+g=,uF+/3cE6tMVcItb/LayrQ62WUSA=
-78,-57,sSk8/nybYdcm/dqZ8t8flur4Q+g=,uF+/3cE6tMVcItb/LayrQ62WUSA=
-76,-63,sSk8/nybYdcm/dqZ8t8flur4Q+g=,uF+/3cE6tMVcItb/LayrQ62WUSA=
-71,-57,sSk8/nybYdcm/dqZ8t8flur4Q+g=,uF+/3cE6tMVcItb/LayrQ62WUSA=
-76,-57,sSk8/nybYdcm/dqZ8t8flur4Q+g=,uF+/3cE6tMVcItb/LayrQ62WUSA=
-74,-63,sSk8/nybYdcm/dqZ8t8flur4Q+g=,uF+/3cE6tMVcItb/LayrQ62WUSA=
-69,-57,sSk8/nybYdcm/dqZ8t8flur4Q+g=,uF+/3cE6tMVcItb/LayrQ62WUSA=
-80,-57,sSk8/nybYdcm/dqZ8t8flur4Q+g=,uF+/3cE6tMVcItb/LayrQ62WUSA=
-70,-57,sSk8/nybYdcm/dqZ8t8flur4Q+g=,uF+/3cE6tMVcItb/LayrQ62WUSA=
-77,-56,sSk8/nybYdcm/dqZ8t8flur4Q+g=,uF+/3cE6tMVcItb/LayrQ62WUSA=
-73,-64,sSk8/nybYdcm/dqZ8t8flur4Q+g=,uF+/3cE6tMVcItb/LayrQ62WUSA=
-66,-58,sSk8/nybYdcm/dqZ8t8flur4Q+g=,uF+/3cE6tMVcItb/LayrQ62WUSA=
-72,-64,sSk8/nybYdcm/dqZ8t8flur4Q+g=,uF+/3cE6tMVcItb/LayrQ62WUSA=
-65,-58,sSk8/nybYdcm/dqZ8t8flur4Q+g=,uF+/3cE6tMVcItb/LayrQ62WUSA=
-69,-58,sSk8/nybYdcm/dqZ8t8flur4Q+g=,uF+/3cE6tMVcItb/LayrQ62WUSA=
-77,-57,sSk8/nybYdcm/dqZ8t8flur4Q+g=,uF+/3cE6tMVcItb/LayrQ62WUSA=
-67,-58,sSk8/nybYdcm/dqZ8t8flur4Q+g=,uF+/3cE6tMVcItb/LayrQ62WUSA=
-79,-61,sSk8/nybYdcm/dqZ8t8flur4Q+g=,uF+/3cE6tMVcItb/LayrQ62WUSA=
-77,-58,sSk8/nybYdcm/dqZ8t8flur4Q+g=,uF+/3cE6tMVcItb/LayrQ62WUSA=
-69,-59,sSk8/nybYdcm/dqZ8t8flur4Q+g=,uF+/3cE6tMVcItb/LayrQ62WUSA=
-74,-58,sSk8/nybYdcm/dqZ8t8flur4Q+g=,uF+/3cE6tMVcItb/LayrQ62WUSA=
-75,-63,sSk8/nybYdcm/dqZ8t8flur4Q+g=,uF+/3cE6tMVcItb/LayrQ62WUSA=
-71,-58,sSk8/nybYdcm/dqZ8t8flur4Q+g=,uF+/3cE6tMVcItb/LayrQ62WUSA=
-72,-58,sSk8/nybYdcm/dqZ8t8flur4Q+g=,uF+/3cE6tMVcItb/LayrQ62WUSA=
-79,-57,sSk8/nybYdcm/dqZ8t8flur4Q+g=,uF+/3cE6tMVcItb/LayrQ62WUSA=
-79,-58,sSk8/nybYdcm/dqZ8t8flur4Q+g=,uF+/3cE6tMVcItb/LayrQ62WUSA=
-76,-58,sSk8/nybYdcm/dqZ8t8flur4Q+g=,uF+/3cE6tMVcItb/LayrQ62WUSA=
-68,-58,sSk8/nybYdcm/dqZ8t8flur4Q+g=,uF+/3cE6tMVcItb/LayrQ62WUSA=
-75,-58,sSk8/nybYdcm/dqZ8t8flur4Q+g=,uF+/3cE6tMVcItb/LayrQ62WUSA=
-73,-58,sSk8/nybYdcm/dqZ8t8flur4Q+g=,uF+/3cE6tMVcItb/LayrQ62WUSA=
-78,-58,sSk8/nybYdcm/dqZ8t8flur4Q+g=,uF+/3cE6tMVcItb/LayrQ62WUSA=
-80,-58,sSk8/nybYdcm/dqZ8t8flur4Q+g=,uF+/3cE6tMVcItb/LayrQ62WUSA=
-65,-59,sSk8/nybYdcm/dqZ8t8flur4Q+g=,uF+/3cE6tMVcItb/LayrQ62WUSA=
-70,-58,sSk8/nybYdcm/dqZ8t8flur4Q+g=,uF+/3cE6tMVcItb/LayrQ62WUSA=
-68,-59,sSk8/nybYdcm/dqZ8t8flur4Q+g=,uF+/3cE6tMVcItb/LayrQ62WUSA=
-67,-59,sSk8/nybYdcm/dqZ8t8flur4Q+g=,uF+/3cE6tMVcItb/LayrQ62WUSA=
-66,-59,sSk8/nybYdcm/dqZ8t8flur4Q+g=,uF+/3cE6tMVcItb/LayrQ62WUSA=
-83,-62,d8rXMzy3jObT3xQDYKBcSvvMOR8=,13Ioc5jV9ZKcRoogGZKd/WP41eU=
-82,-62,d8rXMzy3jObT3xQDYKBcSvvMOR8=,13Ioc5jV9ZKcRoogGZKd/WP41eU=
-82,-49,d8rXMzy3jObT3xQDYKBcSvvMOR8=,13Ioc5jV9ZKcRoogGZKd/WP41eU=
-93,-64,d8rXMzy3jObT3xQDYKBcSvvMOR8=,13Ioc5jV9ZKcRoogGZKd/WP41eU=
-87,-49,d8rXMzy3jObT3xQDYKBcSvvMOR8=,13Ioc5jV9ZKcRoogGZKd/WP41eU=
-81,-62,d8rXMzy3jObT3xQDYKBcSvvMOR8=,13Ioc5jV9ZKcRoogGZKd/WP41eU=
-96,-61,d8rXMzy3jObT3xQDYKBcSvvMOR8=,13Ioc5jV9ZKcRoogGZKd/WP41eU=
-83,-49,d8rXMzy3jObT3xQDYKBcSvvMOR8=,13Ioc5jV9ZKcRoogGZKd/WP41eU=
-89,-49,d8rXMzy3jObT3xQDYKBcSvvMOR8=,13Ioc5jV9ZKcRoogGZKd/WP41eU=
-95,-61,d8rXMzy3jObT3xQDYKBcSvvMOR8=,13Ioc5jV9ZKcRoogGZKd/WP41eU=
-84,-49,d8rXMzy3jObT3xQDYKBcSvvMOR8=,13Ioc5jV9ZKcRoogGZKd/WP41eU=
-93,-49,d8rXMzy3jObT3xQDYKBcSvvMOR8=,13Ioc5jV9ZKcRoogGZKd/WP41eU=
-90,-49,d8rXMzy3jObT3xQDYKBcSvvMOR8=,13Ioc5jV9ZKcRoogGZKd/WP41eU=
-86,-49,d8rXMzy3jObT3xQDYKBcSvvMOR8=,13Ioc5jV9ZKcRoogGZKd/WP41eU=
-95,-63,d8rXMzy3jObT3xQDYKBcSvvMOR8=,13Ioc5jV9ZKcRoogGZKd/WP41eU=
-95,-49,d8rXMzy3jObT3xQDYKBcSvvMOR8=,13Ioc5jV9ZKcRoogGZKd/WP41eU=
-85,-49,d8rXMzy3jObT3xQDYKBcSvvMOR8=,13Ioc5jV9ZKcRoogGZKd/WP41eU=
-94,-49,d8rXMzy3jObT3xQDYKBcSvvMOR8=,13Ioc5jV9ZKcRoogGZKd/WP41eU=
-94,-61,d8rXMzy3jObT3xQDYKBcSvvMOR8=,13Ioc5jV9ZKcRoogGZKd/WP41eU=
-91,-49,d8rXMzy3jObT3xQDYKBcSvvMOR8=,13Ioc5jV9ZKcRoogGZKd/WP41eU=
-96,-62,d8rXMzy3jObT3xQDYKBcSvvMOR8=,13Ioc5jV9ZKcRoogGZKd/WP41eU=
-83,-63,d8rXMzy3jObT3xQDYKBcSvvMOR8=,13Ioc5jV9ZKcRoogGZKd/WP41eU=
-86,-63,d8rXMzy3jObT3xQDYKBcSvvMOR8=,13Ioc5jV9ZKcRoogGZKd/WP41eU=
-93,-61,d8rXMzy3jObT3xQDYKBcSvvMOR8=,13Ioc5jV9ZKcRoogGZKd/WP41eU=
-88,-63,d8rXMzy3jObT3xQDYKBcSvvMOR8=,13Ioc5jV9ZKcRoogGZKd/WP41eU=
-89,-63,d8rXMzy3jObT3xQDYKBcSvvMOR8=,13Ioc5jV9ZKcRoogGZKd/WP41eU=
-81,-63,d8rXMzy3jObT3xQDYKBcSvvMOR8=,13Ioc5jV9ZKcRoogGZKd/WP41eU=
-90,-63,d8rXMzy3jObT3xQDYKBcSvvMOR8=,13Ioc5jV9ZKcRoogGZKd/WP41eU=
-85,-63,d8rXMzy3jObT3xQDYKBcSvvMOR8=,13Ioc5jV9ZKcRoogGZKd/WP41eU=
-87,-63,d8rXMzy3jObT3xQDYKBcSvvMOR8=,13Ioc5jV9ZKcRoogGZKd/WP41eU=
-84,-63,d8rXMzy3jObT3xQDYKBcSvvMOR8=,13Ioc5jV9ZKcRoogGZKd/WP41eU=
-82,-63,d8rXMzy3jObT3xQDYKBcSvvMOR8=,13Ioc5jV9ZKcRoogGZKd/WP41eU=
-92,-64,d8rXMzy3jObT3xQDYKBcSvvMOR8=,13Ioc5jV9ZKcRoogGZKd/WP41eU=
-93,-63,d8rXMzy3jObT3xQDYKBcSvvMOR8=,13Ioc5jV9ZKcRoogGZKd/WP41eU=
-94,-64,d8rXMzy3jObT3xQDYKBcSvvMOR8=,13Ioc5jV9ZKcRoogGZKd/WP41eU=
-94,-63,d8rXMzy3jObT3xQDYKBcSvvMOR8=,13Ioc5jV9ZKcRoogGZKd/WP41eU=
-92,-61,d8rXMzy3jObT3xQDYKBcSvvMOR8=,13Ioc5jV9ZKcRoogGZKd/WP41eU=
-81,-50,d8rXMzy3jObT3xQDYKBcSvvMOR8=,13Ioc5jV9ZKcRoogGZKd/WP41eU=
-91,-61,d8rXMzy3jObT3xQDYKBcSvvMOR8=,13Ioc5jV9ZKcRoogGZKd/WP41eU=
-84,-62,d8rXMzy3jObT3xQDYKBcSvvMOR8=,13Ioc5jV9ZKcRoogGZKd/WP41eU=
-96,-49,d8rXMzy3jObT3xQDYKBcSvvMOR8=,13Ioc5jV9ZKcRoogGZKd/WP41eU=
-90,-61,d8rXMzy3jObT3xQDYKBcSvvMOR8=,13Ioc5jV9ZKcRoogGZKd/WP41eU=
-88,-49,d8rXMzy3jObT3xQDYKBcSvvMOR8=,13Ioc5jV9ZKcRoogGZKd/WP41eU=
-81,-49,d8rXMzy3jObT3xQDYKBcSvvMOR8=,13Ioc5jV9ZKcRoogGZKd/WP41eU=
-83,-50,d8rXMzy3jObT3xQDYKBcSvvMOR8=,13Ioc5jV9ZKcRoogGZKd/WP41eU=
-92,-49,d8rXMzy3jObT3xQDYKBcSvvMOR8=,13Ioc5jV9ZKcRoogGZKd/WP41eU=
-82,-50,d8rXMzy3jObT3xQDYKBcSvvMOR8=,13Ioc5jV9ZKcRoogGZKd/WP41eU=
-87,-50,d8rXMzy3jObT3xQDYKBcSvvMOR8=,13Ioc5jV9ZKcRoogGZKd/WP41eU=
-89,-61,d8rXMzy3jObT3xQDYKBcSvvMOR8=,13Ioc5jV9ZKcRoogGZKd/WP41eU=
-88,-50,d8rXMzy3jObT3xQDYKBcSvvMOR8=,13Ioc5jV9ZKcRoogGZKd/WP41eU=
-84,-50,d8rXMzy3jObT3xQDYKBcSvvMOR8=,13Ioc5jV9ZKcRoogGZKd/WP41eU=
-91,-63,d8rXMzy3jObT3xQDYKBcSvvMOR8=,13Ioc5jV9ZKcRoogGZKd/WP41eU=
-91,-50,d8rXMzy3jObT3xQDYKBcSvvMOR8=,13Ioc5jV9ZKcRoogGZKd/WP41eU=
-90,-50,d8rXMzy3jObT3xQDYKBcSvvMOR8=,13Ioc5jV9ZKcRoogGZKd/WP41eU=
-96,-63,d8rXMzy3jObT3xQDYKBcSvvMOR8=,13Ioc5jV9ZKcRoogGZKd/WP41eU=
-92,-50,d8rXMzy3jObT3xQDYKBcSvvMOR8=,13Ioc5jV9ZKcRoogGZKd/WP41eU=
-86,-50,d8rXMzy3jObT3xQDYKBcSvvMOR8=,13Ioc5jV9ZKcRoogGZKd/WP41eU=
-96,-50,d8rXMzy3jObT3xQDYKBcSvvMOR8=,13Ioc5jV9ZKcRoogGZKd/WP41eU=
-88,-61,d8rXMzy3jObT3xQDYKBcSvvMOR8=,13Ioc5jV9ZKcRoogGZKd/WP41eU=
-81,-51,d8rXMzy3jObT3xQDYKBcSvvMOR8=,13Ioc5jV9ZKcRoogGZKd/WP41eU=
-82,-51,d8rXMzy3jObT3xQDYKBcSvvMOR8=,13Ioc5jV9ZKcRoogGZKd/WP41eU=
-95,-50,d8rXMzy3jObT3xQDYKBcSvvMOR8=,13Ioc5jV9ZKcRoogGZKd/WP41eU=
-92,-63,d8rXMzy3jObT3xQDYKBcSvvMOR8=,13Ioc5jV9ZKcRoogGZKd/WP41eU=
-94,-50,d8rXMzy3jObT3xQDYKBcSvvMOR8=,13Ioc5jV9ZKcRoogGZKd/WP41eU=
-87,-61,d8rXMzy3jObT3xQDYKBcSvvMOR8=,13Ioc5jV9ZKcRoogGZKd/WP41eU=
-85,-62,d8rXMzy3jObT3xQDYKBcSvvMOR8=,13Ioc5jV9ZKcRoogGZKd/WP41eU=
-83,-51,d8rXMzy3jObT3xQDYKBcSvvMOR8=,13Ioc5jV9ZKcRoogGZKd/WP41eU=
-89,-50,d8rXMzy3jObT3xQDYKBcSvvMOR8=,13Ioc5jV9ZKcRoogGZKd/WP41eU=
-93,-50,d8rXMzy3jObT3xQDYKBcSvvMOR8=,13Ioc5jV9ZKcRoogGZKd/WP41eU=
-84,-51,d8rXMzy3jObT3xQDYKBcSvvMOR8=,13Ioc5jV9ZKcRoogGZKd/WP41eU=
-88,-51,d8rXMzy3jObT3xQDYKBcSvvMOR8=,13Ioc5jV9ZKcRoogGZKd/WP41eU=
-86,-51,d8rXMzy3jObT3xQDYKBcSvvMOR8=,13Ioc5jV9ZKcRoogGZKd/WP41eU=
-85,-50,d8rXMzy3jObT3xQDYKBcSvvMOR8=,13Ioc5jV9ZKcRoogGZKd/WP41eU=
-91,-51,d8rXMzy3jObT3xQDYKBcSvvMOR8=,13Ioc5jV9ZKcRoogGZKd/WP41eU=
-81,-64,d8rXMzy3jObT3xQDYKBcSvvMOR8=,13Ioc5jV9ZKcRoogGZKd/WP41eU=
-95,-64,d8rXMzy3jObT3xQDYKBcSvvMOR8=,13Ioc5jV9ZKcRoogGZKd/WP41eU=
-85,-51,d8rXMzy3jObT3xQDYKBcSvvMOR8=,13Ioc5jV9ZKcRoogGZKd/WP41eU=
-90,-51,d8rXMzy3jObT3xQDYKBcSvvMOR8=,13Ioc5jV9ZKcRoogGZKd/WP41eU=
-92,-51,d8rXMzy3jObT3xQDYKBcSvvMOR8=,13Ioc5jV9ZKcRoogGZKd/WP41eU=
-89,-51,d8rXMzy3jObT3xQDYKBcSvvMOR8=,13Ioc5jV9ZKcRoogGZKd/WP41eU=
-93,-51,d8rXMzy3jObT3xQDYKBcSvvMOR8=,13Ioc5jV9ZKcRoogGZKd/WP41eU=
-82,-52,d8rXMzy3jObT3xQDYKBcSvvMOR8=,13Ioc5jV9ZKcRoogGZKd/WP41eU=
-87,-51,d8rXMzy3jObT3xQDYKBcSvvMOR8=,13Ioc5jV9ZKcRoogGZKd/WP41eU=
-83,-52,d8rXMzy3jObT3xQDYKBcSvvMOR8=,13Ioc5jV9ZKcRoogGZKd/WP41eU=
-86,-61,d8rXMzy3jObT3xQDYKBcSvvMOR8=,13Ioc5jV9ZKcRoogGZKd/WP41eU=
-85,-52,d8rXMzy3jObT3xQDYKBcSvvMOR8=,13Ioc5jV9ZKcRoogGZKd/WP41eU=
-84,-52,d8rXMzy3jObT3xQDYKBcSvvMOR8=,13Ioc5jV9ZKcRoogGZKd/WP41eU=
-86,-62,d8rXMzy3jObT3xQDYKBcSvvMOR8=,13Ioc5jV9ZKcRoogGZKd/WP41eU=
-87,-52,d8rXMzy3jObT3xQDYKBcSvvMOR8=,13Ioc5jV9ZKcRoogGZKd/WP41eU=
-86,-52,d8rXMzy3jObT3xQDYKBcSvvMOR8=,13Ioc5jV9ZKcRoogGZKd/WP41eU=
-81,-52,d8rXMzy3jObT3xQDYKBcSvvMOR8=,13Ioc5jV9ZKcRoogGZKd/WP41eU=
-90,-52,d8rXMzy3jObT3xQDYKBcSvvMOR8=,13Ioc5jV9ZKcRoogGZKd/WP41eU=
-96,-51,d8rXMzy3jObT3xQDYKBcSvvMOR8=,13Ioc5jV9ZKcRoogGZKd/WP41eU=
-89,-52,d8rXMzy3jObT3xQDYKBcSvvMOR8=,13Ioc5jV9ZKcRoogGZKd/WP41eU=
-95,-51,d8rXMzy3jObT3xQDYKBcSvvMOR8=,13Ioc5jV9ZKcRoogGZKd/WP41eU=
-94,-51,d8rXMzy3jObT3xQDYKBcSvvMOR8=,13Ioc5jV9ZKcRoogGZKd/WP41eU=
-85,-61,d8rXMzy3jObT3xQDYKBcSvvMOR8=,13Ioc5jV9ZKcRoogGZKd/WP41eU=
-91,-52,d8rXMzy3jObT3xQDYKBcSvvMOR8=,13Ioc5jV9ZKcRoogGZKd/WP41eU=
-82,-53,d8rXMzy3jObT3xQDYKBcSvvMOR8=,13Ioc5jV9ZKcRoogGZKd/WP41eU=
-93,-52,d8rXMzy3jObT3xQDYKBcSvvMOR8=,13Ioc5jV9ZKcRoogGZKd/WP41eU=
-96,-52,d8rXMzy3jObT3xQDYKBcSvvMOR8=,13Ioc5jV9ZKcRoogGZKd/WP41eU=
-83,-53,d8rXMzy3jObT3xQDYKBcSvvMOR8=,13Ioc5jV9ZKcRoogGZKd/WP41eU=
-83,-64,d8rXMzy3jObT3xQDYKBcSvvMOR8=,13Ioc5jV9ZKcRoogGZKd/WP41eU=
-85,-53,d8rXMzy3jObT3xQDYKBcSvvMOR8=,13Ioc5jV9ZKcRoogGZKd/WP41eU=
-81,-53,d8rXMzy3jObT3xQDYKBcSvvMOR8=,13Ioc5jV9ZKcRoogGZKd/WP41eU=
-95,-52,d8rXMzy3jObT3xQDYKBcSvvMOR8=,13Ioc5jV9ZKcRoogGZKd/WP41eU=
-86,-53,d8rXMzy3jObT3xQDYKBcSvvMOR8=,13Ioc5jV9ZKcRoogGZKd/WP41eU=
-87,-62,d8rXMzy3jObT3xQDYKBcSvvMOR8=,13Ioc5jV9ZKcRoogGZKd/WP41eU=
-84,-61,d8rXMzy3jObT3xQDYKBcSvvMOR8=,13Ioc5jV9ZKcRoogGZKd/WP41eU=
-89,-53,d8rXMzy3jObT3xQDYKBcSvvMOR8=,13Ioc5jV9ZKcRoogGZKd/WP41eU=
-92,-52,d8rXMzy3jObT3xQDYKBcSvvMOR8=,13Ioc5jV9ZKcRoogGZKd/WP41eU=
-82,-64,d8rXMzy3jObT3xQDYKBcSvvMOR8=,13Ioc5jV9ZKcRoogGZKd/WP41eU=
-90,-53,d8rXMzy3jObT3xQDYKBcSvvMOR8=,13Ioc5jV9ZKcRoogGZKd/WP41eU=
-88,-53,d8rXMzy3jObT3xQDYKBcSvvMOR8=,13Ioc5jV9ZKcRoogGZKd/WP41eU=
-84,-53,d8rXMzy3jObT3xQDYKBcSvvMOR8=,13Ioc5jV9ZKcRoogGZKd/WP41eU=
-95,-53,d8rXMzy3jObT3xQDYKBcSvvMOR8=,13Ioc5jV9ZKcRoogGZKd/WP41eU=
-91,-53,d8rXMzy3jObT3xQDYKBcSvvMOR8=,13Ioc5jV9ZKcRoogGZKd/WP41eU=
-92,-53,d8rXMzy3jObT3xQDYKBcSvvMOR8=,13Ioc5jV9ZKcRoogGZKd/WP41eU=
-82,-54,d8rXMzy3jObT3xQDYKBcSvvMOR8=,13Ioc5jV9ZKcRoogGZKd/WP41eU=
-86,-54,d8rXMzy3jObT3xQDYKBcSvvMOR8=,13Ioc5jV9ZKcRoogGZKd/WP41eU=
-94,-52,d8rXMzy3jObT3xQDYKBcSvvMOR8=,13Ioc5jV9ZKcRoogGZKd/WP41eU=
-96,-53,d8rXMzy3jObT3xQDYKBcSvvMOR8=,13Ioc5jV9ZKcRoogGZKd/WP41eU=
-81,-54,d8rXMzy3jObT3xQDYKBcSvvMOR8=,13Ioc5jV9ZKcRoogGZKd/WP41eU=
-85,-54,d8rXMzy3jObT3xQDYKBcSvvMOR8=,13Ioc5jV9ZKcRoogGZKd/WP41eU=
-83,-54,d8rXMzy3jObT3xQDYKBcSvvMOR8=,13Ioc5jV9ZKcRoogGZKd/WP41eU=
-94,-53,d8rXMzy3jObT3xQDYKBcSvvMOR8=,13Ioc5jV9ZKcRoogGZKd/WP41eU=
-83,-61,d8rXMzy3jObT3xQDYKBcSvvMOR8=,13Ioc5jV9ZKcRoogGZKd/WP41eU=
-89,-54,d8rXMzy3jObT3xQDYKBcSvvMOR8=,13Ioc5jV9ZKcRoogGZKd/WP41eU=
-88,-54,d8rXMzy3jObT3xQDYKBcSvvMOR8=,13Ioc5jV9ZKcRoogGZKd/WP41eU=
-93,-53,d8rXMzy3jObT3xQDYKBcSvvMOR8=,13Ioc5jV9ZKcRoogGZKd/WP41eU=
-87,-54,d8rXMzy3jObT3xQDYKBcSvvMOR8=,13Ioc5jV9ZKcRoogGZKd/WP41eU=
-90,-54,d8rXMzy3jObT3xQDYKBcSvvMOR8=,13Ioc5jV9ZKcRoogGZKd/WP41eU=
-88,-62,d8rXMzy3jObT3xQDYKBcSvvMOR8=,13Ioc5jV9ZKcRoogGZKd/WP41eU=
-95,-54,d8rXMzy3jObT3xQDYKBcSvvMOR8=,13Ioc5jV9ZKcRoogGZKd/WP41eU=
-91,-54,d8rXMzy3jObT3xQDYKBcSvvMOR8=,13Ioc5jV9ZKcRoogGZKd/WP41eU=
-96,-54,d8rXMzy3jObT3xQDYKBcSvvMOR8=,13Ioc5jV9ZKcRoogGZKd/WP41eU=
-93,-54,d8rXMzy3jObT3xQDYKBcSvvMOR8=,13Ioc5jV9ZKcRoogGZKd/WP41eU=
-82,-55,d8rXMzy3jObT3xQDYKBcSvvMOR8=,13Ioc5jV9ZKcRoogGZKd/WP41eU=
-88,-52,d8rXMzy3jObT3xQDYKBcSvvMOR8=,13Ioc5jV9ZKcRoogGZKd/WP41eU=
-94,-54,d8rXMzy3jObT3xQDYKBcSvvMOR8=,13Ioc5jV9ZKcRoogGZKd/WP41eU=
-86,-55,d8rXMzy3jObT3xQDYKBcSvvMOR8=,13Ioc5jV9ZKcRoogGZKd/WP41eU=
-87,-53,d8rXMzy3jObT3xQDYKBcSvvMOR8=,13Ioc5jV9ZKcRoogGZKd/WP41eU=
-81,-55,d8rXMzy3jObT3xQDYKBcSvvMOR8=,13Ioc5jV9ZKcRoogGZKd/WP41eU=
-82,-61,d8rXMzy3jObT3xQDYKBcSvvMOR8=,13Ioc5jV9ZKcRoogGZKd/WP41eU=
-87,-55,d8rXMzy3jObT3xQDYKBcSvvMOR8=,13Ioc5jV9ZKcRoogGZKd/WP41eU=
-88,-55,d8rXMzy3jObT3xQDYKBcSvvMOR8=,13Ioc5jV9ZKcRoogGZKd/WP41eU=
-92,-54,d8rXMzy3jObT3xQDYKBcSvvMOR8=,13Ioc5jV9ZKcRoogGZKd/WP41eU=
-89,-62,d8rXMzy3jObT3xQDYKBcSvvMOR8=,13Ioc5jV9ZKcRoogGZKd/WP41eU=
-81,-61,d8rXMzy3jObT3xQDYKBcSvvMOR8=,13Ioc5jV9ZKcRoogGZKd/WP41eU=
-83,-55,d8rXMzy3jObT3xQDYKBcSvvMOR8=,13Ioc5jV9ZKcRoogGZKd/WP41eU=
-90,-55,d8rXMzy3jObT3xQDYKBcSvvMOR8=,13Ioc5jV9ZKcRoogGZKd/WP41eU=
-84,-55,d8rXMzy3jObT3xQDYKBcSvvMOR8=,13Ioc5jV9ZKcRoogGZKd/WP41eU=
-95,-62,d8rXMzy3jObT3xQDYKBcSvvMOR8=,13Ioc5jV9ZKcRoogGZKd/WP41eU=
-91,-55,d8rXMzy3jObT3xQDYKBcSvvMOR8=,13Ioc5jV9ZKcRoogGZKd/WP41eU=
-85,-64,d8rXMzy3jObT3xQDYKBcSvvMOR8=,13Ioc5jV9ZKcRoogGZKd/WP41eU=
-94,-55,d8rXMzy3jObT3xQDYKBcSvvMOR8=,13Ioc5jV9ZKcRoogGZKd/WP41eU=
-96,-64,d8rXMzy3jObT3xQDYKBcSvvMOR8=,13Ioc5jV9ZKcRoogGZKd/WP41eU=
-96,-60,d8rXMzy3jObT3xQDYKBcSvvMOR8=,13Ioc5jV9ZKcRoogGZKd/WP41eU=
-84,-54,d8rXMzy3jObT3xQDYKBcSvvMOR8=,13Ioc5jV9ZKcRoogGZKd/WP41eU=
-81,-56,d8rXMzy3jObT3xQDYKBcSvvMOR8=,13Ioc5jV9ZKcRoogGZKd/WP41eU=
-82,-56,d8rXMzy3jObT3xQDYKBcSvvMOR8=,13Ioc5jV9ZKcRoogGZKd/WP41eU=
-84,-64,d8rXMzy3jObT3xQDYKBcSvvMOR8=,13Ioc5jV9ZKcRoogGZKd/WP41eU=
-86,-56,d8rXMzy3jObT3xQDYKBcSvvMOR8=,13Ioc5jV9ZKcRoogGZKd/WP41eU=
-95,-60,d8rXMzy3jObT3xQDYKBcSvvMOR8=,13Ioc5jV9ZKcRoogGZKd/WP41eU=
-92,-55,d8rXMzy3jObT3xQDYKBcSvvMOR8=,13Ioc5jV9ZKcRoogGZKd/WP41eU=
-95,-55,d8rXMzy3jObT3xQDYKBcSvvMOR8=,13Ioc5jV9ZKcRoogGZKd/WP41eU=
-83,-56,d8rXMzy3jObT3xQDYKBcSvvMOR8=,13Ioc5jV9ZKcRoogGZKd/WP41eU=
-87,-56,d8rXMzy3jObT3xQDYKBcSvvMOR8=,13Ioc5jV9ZKcRoogGZKd/WP41eU=
-90,-62,d8rXMzy3jObT3xQDYKBcSvvMOR8=,13Ioc5jV9ZKcRoogGZKd/WP41eU=
-85,-56,d8rXMzy3jObT3xQDYKBcSvvMOR8=,13Ioc5jV9ZKcRoogGZKd/WP41eU=
-94,-60,d8rXMzy3jObT3xQDYKBcSvvMOR8=,13Ioc5jV9ZKcRoogGZKd/WP41eU=
-96,-55,d8rXMzy3jObT3xQDYKBcSvvMOR8=,13Ioc5jV9ZKcRoogGZKd/WP41eU=
-88,-56,d8rXMzy3jObT3xQDYKBcSvvMOR8=,13Ioc5jV9ZKcRoogGZKd/WP41eU=
-90,-56,d8rXMzy3jObT3xQDYKBcSvvMOR8=,13Ioc5jV9ZKcRoogGZKd/WP41eU=
-89,-56,d8rXMzy3jObT3xQDYKBcSvvMOR8=,13Ioc5jV9ZKcRoogGZKd/WP41eU=
-91,-56,d8rXMzy3jObT3xQDYKBcSvvMOR8=,13Ioc5jV9ZKcRoogGZKd/WP41eU=
-93,-55,d8rXMzy3jObT3xQDYKBcSvvMOR8=,13Ioc5jV9ZKcRoogGZKd/WP41eU=
-93,-60,d8rXMzy3jObT3xQDYKBcSvvMOR8=,13Ioc5jV9ZKcRoogGZKd/WP41eU=
-86,-64,d8rXMzy3jObT3xQDYKBcSvvMOR8=,13Ioc5jV9ZKcRoogGZKd/WP41eU=
-92,-56,d8rXMzy3jObT3xQDYKBcSvvMOR8=,13Ioc5jV9ZKcRoogGZKd/WP41eU=
-85,-55,d8rXMzy3jObT3xQDYKBcSvvMOR8=,13Ioc5jV9ZKcRoogGZKd/WP41eU=
-82,-57,d8rXMzy3jObT3xQDYKBcSvvMOR8=,13Ioc5jV9ZKcRoogGZKd/WP41eU=
-94,-62,d8rXMzy3jObT3xQDYKBcSvvMOR8=,13Ioc5jV9ZKcRoogGZKd/WP41eU=
-96,-56,d8rXMzy3jObT3xQDYKBcSvvMOR8=,13Ioc5jV9ZKcRoogGZKd/WP41eU=
-83,-57,d8rXMzy3jObT3xQDYKBcSvvMOR8=,13Ioc5jV9ZKcRoogGZKd/WP41eU=
-84,-57,d8rXMzy3jObT3xQDYKBcSvvMOR8=,13Ioc5jV9ZKcRoogGZKd/WP41eU=
-81,-57,d8rXMzy3jObT3xQDYKBcSvvMOR8=,13Ioc5jV9ZKcRoogGZKd/WP41eU=
-86,-57,d8rXMzy3jObT3xQDYKBcSvvMOR8=,13Ioc5jV9ZKcRoogGZKd/WP41eU=
-94,-56,d8rXMzy3jObT3xQDYKBcSvvMOR8=,13Ioc5jV9ZKcRoogGZKd/WP41eU=
-85,-57,d8rXMzy3jObT3xQDYKBcSvvMOR8=,13Ioc5jV9ZKcRoogGZKd/WP41eU=
-89,-57,d8rXMzy3jObT3xQDYKBcSvvMOR8=,13Ioc5jV9ZKcRoogGZKd/WP41eU=
-87,-57,d8rXMzy3jObT3xQDYKBcSvvMOR8=,13Ioc5jV9ZKcRoogGZKd/WP41eU=
-91,-62,d8rXMzy3jObT3xQDYKBcSvvMOR8=,13Ioc5jV9ZKcRoogGZKd/WP41eU=
-90,-57,d8rXMzy3jObT3xQDYKBcSvvMOR8=,13Ioc5jV9ZKcRoogGZKd/WP41eU=
-89,-55,d8rXMzy3jObT3xQDYKBcSvvMOR8=,13Ioc5jV9ZKcRoogGZKd/WP41eU=
-88,-57,d8rXMzy3jObT3xQDYKBcSvvMOR8=,13Ioc5jV9ZKcRoogGZKd/WP41eU=
-87,-64,d8rXMzy3jObT3xQDYKBcSvvMOR8=,13Ioc5jV9ZKcRoogGZKd/WP41eU=
-84,-56,d8rXMzy3jObT3xQDYKBcSvvMOR8=,13Ioc5jV9ZKcRoogGZKd/WP41eU=
-93,-56,d8rXMzy3jObT3xQDYKBcSvvMOR8=,13Ioc5jV9ZKcRoogGZKd/WP41eU=
-96,-57,d8rXMzy3jObT3xQDYKBcSvvMOR8=,13Ioc5jV9ZKcRoogGZKd/WP41eU=
-91,-64,d8rXMzy3jObT3xQDYKBcSvvMOR8=,13Ioc5jV9ZKcRoogGZKd/WP41eU=
-93,-57,d8rXMzy3jObT3xQDYKBcSvvMOR8=,13Ioc5jV9ZKcRoogGZKd/WP41eU=
-81,-58,d8rXMzy3jObT3xQDYKBcSvvMOR8=,13Ioc5jV9ZKcRoogGZKd/WP41eU=
-92,-57,d8rXMzy3jObT3xQDYKBcSvvMOR8=,13Ioc5jV9ZKcRoogGZKd/WP41eU=
-95,-57,d8rXMzy3jObT3xQDYKBcSvvMOR8=,13Ioc5jV9ZKcRoogGZKd/WP41eU=
-92,-60,d8rXMzy3jObT3xQDYKBcSvvMOR8=,13Ioc5jV9ZKcRoogGZKd/WP41eU=
-85,-58,d8rXMzy3jObT3xQDYKBcSvvMOR8=,13Ioc5jV9ZKcRoogGZKd/WP41eU=
-89,-58,d8rXMzy3jObT3xQDYKBcSvvMOR8=,13Ioc5jV9ZKcRoogGZKd/WP41eU=
-83,-58,d8rXMzy3jObT3xQDYKBcSvvMOR8=,13Ioc5jV9ZKcRoogGZKd/WP41eU=
-88,-58,d8rXMzy3jObT3xQDYKBcSvvMOR8=,13Ioc5jV9ZKcRoogGZKd/WP41eU=
-87,-58,d8rXMzy3jObT3xQDYKBcSvvMOR8=,13Ioc5jV9ZKcRoogGZKd/WP41eU=
-94,-57,d8rXMzy3jObT3xQDYKBcSvvMOR8=,13Ioc5jV9ZKcRoogGZKd/WP41eU=
-91,-60,d8rXMzy3jObT3xQDYKBcSvvMOR8=,13Ioc5jV9ZKcRoogGZKd/WP41eU=
-88,-64,d8rXMzy3jObT3xQDYKBcSvvMOR8=,13Ioc5jV9ZKcRoogGZKd/WP41eU=
-90,-58,d8rXMzy3jObT3xQDYKBcSvvMOR8=,13Ioc5jV9ZKcRoogGZKd/WP41eU=
-84,-58,d8rXMzy3jObT3xQDYKBcSvvMOR8=,13Ioc5jV9ZKcRoogGZKd/WP41eU=
-86,-58,d8rXMzy3jObT3xQDYKBcSvvMOR8=,13Ioc5jV9ZKcRoogGZKd/WP41eU=
-92,-58,d8rXMzy3jObT3xQDYKBcSvvMOR8=,13Ioc5jV9ZKcRoogGZKd/WP41eU=
-81,-59,d8rXMzy3jObT3xQDYKBcSvvMOR8=,13Ioc5jV9ZKcRoogGZKd/WP41eU=
-91,-58,d8rXMzy3jObT3xQDYKBcSvvMOR8=,13Ioc5jV9ZKcRoogGZKd/WP41eU=
-90,-60,d8rXMzy3jObT3xQDYKBcSvvMOR8=,13Ioc5jV9ZKcRoogGZKd/WP41eU=
-94,-58,d8rXMzy3jObT3xQDYKBcSvvMOR8=,13Ioc5jV9ZKcRoogGZKd/WP41eU=
-93,-58,d8rXMzy3jObT3xQDYKBcSvvMOR8=,13Ioc5jV9ZKcRoogGZKd/WP41eU=
-84,-59,d8rXMzy3jObT3xQDYKBcSvvMOR8=,13Ioc5jV9ZKcRoogGZKd/WP41eU=
-83,-59,d8rXMzy3jObT3xQDYKBcSvvMOR8=,13Ioc5jV9ZKcRoogGZKd/WP41eU=
-89,-60,d8rXMzy3jObT3xQDYKBcSvvMOR8=,13Ioc5jV9ZKcRoogGZKd/WP41eU=
-95,-56,d8rXMzy3jObT3xQDYKBcSvvMOR8=,13Ioc5jV9ZKcRoogGZKd/WP41eU=
-85,-59,d8rXMzy3jObT3xQDYKBcSvvMOR8=,13Ioc5jV9ZKcRoogGZKd/WP41eU=
-95,-58,d8rXMzy3jObT3xQDYKBcSvvMOR8=,13Ioc5jV9ZKcRoogGZKd/WP41eU=
-86,-59,d8rXMzy3jObT3xQDYKBcSvvMOR8=,13Ioc5jV9ZKcRoogGZKd/WP41eU=
-82,-59,d8rXMzy3jObT3xQDYKBcSvvMOR8=,13Ioc5jV9ZKcRoogGZKd/WP41eU=
-88,-60,d8rXMzy3jObT3xQDYKBcSvvMOR8=,13Ioc5jV9ZKcRoogGZKd/WP41eU=
-91,-57,d8rXMzy3jObT3xQDYKBcSvvMOR8=,13Ioc5jV9ZKcRoogGZKd/WP41eU=
-87,-59,d8rXMzy3jObT3xQDYKBcSvvMOR8=,13Ioc5jV9ZKcRoogGZKd/WP41eU=
-89,-64,d8rXMzy3jObT3xQDYKBcSvvMOR8=,13Ioc5jV9ZKcRoogGZKd/WP41eU=
-90,-59,d8rXMzy3jObT3xQDYKBcSvvMOR8=,13Ioc5jV9ZKcRoogGZKd/WP41eU=
-88,-59,d8rXMzy3jObT3xQDYKBcSvvMOR8=,13Ioc5jV9ZKcRoogGZKd/WP41eU=
-89,-59,d8rXMzy3jObT3xQDYKBcSvvMOR8=,13Ioc5jV9ZKcRoogGZKd/WP41eU=
-82,-58,d8rXMzy3jObT3xQDYKBcSvvMOR8=,13Ioc5jV9ZKcRoogGZKd/WP41eU=
-87,-60,d8rXMzy3jObT3xQDYKBcSvvMOR8=,13Ioc5jV9ZKcRoogGZKd/WP41eU=
-81,-60,d8rXMzy3jObT3xQDYKBcSvvMOR8=,13Ioc5jV9ZKcRoogGZKd/WP41eU=
-93,-59,d8rXMzy3jObT3xQDYKBcSvvMOR8=,13Ioc5jV9ZKcRoogGZKd/WP41eU=
-91,-59,d8rXMzy3jObT3xQDYKBcSvvMOR8=,13Ioc5jV9ZKcRoogGZKd/WP41eU=
-86,-60,d8rXMzy3jObT3xQDYKBcSvvMOR8=,13Ioc5jV9ZKcRoogGZKd/WP41eU=
-95,-59,d8rXMzy3jObT3xQDYKBcSvvMOR8=,13Ioc5jV9ZKcRoogGZKd/WP41eU=
-85,-60,d8rXMzy3jObT3xQDYKBcSvvMOR8=,13Ioc5jV9ZKcRoogGZKd/WP41eU=
-82,-60,d8rXMzy3jObT3xQDYKBcSvvMOR8=,13Ioc5jV9ZKcRoogGZKd/WP41eU=
-90,-64,d8rXMzy3jObT3xQDYKBcSvvMOR8=,13Ioc5jV9ZKcRoogGZKd/WP41eU=
-92,-62,d8rXMzy3jObT3xQDYKBcSvvMOR8=,13Ioc5jV9ZKcRoogGZKd/WP41eU=
-96,-58,d8rXMzy3jObT3xQDYKBcSvvMOR8=,13Ioc5jV9ZKcRoogGZKd/WP41eU=
-94,-59,d8rXMzy3jObT3xQDYKBcSvvMOR8=,13Ioc5jV9ZKcRoogGZKd/WP41eU=
-93,-62,d8rXMzy3jObT3xQDYKBcSvvMOR8=,13Ioc5jV9ZKcRoogGZKd/WP41eU=
-83,-60,d8rXMzy3jObT3xQDYKBcSvvMOR8=,13Ioc5jV9ZKcRoogGZKd/WP41eU=
-84,-60,d8rXMzy3jObT3xQDYKBcSvvMOR8=,13Ioc5jV9ZKcRoogGZKd/WP41eU=
-96,-59,d8rXMzy3jObT3xQDYKBcSvvMOR8=,13Ioc5jV9ZKcRoogGZKd/WP41eU=
-92,-59,d8rXMzy3jObT3xQDYKBcSvvMOR8=,13Ioc5jV9ZKcRoogGZKd/WP41eU=
-93,-48,d8rXMzy3jObT3xQDYKBcSvvMOR8=,5Sc3U5pkFAgjqvZtvVnJsZxBA5Y=
-81,-33,d8rXMzy3jObT3xQDYKBcSvvMOR8=,5Sc3U5pkFAgjqvZtvVnJsZxBA5Y=
-84,-45,d8rXMzy3jObT3xQDYKBcSvvMOR8=,5Sc3U5pkFAgjqvZtvVnJsZxBA5Y=
-81,-47,d8rXMzy3jObT3xQDYKBcSvvMOR8=,5Sc3U5pkFAgjqvZtvVnJsZxBA5Y=
-82,-46,d8rXMzy3jObT3xQDYKBcSvvMOR8=,5Sc3U5pkFAgjqvZtvVnJsZxBA5Y=
-89,-46,d8rXMzy3jObT3xQDYKBcSvvMOR8=,5Sc3U5pkFAgjqvZtvVnJsZxBA5Y=
-83,-46,d8rXMzy3jObT3xQDYKBcSvvMOR8=,5Sc3U5pkFAgjqvZtvVnJsZxBA5Y=
-92,-48,d8rXMzy3jObT3xQDYKBcSvvMOR8=,5Sc3U5pkFAgjqvZtvVnJsZxBA5Y=
-84,-46,d8rXMzy3jObT3xQDYKBcSvvMOR8=,5Sc3U5pkFAgjqvZtvVnJsZxBA5Y=
-91,-46,d8rXMzy3jObT3xQDYKBcSvvMOR8=,5Sc3U5pkFAgjqvZtvVnJsZxBA5Y=
-88,-46,d8rXMzy3jObT3xQDYKBcSvvMOR8=,5Sc3U5pkFAgjqvZtvVnJsZxBA5Y=
-90,-46,d8rXMzy3jObT3xQDYKBcSvvMOR8=,5Sc3U5pkFAgjqvZtvVnJsZxBA5Y=
-86,-46,d8rXMzy3jObT3xQDYKBcSvvMOR8=,5Sc3U5pkFAgjqvZtvVnJsZxBA5Y=
-83,-45,d8rXMzy3jObT3xQDYKBcSvvMOR8=,5Sc3U5pkFAgjqvZtvVnJsZxBA5Y=
-94,-46,d8rXMzy3jObT3xQDYKBcSvvMOR8=,5Sc3U5pkFAgjqvZtvVnJsZxBA5Y=
-83,-33,d8rXMzy3jObT3xQDYKBcSvvMOR8=,5Sc3U5pkFAgjqvZtvVnJsZxBA5Y=
-82,-45,d8rXMzy3jObT3xQDYKBcSvvMOR8=,5Sc3U5pkFAgjqvZtvVnJsZxBA5Y=
-92,-46,d8rXMzy3jObT3xQDYKBcSvvMOR8=,5Sc3U5pkFAgjqvZtvVnJsZxBA5Y=
-84,-33,d8rXMzy3jObT3xQDYKBcSvvMOR8=,5Sc3U5pkFAgjqvZtvVnJsZxBA5Y=
-82,-33,d8rXMzy3jObT3xQDYKBcSvvMOR8=,5Sc3U5pkFAgjqvZtvVnJsZxBA5Y=
-85,-46,d8rXMzy3jObT3xQDYKBcSvvMOR8=,5Sc3U5pkFAgjqvZtvVnJsZxBA5Y=
-93,-46,d8rXMzy3jObT3xQDYKBcSvvMOR8=,5Sc3U5pkFAgjqvZtvVnJsZxBA5Y=
-88,-33,d8rXMzy3jObT3xQDYKBcSvvMOR8=,5Sc3U5pkFAgjqvZtvVnJsZxBA5Y=
-89,-33,d8rXMzy3jObT3xQDYKBcSvvMOR8=,5Sc3U5pkFAgjqvZtvVnJsZxBA5Y=
-90,-33,d8rXMzy3jObT3xQDYKBcSvvMOR8=,5Sc3U5pkFAgjqvZtvVnJsZxBA5Y=
-91,-33,d8rXMzy3jObT3xQDYKBcSvvMOR8=,5Sc3U5pkFAgjqvZtvVnJsZxBA5Y=
-92,-33,d8rXMzy3jObT3xQDYKBcSvvMOR8=,5Sc3U5pkFAgjqvZtvVnJsZxBA5Y=
-87,-33,d8rXMzy3jObT3xQDYKBcSvvMOR8=,5Sc3U5pkFAgjqvZtvVnJsZxBA5Y=
-93,-33,d8rXMzy3jObT3xQDYKBcSvvMOR8=,5Sc3U5pkFAgjqvZtvVnJsZxBA5Y=
-85,-45,d8rXMzy3jObT3xQDYKBcSvvMOR8=,5Sc3U5pkFAgjqvZtvVnJsZxBA5Y=
-86,-33,d8rXMzy3jObT3xQDYKBcSvvMOR8=,5Sc3U5pkFAgjqvZtvVnJsZxBA5Y=
-91,-48,d8rXMzy3jObT3xQDYKBcSvvMOR8=,5Sc3U5pkFAgjqvZtvVnJsZxBA5Y=
-87,-46,d8rXMzy3jObT3xQDYKBcSvvMOR8=,5Sc3U5pkFAgjqvZtvVnJsZxBA5Y=
-96,-46,d8rXMzy3jObT3xQDYKBcSvvMOR8=,5Sc3U5pkFAgjqvZtvVnJsZxBA5Y=
-94,-33,d8rXMzy3jObT3xQDYKBcSvvMOR8=,5Sc3U5pkFAgjqvZtvVnJsZxBA5Y=
-95,-46,d8rXMzy3jObT3xQDYKBcSvvMOR8=,5Sc3U5pkFAgjqvZtvVnJsZxBA5Y=
-94,-48,d8rXMzy3jObT3xQDYKBcSvvMOR8=,5Sc3U5pkFAgjqvZtvVnJsZxBA5Y=
-86,-45,d8rXMzy3jObT3xQDYKBcSvvMOR8=,5Sc3U5pkFAgjqvZtvVnJsZxBA5Y=
-81,-45,d8rXMzy3jObT3xQDYKBcSvvMOR8=,5Sc3U5pkFAgjqvZtvVnJsZxBA5Y=
-81,-34,d8rXMzy3jObT3xQDYKBcSvvMOR8=,5Sc3U5pkFAgjqvZtvVnJsZxBA5Y=
-85,-34,d8rXMzy3jObT3xQDYKBcSvvMOR8=,5Sc3U5pkFAgjqvZtvVnJsZxBA5Y=
-86,-34,d8rXMzy3jObT3xQDYKBcSvvMOR8=,5Sc3U5pkFAgjqvZtvVnJsZxBA5Y=
-85,-33,d8rXMzy3jObT3xQDYKBcSvvMOR8=,5Sc3U5pkFAgjqvZtvVnJsZxBA5Y=
-95,-33,d8rXMzy3jObT3xQDYKBcSvvMOR8=,5Sc3U5pkFAgjqvZtvVnJsZxBA5Y=
-96,-33,d8rXMzy3jObT3xQDYKBcSvvMOR8=,5Sc3U5pkFAgjqvZtvVnJsZxBA5Y=
-94,-47,d8rXMzy3jObT3xQDYKBcSvvMOR8=,5Sc3U5pkFAgjqvZtvVnJsZxBA5Y=
-88,-34,d8rXMzy3jObT3xQDYKBcSvvMOR8=,5Sc3U5pkFAgjqvZtvVnJsZxBA5Y=
-82,-34,d8rXMzy3jObT3xQDYKBcSvvMOR8=,5Sc3U5pkFAgjqvZtvVnJsZxBA5Y=
-87,-34,d8rXMzy3jObT3xQDYKBcSvvMOR8=,5Sc3U5pkFAgjqvZtvVnJsZxBA5Y=
-89,-34,d8rXMzy3jObT3xQDYKBcSvvMOR8=,5Sc3U5pkFAgjqvZtvVnJsZxBA5Y=
-93,-34,d8rXMzy3jObT3xQDYKBcSvvMOR8=,5Sc3U5pkFAgjqvZtvVnJsZxBA5Y=
-92,-34,d8rXMzy3jObT3xQDYKBcSvvMOR8=,5Sc3U5pkFAgjqvZtvVnJsZxBA5Y=
-91,-34,d8rXMzy3jObT3xQDYKBcSvvMOR8=,5Sc3U5pkFAgjqvZtvVnJsZxBA5Y=
-94,-34,d8rXMzy3jObT3xQDYKBcSvvMOR8=,5Sc3U5pkFAgjqvZtvVnJsZxBA5Y=
-82,-47,d8rXMzy3jObT3xQDYKBcSvvMOR8=,5Sc3U5pkFAgjqvZtvVnJsZxBA5Y=
-95,-34,d8rXMzy3jObT3xQDYKBcSvvMOR8=,5Sc3U5pkFAgjqvZtvVnJsZxBA5Y=
-96,-34,d8rXMzy3jObT3xQDYKBcSvvMOR8=,5Sc3U5pkFAgjqvZtvVnJsZxBA5Y=
-95,-47,d8rXMzy3jObT3xQDYKBcSvvMOR8=,5Sc3U5pkFAgjqvZtvVnJsZxBA5Y=
-90,-34,d8rXMzy3jObT3xQDYKBcSvvMOR8=,5Sc3U5pkFAgjqvZtvVnJsZxBA5Y=
-83,-34,d8rXMzy3jObT3xQDYKBcSvvMOR8=,5Sc3U5pkFAgjqvZtvVnJsZxBA5Y=
-96,-44,d8rXMzy3jObT3xQDYKBcSvvMOR8=,5Sc3U5pkFAgjqvZtvVnJsZxBA5Y=
-95,-48,d8rXMzy3jObT3xQDYKBcSvvMOR8=,5Sc3U5pkFAgjqvZtvVnJsZxBA5Y=
-81,-35,d8rXMzy3jObT3xQDYKBcSvvMOR8=,5Sc3U5pkFAgjqvZtvVnJsZxBA5Y=
-88,-35,d8rXMzy3jObT3xQDYKBcSvvMOR8=,5Sc3U5pkFAgjqvZtvVnJsZxBA5Y=
-87,-35,d8rXMzy3jObT3xQDYKBcSvvMOR8=,5Sc3U5pkFAgjqvZtvVnJsZxBA5Y=
-82,-35,d8rXMzy3jObT3xQDYKBcSvvMOR8=,5Sc3U5pkFAgjqvZtvVnJsZxBA5Y=
-96,-47,d8rXMzy3jObT3xQDYKBcSvvMOR8=,5Sc3U5pkFAgjqvZtvVnJsZxBA5Y=
-89,-35,d8rXMzy3jObT3xQDYKBcSvvMOR8=,5Sc3U5pkFAgjqvZtvVnJsZxBA5Y=
-85,-35,d8rXMzy3jObT3xQDYKBcSvvMOR8=,5Sc3U5pkFAgjqvZtvVnJsZxBA5Y=
-90,-35,d8rXMzy3jObT3xQDYKBcSvvMOR8=,5Sc3U5pkFAgjqvZtvVnJsZxBA5Y=
-84,-35,d8rXMzy3jObT3xQDYKBcSvvMOR8=,5Sc3U5pkFAgjqvZtvVnJsZxBA5Y=
-87,-45,d8rXMzy3jObT3xQDYKBcSvvMOR8=,5Sc3U5pkFAgjqvZtvVnJsZxBA5Y=
-95,-44,d8rXMzy3jObT3xQDYKBcSvvMOR8=,5Sc3U5pkFAgjqvZtvVnJsZxBA5Y=
-84,-34,d8rXMzy3jObT3xQDYKBcSvvMOR8=,5Sc3U5pkFAgjqvZtvVnJsZxBA5Y=
-83,-35,d8rXMzy3jObT3xQDYKBcSvvMOR8=,5Sc3U5pkFAgjqvZtvVnJsZxBA5Y=
-86,-35,d8rXMzy3jObT3xQDYKBcSvvMOR8=,5Sc3U5pkFAgjqvZtvVnJsZxBA5Y=
-92,-35,d8rXMzy3jObT3xQDYKBcSvvMOR8=,5Sc3U5pkFAgjqvZtvVnJsZxBA5Y=
-94,-35,d8rXMzy3jObT3xQDYKBcSvvMOR8=,5Sc3U5pkFAgjqvZtvVnJsZxBA5Y=
-93,-35,d8rXMzy3jObT3xQDYKBcSvvMOR8=,5Sc3U5pkFAgjqvZtvVnJsZxBA5Y=
-81,-48,d8rXMzy3jObT3xQDYKBcSvvMOR8=,5Sc3U5pkFAgjqvZtvVnJsZxBA5Y=
-94,-44,d8rXMzy3jObT3xQDYKBcSvvMOR8=,5Sc3U5pkFAgjqvZtvVnJsZxBA5Y=
-83,-36,d8rXMzy3jObT3xQDYKBcSvvMOR8=,5Sc3U5pkFAgjqvZtvVnJsZxBA5Y=
-96,-35,d8rXMzy3jObT3xQDYKBcSvvMOR8=,5Sc3U5pkFAgjqvZtvVnJsZxBA5Y=
-88,-45,d8rXMzy3jObT3xQDYKBcSvvMOR8=,5Sc3U5pkFAgjqvZtvVnJsZxBA5Y=
-91,-35,d8rXMzy3jObT3xQDYKBcSvvMOR8=,5Sc3U5pkFAgjqvZtvVnJsZxBA5Y=
-84,-36,d8rXMzy3jObT3xQDYKBcSvvMOR8=,5Sc3U5pkFAgjqvZtvVnJsZxBA5Y=
-89,-36,d8rXMzy3jObT3xQDYKBcSvvMOR8=,5Sc3U5pkFAgjqvZtvVnJsZxBA5Y=
-84,-47,d8rXMzy3jObT3xQDYKBcSvvMOR8=,5Sc3U5pkFAgjqvZtvVnJsZxBA5Y=
-85,-36,d8rXMzy3jObT3xQDYKBcSvvMOR8=,5Sc3U5pkFAgjqvZtvVnJsZxBA5Y=
-82,-36,d8rXMzy3jObT3xQDYKBcSvvMOR8=,5Sc3U5pkFAgjqvZtvVnJsZxBA5Y=
-86,-36,d8rXMzy3jObT3xQDYKBcSvvMOR8=,5Sc3U5pkFAgjqvZtvVnJsZxBA5Y=
-83,-47,d8rXMzy3jObT3xQDYKBcSvvMOR8=,5Sc3U5pkFAgjqvZtvVnJsZxBA5Y=
-95,-35,d8rXMzy3jObT3xQDYKBcSvvMOR8=,5Sc3U5pkFAgjqvZtvVnJsZxBA5Y=
-90,-36,d8rXMzy3jObT3xQDYKBcSvvMOR8=,5Sc3U5pkFAgjqvZtvVnJsZxBA5Y=
-81,-36,d8rXMzy3jObT3xQDYKBcSvvMOR8=,5Sc3U5pkFAgjqvZtvVnJsZxBA5Y=
-88,-36,d8rXMzy3jObT3xQDYKBcSvvMOR8=,5Sc3U5pkFAgjqvZtvVnJsZxBA5Y=
-93,-44,d8rXMzy3jObT3xQDYKBcSvvMOR8=,5Sc3U5pkFAgjqvZtvVnJsZxBA5Y=
-92,-36,d8rXMzy3jObT3xQDYKBcSvvMOR8=,5Sc3U5pkFAgjqvZtvVnJsZxBA5Y=
-93,-36,d8rXMzy3jObT3xQDYKBcSvvMOR8=,5Sc3U5pkFAgjqvZtvVnJsZxBA5Y=
-82,-48,d8rXMzy3jObT3xQDYKBcSvvMOR8=,5Sc3U5pkFAgjqvZtvVnJsZxBA5Y=
-94,-36,d8rXMzy3jObT3xQDYKBcSvvMOR8=,5Sc3U5pkFAgjqvZtvVnJsZxBA5Y=
-95,-36,d8rXMzy3jObT3xQDYKBcSvvMOR8=,5Sc3U5pkFAgjqvZtvVnJsZxBA5Y=
-81,-37,d8rXMzy3jObT3xQDYKBcSvvMOR8=,5Sc3U5pkFAgjqvZtvVnJsZxBA5Y=
-85,-47,d8rXMzy3jObT3xQDYKBcSvvMOR8=,5Sc3U5pkFAgjqvZtvVnJsZxBA5Y=
-82,-37,d8rXMzy3jObT3xQDYKBcSvvMOR8=,5Sc3U5pkFAgjqvZtvVnJsZxBA5Y=
-92,-44,d8rXMzy3jObT3xQDYKBcSvvMOR8=,5Sc3U5pkFAgjqvZtvVnJsZxBA5Y=
-87,-36,d8rXMzy3jObT3xQDYKBcSvvMOR8=,5Sc3U5pkFAgjqvZtvVnJsZxBA5Y=
-88,-37,d8rXMzy3jObT3xQDYKBcSvvMOR8=,5Sc3U5pkFAgjqvZtvVnJsZxBA5Y=
-83,-37,d8rXMzy3jObT3xQDYKBcSvvMOR8=,5Sc3U5pkFAgjqvZtvVnJsZxBA5Y=
-85,-37,d8rXMzy3jObT3xQDYKBcSvvMOR8=,5Sc3U5pkFAgjqvZtvVnJsZxBA5Y=
-84,-37,d8rXMzy3jObT3xQDYKBcSvvMOR8=,5Sc3U5pkFAgjqvZtvVnJsZxBA5Y=
-91,-44,d8rXMzy3jObT3xQDYKBcSvvMOR8=,5Sc3U5pkFAgjqvZtvVnJsZxBA5Y=
-96,-36,d8rXMzy3jObT3xQDYKBcSvvMOR8=,5Sc3U5pkFAgjqvZtvVnJsZxBA5Y=
-86,-37,d8rXMzy3jObT3xQDYKBcSvvMOR8=,5Sc3U5pkFAgjqvZtvVnJsZxBA5Y=
-89,-37,d8rXMzy3jObT3xQDYKBcSvvMOR8=,5Sc3U5pkFAgjqvZtvVnJsZxBA5Y=
-93,-37,d8rXMzy3jObT3xQDYKBcSvvMOR8=,5Sc3U5pkFAgjqvZtvVnJsZxBA5Y=
-89,-45,d8rXMzy3jObT3xQDYKBcSvvMOR8=,5Sc3U5pkFAgjqvZtvVnJsZxBA5Y=
-94,-37,d8rXMzy3jObT3xQDYKBcSvvMOR8=,5Sc3U5pkFAgjqvZtvVnJsZxBA5Y=
-90,-44,d8rXMzy3jObT3xQDYKBcSvvMOR8=,5Sc3U5pkFAgjqvZtvVnJsZxBA5Y=
-91,-36,d8rXMzy3jObT3xQDYKBcSvvMOR8=,5Sc3U5pkFAgjqvZtvVnJsZxBA5Y=
-87,-37,d8rXMzy3jObT3xQDYKBcSvvMOR8=,5Sc3U5pkFAgjqvZtvVnJsZxBA5Y=
-92,-37,d8rXMzy3jObT3xQDYKBcSvvMOR8=,5Sc3U5pkFAgjqvZtvVnJsZxBA5Y=
-96,-37,d8rXMzy3jObT3xQDYKBcSvvMOR8=,5Sc3U5pkFAgjqvZtvVnJsZxBA5Y=
-95,-37,d8rXMzy3jObT3xQDYKBcSvvMOR8=,5Sc3U5pkFAgjqvZtvVnJsZxBA5Y=
-83,-38,d8rXMzy3jObT3xQDYKBcSvvMOR8=,5Sc3U5pkFAgjqvZtvVnJsZxBA5Y=
-89,-44,d8rXMzy3jObT3xQDYKBcSvvMOR8=,5Sc3U5pkFAgjqvZtvVnJsZxBA5Y=
-81,-38,d8rXMzy3jObT3xQDYKBcSvvMOR8=,5Sc3U5pkFAgjqvZtvVnJsZxBA5Y=
-83,-48,d8rXMzy3jObT3xQDYKBcSvvMOR8=,5Sc3U5pkFAgjqvZtvVnJsZxBA5Y=
-91,-37,d8rXMzy3jObT3xQDYKBcSvvMOR8=,5Sc3U5pkFAgjqvZtvVnJsZxBA5Y=
-84,-38,d8rXMzy3jObT3xQDYKBcSvvMOR8=,5Sc3U5pkFAgjqvZtvVnJsZxBA5Y=
-86,-38,d8rXMzy3jObT3xQDYKBcSvvMOR8=,5Sc3U5pkFAgjqvZtvVnJsZxBA5Y=
-88,-44,d8rXMzy3jObT3xQDYKBcSvvMOR8=,5Sc3U5pkFAgjqvZtvVnJsZxBA5Y=
-82,-38,d8rXMzy3jObT3xQDYKBcSvvMOR8=,5Sc3U5pkFAgjqvZtvVnJsZxBA5Y=
-85,-38,d8rXMzy3jObT3xQDYKBcSvvMOR8=,5Sc3U5pkFAgjqvZtvVnJsZxBA5Y=
-84,-48,d8rXMzy3jObT3xQDYKBcSvvMOR8=,5Sc3U5pkFAgjqvZtvVnJsZxBA5Y=
-90,-38,d8rXMzy3jObT3xQDYKBcSvvMOR8=,5Sc3U5pkFAgjqvZtvVnJsZxBA5Y=
-86,-47,d8rXMzy3jObT3xQDYKBcSvvMOR8=,5Sc3U5pkFAgjqvZtvVnJsZxBA5Y=
-90,-37,d8rXMzy3jObT3xQDYKBcSvvMOR8=,5Sc3U5pkFAgjqvZtvVnJsZxBA5Y=
-92,-38,d8rXMzy3jObT3xQDYKBcSvvMOR8=,5Sc3U5pkFAgjqvZtvVnJsZxBA5Y=
-87,-44,d8rXMzy3jObT3xQDYKBcSvvMOR8=,5Sc3U5pkFAgjqvZtvVnJsZxBA5Y=
-86,-44,d8rXMzy3jObT3xQDYKBcSvvMOR8=,5Sc3U5pkFAgjqvZtvVnJsZxBA5Y=
-82,-39,d8rXMzy3jObT3xQDYKBcSvvMOR8=,5Sc3U5pkFAgjqvZtvVnJsZxBA5Y=
-81,-39,d8rXMzy3jObT3xQDYKBcSvvMOR8=,5Sc3U5pkFAgjqvZtvVnJsZxBA5Y=
-96,-38,d8rXMzy3jObT3xQDYKBcSvvMOR8=,5Sc3U5pkFAgjqvZtvVnJsZxBA5Y=
-91,-38,d8rXMzy3jObT3xQDYKBcSvvMOR8=,5Sc3U5pkFAgjqvZtvVnJsZxBA5Y=
-81,-46,d8rXMzy3jObT3xQDYKBcSvvMOR8=,5Sc3U5pkFAgjqvZtvVnJsZxBA5Y=
-94,-38,d8rXMzy3jObT3xQDYKBcSvvMOR8=,5Sc3U5pkFAgjqvZtvVnJsZxBA5Y=
-83,-39,d8rXMzy3jObT3xQDYKBcSvvMOR8=,5Sc3U5pkFAgjqvZtvVnJsZxBA5Y=
-87,-38,d8rXMzy3jObT3xQDYKBcSvvMOR8=,5Sc3U5pkFAgjqvZtvVnJsZxBA5Y=
-85,-39,d8rXMzy3jObT3xQDYKBcSvvMOR8=,5Sc3U5pkFAgjqvZtvVnJsZxBA5Y=
-91,-45,d8rXMzy3jObT3xQDYKBcSvvMOR8=,5Sc3U5pkFAgjqvZtvVnJsZxBA5Y=
-88,-38,d8rXMzy3jObT3xQDYKBcSvvMOR8=,5Sc3U5pkFAgjqvZtvVnJsZxBA5Y=
-95,-38,d8rXMzy3jObT3xQDYKBcSvvMOR8=,5Sc3U5pkFAgjqvZtvVnJsZxBA5Y=
-85,-44,d8rXMzy3jObT3xQDYKBcSvvMOR8=,5Sc3U5pkFAgjqvZtvVnJsZxBA5Y=
-87,-39,d8rXMzy3jObT3xQDYKBcSvvMOR8=,5Sc3U5pkFAgjqvZtvVnJsZxBA5Y=
-90,-45,d8rXMzy3jObT3xQDYKBcSvvMOR8=,5Sc3U5pkFAgjqvZtvVnJsZxBA5Y=
-88,-39,d8rXMzy3jObT3xQDYKBcSvvMOR8=,5Sc3U5pkFAgjqvZtvVnJsZxBA5Y=
-89,-38,d8rXMzy3jObT3xQDYKBcSvvMOR8=,5Sc3U5pkFAgjqvZtvVnJsZxBA5Y=
-90,-48,d8rXMzy3jObT3xQDYKBcSvvMOR8=,5Sc3U5pkFAgjqvZtvVnJsZxBA5Y=
-85,-48,d8rXMzy3jObT3xQDYKBcSvvMOR8=,5Sc3U5pkFAgjqvZtvVnJsZxBA5Y=
-92,-45,d8rXMzy3jObT3xQDYKBcSvvMOR8=,5Sc3U5pkFAgjqvZtvVnJsZxBA5Y=
-86,-39,d8rXMzy3jObT3xQDYKBcSvvMOR8=,5Sc3U5pkFAgjqvZtvVnJsZxBA5Y=
-93,-38,d8rXMzy3jObT3xQDYKBcSvvMOR8=,5Sc3U5pkFAgjqvZtvVnJsZxBA5Y=
-87,-47,d8rXMzy3jObT3xQDYKBcSvvMOR8=,5Sc3U5pkFAgjqvZtvVnJsZxBA5Y=
-84,-39,d8rXMzy3jObT3xQDYKBcSvvMOR8=,5Sc3U5pkFAgjqvZtvVnJsZxBA5Y=
-96,-48,d8rXMzy3jObT3xQDYKBcSvvMOR8=,5Sc3U5pkFAgjqvZtvVnJsZxBA5Y=
-81,-40,d8rXMzy3jObT3xQDYKBcSvvMOR8=,5Sc3U5pkFAgjqvZtvVnJsZxBA5Y=
-84,-44,d8rXMzy3jObT3xQDYKBcSvvMOR8=,5Sc3U5pkFAgjqvZtvVnJsZxBA5Y=
-94,-39,d8rXMzy3jObT3xQDYKBcSvvMOR8=,5Sc3U5pkFAgjqvZtvVnJsZxBA5Y=
-91,-39,d8rXMzy3jObT3xQDYKBcSvvMOR8=,5Sc3U5pkFAgjqvZtvVnJsZxBA5Y=
-82,-40,d8rXMzy3jObT3xQDYKBcSvvMOR8=,5Sc3U5pkFAgjqvZtvVnJsZxBA5Y=
-83,-44,d8rXMzy3jObT3xQDYKBcSvvMOR8=,5Sc3U5pkFAgjqvZtvVnJsZxBA5Y=
-83,-40,d8rXMzy3jObT3xQDYKBcSvvMOR8=,5Sc3U5pkFAgjqvZtvVnJsZxBA5Y=
-95,-39,d8rXMzy3jObT3xQDYKBcSvvMOR8=,5Sc3U5pkFAgjqvZtvVnJsZxBA5Y=
-92,-39,d8rXMzy3jObT3xQDYKBcSvvMOR8=,5Sc3U5pkFAgjqvZtvVnJsZxBA5Y=
-85,-40,d8rXMzy3jObT3xQDYKBcSvvMOR8=,5Sc3U5pkFAgjqvZtvVnJsZxBA5Y=
-88,-47,d8rXMzy3jObT3xQDYKBcSvvMOR8=,5Sc3U5pkFAgjqvZtvVnJsZxBA5Y=
-93,-39,d8rXMzy3jObT3xQDYKBcSvvMOR8=,5Sc3U5pkFAgjqvZtvVnJsZxBA5Y=
-89,-39,d8rXMzy3jObT3xQDYKBcSvvMOR8=,5Sc3U5pkFAgjqvZtvVnJsZxBA5Y=
-82,-44,d8rXMzy3jObT3xQDYKBcSvvMOR8=,5Sc3U5pkFAgjqvZtvVnJsZxBA5Y=
-87,-40,d8rXMzy3jObT3xQDYKBcSvvMOR8=,5Sc3U5pkFAgjqvZtvVnJsZxBA5Y=
-88,-40,d8rXMzy3jObT3xQDYKBcSvvMOR8=,5Sc3U5pkFAgjqvZtvVnJsZxBA5Y=
-93,-45,d8rXMzy3jObT3xQDYKBcSvvMOR8=,5Sc3U5pkFAgjqvZtvVnJsZxBA5Y=
-96,-39,d8rXMzy3jObT3xQDYKBcSvvMOR8=,5Sc3U5pkFAgjqvZtvVnJsZxBA5Y=
-84,-40,d8rXMzy3jObT3xQDYKBcSvvMOR8=,5Sc3U5pkFAgjqvZtvVnJsZxBA5Y=
-86,-40,d8rXMzy3jObT3xQDYKBcSvvMOR8=,5Sc3U5pkFAgjqvZtvVnJsZxBA5Y=
-90,-39,d8rXMzy3jObT3xQDYKBcSvvMOR8=,5Sc3U5pkFAgjqvZtvVnJsZxBA5Y=
-90,-40,d8rXMzy3jObT3xQDYKBcSvvMOR8=,5Sc3U5pkFAgjqvZtvVnJsZxBA5Y=
-95,-40,d8rXMzy3jObT3xQDYKBcSvvMOR8=,5Sc3U5pkFAgjqvZtvVnJsZxBA5Y=
-91,-40,d8rXMzy3jObT3xQDYKBcSvvMOR8=,5Sc3U5pkFAgjqvZtvVnJsZxBA5Y=
-81,-44,d8rXMzy3jObT3xQDYKBcSvvMOR8=,5Sc3U5pkFAgjqvZtvVnJsZxBA5Y=
-93,-40,d8rXMzy3jObT3xQDYKBcSvvMOR8=,5Sc3U5pkFAgjqvZtvVnJsZxBA5Y=
-94,-40,d8rXMzy3jObT3xQDYKBcSvvMOR8=,5Sc3U5pkFAgjqvZtvVnJsZxBA5Y=
-96,-40,d8rXMzy3jObT3xQDYKBcSvvMOR8=,5Sc3U5pkFAgjqvZtvVnJsZxBA5Y=
-82,-41,d8rXMzy3jObT3xQDYKBcSvvMOR8=,5Sc3U5pkFAgjqvZtvVnJsZxBA5Y=
-86,-48,d8rXMzy3jObT3xQDYKBcSvvMOR8=,5Sc3U5pkFAgjqvZtvVnJsZxBA5Y=
-81,-41,d8rXMzy3jObT3xQDYKBcSvvMOR8=,5Sc3U5pkFAgjqvZtvVnJsZxBA5Y=
-84,-41,d8rXMzy3jObT3xQDYKBcSvvMOR8=,5Sc3U5pkFAgjqvZtvVnJsZxBA5Y=
-83,-41,d8rXMzy3jObT3xQDYKBcSvvMOR8=,5Sc3U5pkFAgjqvZtvVnJsZxBA5Y=
-87,-41,d8rXMzy3jObT3xQDYKBcSvvMOR8=,5Sc3U5pkFAgjqvZtvVnJsZxBA5Y=
-89,-47,d8rXMzy3jObT3xQDYKBcSvvMOR8=,5Sc3U5pkFAgjqvZtvVnJsZxBA5Y=
-92,-40,d8rXMzy3jObT3xQDYKBcSvvMOR8=,5Sc3U5pkFAgjqvZtvVnJsZxBA5Y=
-87,-48,d8rXMzy3jObT3xQDYKBcSvvMOR8=,5Sc3U5pkFAgjqvZtvVnJsZxBA5Y=
-91,-41,d8rXMzy3jObT3xQDYKBcSvvMOR8=,5Sc3U5pkFAgjqvZtvVnJsZxBA5Y=
-93,-47,d8rXMzy3jObT3xQDYKBcSvvMOR8=,5Sc3U5pkFAgjqvZtvVnJsZxBA5Y=
-94,-45,d8rXMzy3jObT3xQDYKBcSvvMOR8=,5Sc3U5pkFAgjqvZtvVnJsZxBA5Y=
-86,-41,d8rXMzy3jObT3xQDYKBcSvvMOR8=,5Sc3U5pkFAgjqvZtvVnJsZxBA5Y=
-88,-41,d8rXMzy3jObT3xQDYKBcSvvMOR8=,5Sc3U5pkFAgjqvZtvVnJsZxBA5Y=
-94,-41,d8rXMzy3jObT3xQDYKBcSvvMOR8=,5Sc3U5pkFAgjqvZtvVnJsZxBA5Y=
-89,-40,d8rXMzy3jObT3xQDYKBcSvvMOR8=,5Sc3U5pkFAgjqvZtvVnJsZxBA5Y=
-90,-41,d8rXMzy3jObT3xQDYKBcSvvMOR8=,5Sc3U5pkFAgjqvZtvVnJsZxBA5Y=
-89,-41,d8rXMzy3jObT3xQDYKBcSvvMOR8=,5Sc3U5pkFAgjqvZtvVnJsZxBA5Y=
-95,-41,d8rXMzy3jObT3xQDYKBcSvvMOR8=,5Sc3U5pkFAgjqvZtvVnJsZxBA5Y=
-96,-43,d8rXMzy3jObT3xQDYKBcSvvMOR8=,5Sc3U5pkFAgjqvZtvVnJsZxBA5Y=
-85,-41,d8rXMzy3jObT3xQDYKBcSvvMOR8=,5Sc3U5pkFAgjqvZtvVnJsZxBA5Y=
-88,-48,d8rXMzy3jObT3xQDYKBcSvvMOR8=,5Sc3U5pkFAgjqvZtvVnJsZxBA5Y=
-90,-47,d8rXMzy3jObT3xQDYKBcSvvMOR8=,5Sc3U5pkFAgjqvZtvVnJsZxBA5Y=
-95,-43,d8rXMzy3jObT3xQDYKBcSvvMOR8=,5Sc3U5pkFAgjqvZtvVnJsZxBA5Y=
-96,-41,d8rXMzy3jObT3xQDYKBcSvvMOR8=,5Sc3U5pkFAgjqvZtvVnJsZxBA5Y=
-82,-42,d8rXMzy3jObT3xQDYKBcSvvMOR8=,5Sc3U5pkFAgjqvZtvVnJsZxBA5Y=
-95,-45,d8rXMzy3jObT3xQDYKBcSvvMOR8=,5Sc3U5pkFAgjqvZtvVnJsZxBA5Y=
-84,-42,d8rXMzy3jObT3xQDYKBcSvvMOR8=,5Sc3U5pkFAgjqvZtvVnJsZxBA5Y=
-85,-42,d8rXMzy3jObT3xQDYKBcSvvMOR8=,5Sc3U5pkFAgjqvZtvVnJsZxBA5Y=
-86,-42,d8rXMzy3jObT3xQDYKBcSvvMOR8=,5Sc3U5pkFAgjqvZtvVnJsZxBA5Y=
-93,-41,d8rXMzy3jObT3xQDYKBcSvvMOR8=,5Sc3U5pkFAgjqvZtvVnJsZxBA5Y=
-94,-43,d8rXMzy3jObT3xQDYKBcSvvMOR8=,5Sc3U5pkFAgjqvZtvVnJsZxBA5Y=
-88,-42,d8rXMzy3jObT3xQDYKBcSvvMOR8=,5Sc3U5pkFAgjqvZtvVnJsZxBA5Y=
-91,-42,d8rXMzy3jObT3xQDYKBcSvvMOR8=,5Sc3U5pkFAgjqvZtvVnJsZxBA5Y=
-94,-42,d8rXMzy3jObT3xQDYKBcSvvMOR8=,5Sc3U5pkFAgjqvZtvVnJsZxBA5Y=
-92,-41,d8rXMzy3jObT3xQDYKBcSvvMOR8=,5Sc3U5pkFAgjqvZtvVnJsZxBA5Y=
-87,-42,d8rXMzy3jObT3xQDYKBcSvvMOR8=,5Sc3U5pkFAgjqvZtvVnJsZxBA5Y=
-81,-42,d8rXMzy3jObT3xQDYKBcSvvMOR8=,5Sc3U5pkFAgjqvZtvVnJsZxBA5Y=
-92,-42,d8rXMzy3jObT3xQDYKBcSvvMOR8=,5Sc3U5pkFAgjqvZtvVnJsZxBA5Y=
-89,-42,d8rXMzy3jObT3xQDYKBcSvvMOR8=,5Sc3U5pkFAgjqvZtvVnJsZxBA5Y=
-95,-42,d8rXMzy3jObT3xQDYKBcSvvMOR8=,5Sc3U5pkFAgjqvZtvVnJsZxBA5Y=
-93,-42,d8rXMzy3jObT3xQDYKBcSvvMOR8=,5Sc3U5pkFAgjqvZtvVnJsZxBA5Y=
-93,-43,d8rXMzy3jObT3xQDYKBcSvvMOR8=,5Sc3U5pkFAgjqvZtvVnJsZxBA5Y=
-90,-42,d8rXMzy3jObT3xQDYKBcSvvMOR8=,5Sc3U5pkFAgjqvZtvVnJsZxBA5Y=
-96,-42,d8rXMzy3jObT3xQDYKBcSvvMOR8=,5Sc3U5pkFAgjqvZtvVnJsZxBA5Y=
-92,-47,d8rXMzy3jObT3xQDYKBcSvvMOR8=,5Sc3U5pkFAgjqvZtvVnJsZxBA5Y=
-85,-43,d8rXMzy3jObT3xQDYKBcSvvMOR8=,5Sc3U5pkFAgjqvZtvVnJsZxBA5Y=
-84,-43,d8rXMzy3jObT3xQDYKBcSvvMOR8=,5Sc3U5pkFAgjqvZtvVnJsZxBA5Y=
-96,-45,d8rXMzy3jObT3xQDYKBcSvvMOR8=,5Sc3U5pkFAgjqvZtvVnJsZxBA5Y=
-86,-43,d8rXMzy3jObT3xQDYKBcSvvMOR8=,5Sc3U5pkFAgjqvZtvVnJsZxBA5Y=
-82,-43,d8rXMzy3jObT3xQDYKBcSvvMOR8=,5Sc3U5pkFAgjqvZtvVnJsZxBA5Y=
-83,-43,d8rXMzy3jObT3xQDYKBcSvvMOR8=,5Sc3U5pkFAgjqvZtvVnJsZxBA5Y=
-81,-43,d8rXMzy3jObT3xQDYKBcSvvMOR8=,5Sc3U5pkFAgjqvZtvVnJsZxBA5Y=
-88,-43,d8rXMzy3jObT3xQDYKBcSvvMOR8=,5Sc3U5pkFAgjqvZtvVnJsZxBA5Y=
-91,-47,d8rXMzy3jObT3xQDYKBcSvvMOR8=,5Sc3U5pkFAgjqvZtvVnJsZxBA5Y=
-87,-43,d8rXMzy3jObT3xQDYKBcSvvMOR8=,5Sc3U5pkFAgjqvZtvVnJsZxBA5Y=
-90,-43,d8rXMzy3jObT3xQDYKBcSvvMOR8=,5Sc3U5pkFAgjqvZtvVnJsZxBA5Y=
-89,-48,d8rXMzy3jObT3xQDYKBcSvvMOR8=,5Sc3U5pkFAgjqvZtvVnJsZxBA5Y=
-83,-42,d8rXMzy3jObT3xQDYKBcSvvMOR8=,5Sc3U5pkFAgjqvZtvVnJsZxBA5Y=
-89,-43,d8rXMzy3jObT3xQDYKBcSvvMOR8=,5Sc3U5pkFAgjqvZtvVnJsZxBA5Y=
-91,-43,d8rXMzy3jObT3xQDYKBcSvvMOR8=,5Sc3U5pkFAgjqvZtvVnJsZxBA5Y=
-92,-43,d8rXMzy3jObT3xQDYKBcSvvMOR8=,5Sc3U5pkFAgjqvZtvVnJsZxBA5Y=
