-84,3,tXr10xfaveMhMTwSpNfeMyM98oE=,qo3wHejkXESNjSR9AJO+YvQLOy4=
-93,0,tXr10xfaveMhMTwSpNfeMyM98oE=,qo3wHejkXESNjSR9AJO+YvQLOy4=
-81,1,tXr10xfaveMhMTwSpNfeMyM98oE=,qo3wHejkXESNjSR9AJO+YvQLOy4=
-83,2,tXr10xfaveMhMTwSpNfeMyM98oE=,qo3wHejkXESNjSR9AJO+YvQLOy4=
-85,2,tXr10xfaveMhMTwSpNfeMyM98oE=,qo3wHejkXESNjSR9AJO+YvQLOy4=
-86,2,tXr10xfaveMhMTwSpNfeMyM98oE=,qo3wHejkXESNjSR9AJO+YvQLOy4=
-84,2,tXr10xfaveMhMTwSpNfeMyM98oE=,qo3wHejkXESNjSR9AJO+YvQLOy4=
-88,2,tXr10xfaveMhMTwSpNfeMyM98oE=,qo3wHejkXESNjSR9AJO+YvQLOy4=
-87,2,tXr10xfaveMhMTwSpNfeMyM98oE=,qo3wHejkXESNjSR9AJO+YvQLOy4=
-81,15,tXr10xfaveMhMTwSpNfeMyM98oE=,qo3wHejkXESNjSR9AJO+YvQLOy4=
-89,2,tXr10xfaveMhMTwSpNfeMyM98oE=,qo3wHejkXESNjSR9AJO+YvQLOy4=
-90,2,tXr10xfaveMhMTwSpNfeMyM98oE=,qo3wHejkXESNjSR9AJO+YvQLOy4=
-92,2,tXr10xfaveMhMTwSpNfeMyM98oE=,qo3wHejkXESNjSR9AJO+YvQLOy4=
-91,2,tXr10xfaveMhMTwSpNfeMyM98oE=,qo3wHejkXESNjSR9AJO+YvQLOy4=
-93,2,tXr10xfaveMhMTwSpNfeMyM98oE=,qo3wHejkXESNjSR9AJO+YvQLOy4=
-94,2,tXr10xfaveMhMTwSpNfeMyM98oE=,qo3wHejkXESNjSR9AJO+YvQLOy4=
-82,15,tXr10xfaveMhMTwSpNfeMyM98oE=,qo3wHejkXESNjSR9AJO+YvQLOy4=
-96,2,tXr10xfaveMhMTwSpNfeMyM98oE=,qo3wHejkXESNjSR9AJO+YvQLOy4=
-85,3,tXr10xfaveMhMTwSpNfeMyM98oE=,qo3wHejkXESNjSR9AJO+YvQLOy4=
-85,15,tXr10xfaveMhMTwSpNfeMyM98oE=,qo3wHejkXESNjSR9AJO+YvQLOy4=
-87,15,tXr10xfaveMhMTwSpNfeMyM98oE=,qo3wHejkXESNjSR9AJO+YvQLOy4=
-84,15,tXr10xfaveMhMTwSpNfeMyM98oE=,qo3wHejkXESNjSR9AJO+YvQLOy4=
-86,15,tXr10xfaveMhMTwSpNfeMyM98oE=,qo3wHejkXESNjSR9AJO+YvQLOy4=
-89,15,tXr10xfaveMhMTwSpNfeMyM98oE=,qo3wHejkXESNjSR9AJO+YvQLOy4=
-95,2,tXr10xfaveMhMTwSpNfeMyM98oE=,qo3wHejkXESNjSR9AJO+YvQLOy4=
-83,15,tXr10xfaveMhMTwSpNfeMyM98oE=,qo3wHejkXESNjSR9AJO+YvQLOy4=
-90,15,tXr10xfaveMhMTwSpNfeMyM98oE=,qo3wHejkXESNjSR9AJO+YvQLOy4=
-91,15,tXr10xfaveMhMTwSpNfeMyM98oE=,qo3wHejkXESNjSR9AJO+YvQLOy4=
-95,15,tXr10xfaveMhMTwSpNfeMyM98oE=,qo3wHejkXESNjSR9AJO+YvQLOy4=
-93,15,tXr10xfaveMhMTwSpNfeMyM98oE=,qo3wHejkXESNjSR9AJO+YvQLOy4=
-94,15,tXr10xfaveMhMTwSpNfeMyM98oE=,qo3wHejkXESNjSR9AJO+YvQLOy4=
-88,15,tXr10xfaveMhMTwSpNfeMyM98oE=,qo3wHejkXESNjSR9AJO+YvQLOy4=
-94,0,tXr10xfaveMhMTwSpNfeMyM98oE=,qo3wHejkXESNjSR9AJO+YvQLOy4=
-82,1,tXr10xfaveMhMTwSpNfeMyM98oE=,qo3wHejkXESNjSR9AJO+YvQLOy4=
-92,15,tXr10xfaveMhMTwSpNfeMyM98oE=,qo3wHejkXESNjSR9AJO+YvQLOy4=
-86,3,tXr10xfaveMhMTwSpNfeMyM98oE=,qo3wHejkXESNjSR9AJO+YvQLOy4=
-82,14,tXr10xfaveMhMTwSpNfeMyM98oE=,qo3wHejkXESNjSR9AJO+YvQLOy4=
-83,14,tXr10xfaveMhMTwSpNfeMyM98oE=,qo3wHejkXESNjSR9AJO+YvQLOy4=
-86,14,tXr10xfaveMhMTwSpNfeMyM98oE=,qo3wHejkXESNjSR9AJO+YvQLOy4=
-85,14,tXr10xfaveMhMTwSpNfeMyM98oE=,qo3wHejkXESNjSR9AJO+YvQLOy4=
-96,15,tXr10xfaveMhMTwSpNfeMyM98oE=,qo3wHejkXESNjSR9AJO+YvQLOy4=
-87,14,tXr10xfaveMhMTwSpNfeMyM98oE=,qo3wHejkXESNjSR9AJO+YvQLOy4=
-84,14,tXr10xfaveMhMTwSpNfeMyM98oE=,qo3wHejkXESNjSR9AJO+YvQLOy4=
-81,14,tXr10xfaveMhMTwSpNfeMyM98oE=,qo3wHejkXESNjSR9AJO+YvQLOy4=
-88,14,tXr10xfaveMhMTwSpNfeMyM98oE=,qo3wHejkXESNjSR9AJO+YvQLOy4=
-89,14,tXr10xfaveMhMTwSpNfeMyM98oE=,qo3wHejkXESNjSR9AJO+YvQLOy4=
-92,14,tXr10xfaveMhMTwSpNfeMyM98oE=,qo3wHejkXESNjSR9AJO+YvQLOy4=
-93,14,tXr10xfaveMhMTwSpNfeMyM98oE=,qo3wHejkXESNjSR9AJO+YvQLOy4=
-90,14,tXr10xfaveMhMTwSpNfeMyM98oE=,qo3wHejkXESNjSR9AJO+YvQLOy4=
-91,14,tXr10xfaveMhMTwSpNfeMyM98oE=,qo3wHejkXESNjSR9AJO+YvQLOy4=
-95,1,tXr10xfaveMhMTwSpNfeMyM98oE=,qo3wHejkXESNjSR9AJO+YvQLOy4=
-87,3,tXr10xfaveMhMTwSpNfeMyM98oE=,qo3wHejkXESNjSR9AJO+YvQLOy4=
-96,14,tXr10xfaveMhMTwSpNfeMyM98oE=,qo3wHejkXESNjSR9AJO+YvQLOy4=
-95,0,tXr10xfaveMhMTwSpNfeMyM98oE=,qo3wHejkXESNjSR9AJO+YvQLOy4=
-96,1,tXr10xfaveMhMTwSpNfeMyM98oE=,qo3wHejkXESNjSR9AJO+YvQLOy4=
-95,14,tXr10xfaveMhMTwSpNfeMyM98oE=,qo3wHejkXESNjSR9AJO+YvQLOy4=
-94,14,tXr10xfaveMhMTwSpNfeMyM98oE=,qo3wHejkXESNjSR9AJO+YvQLOy4=
-82,13,tXr10xfaveMhMTwSpNfeMyM98oE=,qo3wHejkXESNjSR9AJO+YvQLOy4=
-81,13,tXr10xfaveMhMTwSpNfeMyM98oE=,qo3wHejkXESNjSR9AJO+YvQLOy4=
-88,13,tXr10xfaveMhMTwSpNfeMyM98oE=,qo3wHejkXESNjSR9AJO+YvQLOy4=
-83,13,tXr10xfaveMhMTwSpNfeMyM98oE=,qo3wHejkXESNjSR9AJO+YvQLOy4=
-89,13,tXr10xfaveMhMTwSpNfeMyM98oE=,qo3wHejkXESNjSR9AJO+YvQLOy4=
-86,13,tXr10xfaveMhMTwSpNfeMyM98oE=,qo3wHejkXESNjSR9AJO+YvQLOy4=
-87,13,tXr10xfaveMhMTwSpNfeMyM98oE=,qo3wHejkXESNjSR9AJO+YvQLOy4=
-84,13,tXr10xfaveMhMTwSpNfeMyM98oE=,qo3wHejkXESNjSR9AJO+YvQLOy4=
-85,13,tXr10xfaveMhMTwSpNfeMyM98oE=,qo3wHejkXESNjSR9AJO+YvQLOy4=
-90,13,tXr10xfaveMhMTwSpNfeMyM98oE=,qo3wHejkXESNjSR9AJO+YvQLOy4=
-91,13,tXr10xfaveMhMTwSpNfeMyM98oE=,qo3wHejkXESNjSR9AJO+YvQLOy4=
-92,13,tXr10xfaveMhMTwSpNfeMyM98oE=,qo3wHejkXESNjSR9AJO+YvQLOy4=
-93,13,tXr10xfaveMhMTwSpNfeMyM98oE=,qo3wHejkXESNjSR9AJO+YvQLOy4=
-94,13,tXr10xfaveMhMTwSpNfeMyM98oE=,qo3wHejkXESNjSR9AJO+YvQLOy4=
-81,0,tXr10xfaveMhMTwSpNfeMyM98oE=,qo3wHejkXESNjSR9AJO+YvQLOy4=
-84,1,tXr10xfaveMhMTwSpNfeMyM98oE=,qo3wHejkXESNjSR9AJO+YvQLOy4=
-88,3,tXr10xfaveMhMTwSpNfeMyM98oE=,qo3wHejkXESNjSR9AJO+YvQLOy4=
-83,1,tXr10xfaveMhMTwSpNfeMyM98oE=,qo3wHejkXESNjSR9AJO+YvQLOy4=
-95,13,tXr10xfaveMhMTwSpNfeMyM98oE=,qo3wHejkXESNjSR9AJO+YvQLOy4=
-96,13,tXr10xfaveMhMTwSpNfeMyM98oE=,qo3wHejkXESNjSR9AJO+YvQLOy4=
-81,12,tXr10xfaveMhMTwSpNfeMyM98oE=,qo3wHejkXESNjSR9AJO+YvQLOy4=
-86,12,tXr10xfaveMhMTwSpNfeMyM98oE=,qo3wHejkXESNjSR9AJO+YvQLOy4=
-82,12,tXr10xfaveMhMTwSpNfeMyM98oE=,qo3wHejkXESNjSR9AJO+YvQLOy4=
-83,12,tXr10xfaveMhMTwSpNfeMyM98oE=,qo3wHejkXESNjSR9AJO+YvQLOy4=
-84,12,tXr10xfaveMhMTwSpNfeMyM98oE=,qo3wHejkXESNjSR9AJO+YvQLOy4=
-87,12,tXr10xfaveMhMTwSpNfeMyM98oE=,qo3wHejkXESNjSR9AJO+YvQLOy4=
-89,12,tXr10xfaveMhMTwSpNfeMyM98oE=,qo3wHejkXESNjSR9AJO+YvQLOy4=
-85,12,tXr10xfaveMhMTwSpNfeMyM98oE=,qo3wHejkXESNjSR9AJO+YvQLOy4=
-88,12,tXr10xfaveMhMTwSpNfeMyM98oE=,qo3wHejkXESNjSR9AJO+YvQLOy4=
-90,12,tXr10xfaveMhMTwSpNfeMyM98oE=,qo3wHejkXESNjSR9AJO+YvQLOy4=
-91,12,tXr10xfaveMhMTwSpNfeMyM98oE=,qo3wHejkXESNjSR9AJO+YvQLOy4=
-82,0,tXr10xfaveMhMTwSpNfeMyM98oE=,qo3wHejkXESNjSR9AJO+YvQLOy4=
-85,1,tXr10xfaveMhMTwSpNfeMyM98oE=,qo3wHejkXESNjSR9AJO+YvQLOy4=
-94,12,tXr10xfaveMhMTwSpNfeMyM98oE=,qo3wHejkXESNjSR9AJO+YvQLOy4=
-89,3,tXr10xfaveMhMTwSpNfeMyM98oE=,qo3wHejkXESNjSR9AJO+YvQLOy4=
-93,12,tXr10xfaveMhMTwSpNfeMyM98oE=,qo3wHejkXESNjSR9AJO+YvQLOy4=
-96,12,tXr10xfaveMhMTwSpNfeMyM98oE=,qo3wHejkXESNjSR9AJO+YvQLOy4=
-95,12,tXr10xfaveMhMTwSpNfeMyM98oE=,qo3wHejkXESNjSR9AJO+YvQLOy4=
-92,12,tXr10xfaveMhMTwSpNfeMyM98oE=,qo3wHejkXESNjSR9AJO+YvQLOy4=
-83,11,tXr10xfaveMhMTwSpNfeMyM98oE=,qo3wHejkXESNjSR9AJO+YvQLOy4=
-82,11,tXr10xfaveMhMTwSpNfeMyM98oE=,qo3wHejkXESNjSR9AJO+YvQLOy4=
-84,11,tXr10xfaveMhMTwSpNfeMyM98oE=,qo3wHejkXESNjSR9AJO+YvQLOy4=
-81,11,tXr10xfaveMhMTwSpNfeMyM98oE=,qo3wHejkXESNjSR9AJO+YvQLOy4=
-86,11,tXr10xfaveMhMTwSpNfeMyM98oE=,qo3wHejkXESNjSR9AJO+YvQLOy4=
-85,11,tXr10xfaveMhMTwSpNfeMyM98oE=,qo3wHejkXESNjSR9AJO+YvQLOy4=
-87,11,tXr10xfaveMhMTwSpNfeMyM98oE=,qo3wHejkXESNjSR9AJO+YvQLOy4=
-90,11,tXr10xfaveMhMTwSpNfeMyM98oE=,qo3wHejkXESNjSR9AJO+YvQLOy4=
-88,11,tXr10xfaveMhMTwSpNfeMyM98oE=,qo3wHejkXESNjSR9AJO+YvQLOy4=
-89,11,tXr10xfaveMhMTwSpNfeMyM98oE=,qo3wHejkXESNjSR9AJO+YvQLOy4=
-83,0,tXr10xfaveMhMTwSpNfeMyM98oE=,qo3wHejkXESNjSR9AJO+YvQLOy4=
-91,11,tXr10xfaveMhMTwSpNfeMyM98oE=,qo3wHejkXESNjSR9AJO+YvQLOy4=
-93,11,tXr10xfaveMhMTwSpNfeMyM98oE=,qo3wHejkXESNjSR9AJO+YvQLOy4=
-94,11,tXr10xfaveMhMTwSpNfeMyM98oE=,qo3wHejkXESNjSR9AJO+YvQLOy4=
-92,11,tXr10xfaveMhMTwSpNfeMyM98oE=,qo3wHejkXESNjSR9AJO+YvQLOy4=
-95,11,tXr10xfaveMhMTwSpNfeMyM98oE=,qo3wHejkXESNjSR9AJO+YvQLOy4=
-86,1,tXr10xfaveMhMTwSpNfeMyM98oE=,qo3wHejkXESNjSR9AJO+YvQLOy4=
-90,3,tXr10xfaveMhMTwSpNfeMyM98oE=,qo3wHejkXESNjSR9AJO+YvQLOy4=
-81,10,tXr10xfaveMhMTwSpNfeMyM98oE=,qo3wHejkXESNjSR9AJO+YvQLOy4=
-83,10,tXr10xfaveMhMTwSpNfeMyM98oE=,qo3wHejkXESNjSR9AJO+YvQLOy4=
-85,10,tXr10xfaveMhMTwSpNfeMyM98oE=,qo3wHejkXESNjSR9AJO+YvQLOy4=
-84,10,tXr10xfaveMhMTwSpNfeMyM98oE=,qo3wHejkXESNjSR9AJO+YvQLOy4=
-87,10,tXr10xfaveMhMTwSpNfeMyM98oE=,qo3wHejkXESNjSR9AJO+YvQLOy4=
-91,3,tXr10xfaveMhMTwSpNfeMyM98oE=,qo3wHejkXESNjSR9AJO+YvQLOy4=
-86,10,tXr10xfaveMhMTwSpNfeMyM98oE=,qo3wHejkXESNjSR9AJO+YvQLOy4=
-91,10,tXr10xfaveMhMTwSpNfeMyM98oE=,qo3wHejkXESNjSR9AJO+YvQLOy4=
-96,11,tXr10xfaveMhMTwSpNfeMyM98oE=,qo3wHejkXESNjSR9AJO+YvQLOy4=
-92,10,tXr10xfaveMhMTwSpNfeMyM98oE=,qo3wHejkXESNjSR9AJO+YvQLOy4=
-87,1,tXr10xfaveMhMTwSpNfeMyM98oE=,qo3wHejkXESNjSR9AJO+YvQLOy4=
-88,10,tXr10xfaveMhMTwSpNfeMyM98oE=,qo3wHejkXESNjSR9AJO+YvQLOy4=
-90,10,tXr10xfaveMhMTwSpNfeMyM98oE=,qo3wHejkXESNjSR9AJO+YvQLOy4=
-82,10,tXr10xfaveMhMTwSpNfeMyM98oE=,qo3wHejkXESNjSR9AJO+YvQLOy4=
-89,10,tXr10xfaveMhMTwSpNfeMyM98oE=,qo3wHejkXESNjSR9AJO+YvQLOy4=
-84,0,tXr10xfaveMhMTwSpNfeMyM98oE=,qo3wHejkXESNjSR9AJO+YvQLOy4=
-82,9,tXr10xfaveMhMTwSpNfeMyM98oE=,qo3wHejkXESNjSR9AJO+YvQLOy4=
-83,9,tXr10xfaveMhMTwSpNfeMyM98oE=,qo3wHejkXESNjSR9AJO+YvQLOy4=
-93,10,tXr10xfaveMhMTwSpNfeMyM98oE=,qo3wHejkXESNjSR9AJO+YvQLOy4=
-86,9,tXr10xfaveMhMTwSpNfeMyM98oE=,qo3wHejkXESNjSR9AJO+YvQLOy4=
-94,10,tXr10xfaveMhMTwSpNfeMyM98oE=,qo3wHejkXESNjSR9AJO+YvQLOy4=
-95,10,tXr10xfaveMhMTwSpNfeMyM98oE=,qo3wHejkXESNjSR9AJO+YvQLOy4=
-96,10,tXr10xfaveMhMTwSpNfeMyM98oE=,qo3wHejkXESNjSR9AJO+YvQLOy4=
-89,9,tXr10xfaveMhMTwSpNfeMyM98oE=,qo3wHejkXESNjSR9AJO+YvQLOy4=
-81,9,tXr10xfaveMhMTwSpNfeMyM98oE=,qo3wHejkXESNjSR9AJO+YvQLOy4=
-88,9,tXr10xfaveMhMTwSpNfeMyM98oE=,qo3wHejkXESNjSR9AJO+YvQLOy4=
-84,9,tXr10xfaveMhMTwSpNfeMyM98oE=,qo3wHejkXESNjSR9AJO+YvQLOy4=
-90,9,tXr10xfaveMhMTwSpNfeMyM98oE=,qo3wHejkXESNjSR9AJO+YvQLOy4=
-85,9,tXr10xfaveMhMTwSpNfeMyM98oE=,qo3wHejkXESNjSR9AJO+YvQLOy4=
-93,9,tXr10xfaveMhMTwSpNfeMyM98oE=,qo3wHejkXESNjSR9AJO+YvQLOy4=
-92,3,tXr10xfaveMhMTwSpNfeMyM98oE=,qo3wHejkXESNjSR9AJO+YvQLOy4=
-85,0,tXr10xfaveMhMTwSpNfeMyM98oE=,qo3wHejkXESNjSR9AJO+YvQLOy4=
-91,9,tXr10xfaveMhMTwSpNfeMyM98oE=,qo3wHejkXESNjSR9AJO+YvQLOy4=
-94,9,tXr10xfaveMhMTwSpNfeMyM98oE=,qo3wHejkXESNjSR9AJO+YvQLOy4=
-87,9,tXr10xfaveMhMTwSpNfeMyM98oE=,qo3wHejkXESNjSR9AJO+YvQLOy4=
-88,1,tXr10xfaveMhMTwSpNfeMyM98oE=,qo3wHejkXESNjSR9AJO+YvQLOy4=
-95,9,tXr10xfaveMhMTwSpNfeMyM98oE=,qo3wHejkXESNjSR9AJO+YvQLOy4=
-85,8,tXr10xfaveMhMTwSpNfeMyM98oE=,qo3wHejkXESNjSR9AJO+YvQLOy4=
-81,8,tXr10xfaveMhMTwSpNfeMyM98oE=,qo3wHejkXESNjSR9AJO+YvQLOy4=
-87,8,tXr10xfaveMhMTwSpNfeMyM98oE=,qo3wHejkXESNjSR9AJO+YvQLOy4=
-86,8,tXr10xfaveMhMTwSpNfeMyM98oE=,qo3wHejkXESNjSR9AJO+YvQLOy4=
-93,3,tXr10xfaveMhMTwSpNfeMyM98oE=,qo3wHejkXESNjSR9AJO+YvQLOy4=
-86,0,tXr10xfaveMhMTwSpNfeMyM98oE=,qo3wHejkXESNjSR9AJO+YvQLOy4=
-83,8,tXr10xfaveMhMTwSpNfeMyM98oE=,qo3wHejkXESNjSR9AJO+YvQLOy4=
-82,8,tXr10xfaveMhMTwSpNfeMyM98oE=,qo3wHejkXESNjSR9AJO+YvQLOy4=
-84,8,tXr10xfaveMhMTwSpNfeMyM98oE=,qo3wHejkXESNjSR9AJO+YvQLOy4=
-96,9,tXr10xfaveMhMTwSpNfeMyM98oE=,qo3wHejkXESNjSR9AJO+YvQLOy4=
-92,9,tXr10xfaveMhMTwSpNfeMyM98oE=,qo3wHejkXESNjSR9AJO+YvQLOy4=
-90,8,tXr10xfaveMhMTwSpNfeMyM98oE=,qo3wHejkXESNjSR9AJO+YvQLOy4=
-89,1,tXr10xfaveMhMTwSpNfeMyM98oE=,qo3wHejkXESNjSR9AJO+YvQLOy4=
-93,8,tXr10xfaveMhMTwSpNfeMyM98oE=,qo3wHejkXESNjSR9AJO+YvQLOy4=
-94,8,tXr10xfaveMhMTwSpNfeMyM98oE=,qo3wHejkXESNjSR9AJO+YvQLOy4=
-96,8,tXr10xfaveMhMTwSpNfeMyM98oE=,qo3wHejkXESNjSR9AJO+YvQLOy4=
-89,8,tXr10xfaveMhMTwSpNfeMyM98oE=,qo3wHejkXESNjSR9AJO+YvQLOy4=
-81,7,tXr10xfaveMhMTwSpNfeMyM98oE=,qo3wHejkXESNjSR9AJO+YvQLOy4=
-88,8,tXr10xfaveMhMTwSpNfeMyM98oE=,qo3wHejkXESNjSR9AJO+YvQLOy4=
-83,7,tXr10xfaveMhMTwSpNfeMyM98oE=,qo3wHejkXESNjSR9AJO+YvQLOy4=
-87,7,tXr10xfaveMhMTwSpNfeMyM98oE=,qo3wHejkXESNjSR9AJO+YvQLOy4=
-84,7,tXr10xfaveMhMTwSpNfeMyM98oE=,qo3wHejkXESNjSR9AJO+YvQLOy4=
-85,7,tXr10xfaveMhMTwSpNfeMyM98oE=,qo3wHejkXESNjSR9AJO+YvQLOy4=
-91,8,tXr10xfaveMhMTwSpNfeMyM98oE=,qo3wHejkXESNjSR9AJO+YvQLOy4=
-95,8,tXr10xfaveMhMTwSpNfeMyM98oE=,qo3wHejkXESNjSR9AJO+YvQLOy4=
-92,8,tXr10xfaveMhMTwSpNfeMyM98oE=,qo3wHejkXESNjSR9AJO+YvQLOy4=
-86,7,tXr10xfaveMhMTwSpNfeMyM98oE=,qo3wHejkXESNjSR9AJO+YvQLOy4=
-90,7,tXr10xfaveMhMTwSpNfeMyM98oE=,qo3wHejkXESNjSR9AJO+YvQLOy4=
-89,7,tXr10xfaveMhMTwSpNfeMyM98oE=,qo3wHejkXESNjSR9AJO+YvQLOy4=
-87,0,tXr10xfaveMhMTwSpNfeMyM98oE=,qo3wHejkXESNjSR9AJO+YvQLOy4=
-94,3,tXr10xfaveMhMTwSpNfeMyM98oE=,qo3wHejkXESNjSR9AJO+YvQLOy4=
-92,7,tXr10xfaveMhMTwSpNfeMyM98oE=,qo3wHejkXESNjSR9AJO+YvQLOy4=
-93,7,tXr10xfaveMhMTwSpNfeMyM98oE=,qo3wHejkXESNjSR9AJO+YvQLOy4=
-91,7,tXr10xfaveMhMTwSpNfeMyM98oE=,qo3wHejkXESNjSR9AJO+YvQLOy4=
-94,7,tXr10xfaveMhMTwSpNfeMyM98oE=,qo3wHejkXESNjSR9AJO+YvQLOy4=
-82,7,tXr10xfaveMhMTwSpNfeMyM98oE=,qo3wHejkXESNjSR9AJO+YvQLOy4=
-90,1,tXr10xfaveMhMTwSpNfeMyM98oE=,qo3wHejkXESNjSR9AJO+YvQLOy4=
-84,6,tXr10xfaveMhMTwSpNfeMyM98oE=,qo3wHejkXESNjSR9AJO+YvQLOy4=
-85,6,tXr10xfaveMhMTwSpNfeMyM98oE=,qo3wHejkXESNjSR9AJO+YvQLOy4=
-88,7,tXr10xfaveMhMTwSpNfeMyM98oE=,qo3wHejkXESNjSR9AJO+YvQLOy4=
-83,6,tXr10xfaveMhMTwSpNfeMyM98oE=,qo3wHejkXESNjSR9AJO+YvQLOy4=
-86,6,tXr10xfaveMhMTwSpNfeMyM98oE=,qo3wHejkXESNjSR9AJO+YvQLOy4=
-82,6,tXr10xfaveMhMTwSpNfeMyM98oE=,qo3wHejkXESNjSR9AJO+YvQLOy4=
-95,3,tXr10xfaveMhMTwSpNfeMyM98oE=,qo3wHejkXESNjSR9AJO+YvQLOy4=
-95,7,tXr10xfaveMhMTwSpNfeMyM98oE=,qo3wHejkXESNjSR9AJO+YvQLOy4=
-89,6,tXr10xfaveMhMTwSpNfeMyM98oE=,qo3wHejkXESNjSR9AJO+YvQLOy4=
-87,6,tXr10xfaveMhMTwSpNfeMyM98oE=,qo3wHejkXESNjSR9AJO+YvQLOy4=
-92,6,tXr10xfaveMhMTwSpNfeMyM98oE=,qo3wHejkXESNjSR9AJO+YvQLOy4=
-94,6,tXr10xfaveMhMTwSpNfeMyM98oE=,qo3wHejkXESNjSR9AJO+YvQLOy4=
-91,1,tXr10xfaveMhMTwSpNfeMyM98oE=,qo3wHejkXESNjSR9AJO+YvQLOy4=
-88,0,tXr10xfaveMhMTwSpNfeMyM98oE=,qo3wHejkXESNjSR9AJO+YvQLOy4=
-96,7,tXr10xfaveMhMTwSpNfeMyM98oE=,qo3wHejkXESNjSR9AJO+YvQLOy4=
-93,6,tXr10xfaveMhMTwSpNfeMyM98oE=,qo3wHejkXESNjSR9AJO+YvQLOy4=
-81,6,tXr10xfaveMhMTwSpNfeMyM98oE=,qo3wHejkXESNjSR9AJO+YvQLOy4=
-88,6,tXr10xfaveMhMTwSpNfeMyM98oE=,qo3wHejkXESNjSR9AJO+YvQLOy4=
-89,0,tXr10xfaveMhMTwSpNfeMyM98oE=,qo3wHejkXESNjSR9AJO+YvQLOy4=
-85,5,tXr10xfaveMhMTwSpNfeMyM98oE=,qo3wHejkXESNjSR9AJO+YvQLOy4=
-91,6,tXr10xfaveMhMTwSpNfeMyM98oE=,qo3wHejkXESNjSR9AJO+YvQLOy4=
-90,6,tXr10xfaveMhMTwSpNfeMyM98oE=,qo3wHejkXESNjSR9AJO+YvQLOy4=
-95,6,tXr10xfaveMhMTwSpNfeMyM98oE=,qo3wHejkXESNjSR9AJO+YvQLOy4=
-92,1,tXr10xfaveMhMTwSpNfeMyM98oE=,qo3wHejkXESNjSR9AJO+YvQLOy4=
-84,5,tXr10xfaveMhMTwSpNfeMyM98oE=,qo3wHejkXESNjSR9AJO+YvQLOy4=
-96,3,tXr10xfaveMhMTwSpNfeMyM98oE=,qo3wHejkXESNjSR9AJO+YvQLOy4=
-96,6,tXr10xfaveMhMTwSpNfeMyM98oE=,qo3wHejkXESNjSR9AJO+YvQLOy4=
-87,5,tXr10xfaveMhMTwSpNfeMyM98oE=,qo3wHejkXESNjSR9AJO+YvQLOy4=
-88,5,tXr10xfaveMhMTwSpNfeMyM98oE=,qo3wHejkXESNjSR9AJO+YvQLOy4=
-86,5,tXr10xfaveMhMTwSpNfeMyM98oE=,qo3wHejkXESNjSR9AJO+YvQLOy4=
-90,5,tXr10xfaveMhMTwSpNfeMyM98oE=,qo3wHejkXESNjSR9AJO+YvQLOy4=
-81,5,tXr10xfaveMhMTwSpNfeMyM98oE=,qo3wHejkXESNjSR9AJO+YvQLOy4=
-95,5,tXr10xfaveMhMTwSpNfeMyM98oE=,qo3wHejkXESNjSR9AJO+YvQLOy4=
-93,1,tXr10xfaveMhMTwSpNfeMyM98oE=,qo3wHejkXESNjSR9AJO+YvQLOy4=
-82,5,tXr10xfaveMhMTwSpNfeMyM98oE=,qo3wHejkXESNjSR9AJO+YvQLOy4=
-93,5,tXr10xfaveMhMTwSpNfeMyM98oE=,qo3wHejkXESNjSR9AJO+YvQLOy4=
-91,5,tXr10xfaveMhMTwSpNfeMyM98oE=,qo3wHejkXESNjSR9AJO+YvQLOy4=
-83,5,tXr10xfaveMhMTwSpNfeMyM98oE=,qo3wHejkXESNjSR9AJO+YvQLOy4=
-94,5,tXr10xfaveMhMTwSpNfeMyM98oE=,qo3wHejkXESNjSR9AJO+YvQLOy4=
-89,5,tXr10xfaveMhMTwSpNfeMyM98oE=,qo3wHejkXESNjSR9AJO+YvQLOy4=
-92,5,tXr10xfaveMhMTwSpNfeMyM98oE=,qo3wHejkXESNjSR9AJO+YvQLOy4=
-90,0,tXr10xfaveMhMTwSpNfeMyM98oE=,qo3wHejkXESNjSR9AJO+YvQLOy4=
-96,5,tXr10xfaveMhMTwSpNfeMyM98oE=,qo3wHejkXESNjSR9AJO+YvQLOy4=
-81,4,tXr10xfaveMhMTwSpNfeMyM98oE=,qo3wHejkXESNjSR9AJO+YvQLOy4=
-96,0,tXr10xfaveMhMTwSpNfeMyM98oE=,qo3wHejkXESNjSR9AJO+YvQLOy4=
-81,2,tXr10xfaveMhMTwSpNfeMyM98oE=,qo3wHejkXESNjSR9AJO+YvQLOy4=
-82,4,tXr10xfaveMhMTwSpNfeMyM98oE=,qo3wHejkXESNjSR9AJO+YvQLOy4=
-86,4,tXr10xfaveMhMTwSpNfeMyM98oE=,qo3wHejkXESNjSR9AJO+YvQLOy4=
-85,4,tXr10xfaveMhMTwSpNfeMyM98oE=,qo3wHejkXESNjSR9AJO+YvQLOy4=
-89,4,tXr10xfaveMhMTwSpNfeMyM98oE=,qo3wHejkXESNjSR9AJO+YvQLOy4=
-88,4,tXr10xfaveMhMTwSpNfeMyM98oE=,qo3wHejkXESNjSR9AJO+YvQLOy4=
-83,4,tXr10xfaveMhMTwSpNfeMyM98oE=,qo3wHejkXESNjSR9AJO+YvQLOy4=
-87,4,tXr10xfaveMhMTwSpNfeMyM98oE=,qo3wHejkXESNjSR9AJO+YvQLOy4=
-95,4,tXr10xfaveMhMTwSpNfeMyM98oE=,qo3wHejkXESNjSR9AJO+YvQLOy4=
-92,4,tXr10xfaveMhMTwSpNfeMyM98oE=,qo3wHejkXESNjSR9AJO+YvQLOy4=
-94,4,tXr10xfaveMhMTwSpNfeMyM98oE=,qo3wHejkXESNjSR9AJO+YvQLOy4=
-94,1,tXr10xfaveMhMTwSpNfeMyM98oE=,qo3wHejkXESNjSR9AJO+YvQLOy4=
-93,4,tXr10xfaveMhMTwSpNfeMyM98oE=,qo3wHejkXESNjSR9AJO+YvQLOy4=
-81,3,tXr10xfaveMhMTwSpNfeMyM98oE=,qo3wHejkXESNjSR9AJO+YvQLOy4=
-84,4,tXr10xfaveMhMTwSpNfeMyM98oE=,qo3wHejkXESNjSR9AJO+YvQLOy4=
-82,3,tXr10xfaveMhMTwSpNfeMyM98oE=,qo3wHejkXESNjSR9AJO+YvQLOy4=
-96,4,tXr10xfaveMhMTwSpNfeMyM98oE=,qo3wHejkXESNjSR9AJO+YvQLOy4=
-91,0,tXr10xfaveMhMTwSpNfeMyM98oE=,qo3wHejkXESNjSR9AJO+YvQLOy4=
-92,0,tXr10xfaveMhMTwSpNfeMyM98oE=,qo3wHejkXESNjSR9AJO+YvQLOy4=
-91,4,tXr10xfaveMhMTwSpNfeMyM98oE=,qo3wHejkXESNjSR9AJO+YvQLOy4=
-83,3,tXr10xfaveMhMTwSpNfeMyM98oE=,qo3wHejkXESNjSR9AJO+YvQLOy4=
-90,4,tXr10xfaveMhMTwSpNfeMyM98oE=,qo3wHejkXESNjSR9AJO+YvQLOy4=
-82,2,tXr10xfaveMhMTwSpNfeMyM98oE=,qo3wHejkXESNjSR9AJO+YvQLOy4=
-77,0,kpQJxvWg+UPDLg4Yn/tvvYbWBuQ=,UnDLVrn0Q5DF9IQHyIYjHPr5F9E=
-65,1,kpQJxvWg+UPDLg4Yn/tvvYbWBuQ=,UnDLVrn0Q5DF9IQHyIYjHPr5F9E=
-69,2,kpQJxvWg+UPDLg4Yn/tvvYbWBuQ=,UnDLVrn0Q5DF9IQHyIYjHPr5F9E=
-70,2,kpQJxvWg+UPDLg4Yn/tvvYbWBuQ=,UnDLVrn0Q5DF9IQHyIYjHPr5F9E=
-65,15,kpQJxvWg+UPDLg4Yn/tvvYbWBuQ=,UnDLVrn0Q5DF9IQHyIYjHPr5F9E=
-67,2,kpQJxvWg+UPDLg4Yn/tvvYbWBuQ=,UnDLVrn0Q5DF9IQHyIYjHPr5F9E=
-75,2,kpQJxvWg+UPDLg4Yn/tvvYbWBuQ=,UnDLVrn0Q5DF9IQHyIYjHPr5F9E=
-74,2,kpQJxvWg+UPDLg4Yn/tvvYbWBuQ=,UnDLVrn0Q5DF9IQHyIYjHPr5F9E=
-71,2,kpQJxvWg+UPDLg4Yn/tvvYbWBuQ=,UnDLVrn0Q5DF9IQHyIYjHPr5F9E=
-68,2,kpQJxvWg+UPDLg4Yn/tvvYbWBuQ=,UnDLVrn0Q5DF9IQHyIYjHPr5F9E=
-78,2,kpQJxvWg+UPDLg4Yn/tvvYbWBuQ=,UnDLVrn0Q5DF9IQHyIYjHPr5F9E=
-77,2,kpQJxvWg+UPDLg4Yn/tvvYbWBuQ=,UnDLVrn0Q5DF9IQHyIYjHPr5F9E=
-79,2,kpQJxvWg+UPDLg4Yn/tvvYbWBuQ=,UnDLVrn0Q5DF9IQHyIYjHPr5F9E=
-69,3,kpQJxvWg+UPDLg4Yn/tvvYbWBuQ=,UnDLVrn0Q5DF9IQHyIYjHPr5F9E=
-66,15,kpQJxvWg+UPDLg4Yn/tvvYbWBuQ=,UnDLVrn0Q5DF9IQHyIYjHPr5F9E=
-67,15,kpQJxvWg+UPDLg4Yn/tvvYbWBuQ=,UnDLVrn0Q5DF9IQHyIYjHPr5F9E=
-73,2,kpQJxvWg+UPDLg4Yn/tvvYbWBuQ=,UnDLVrn0Q5DF9IQHyIYjHPr5F9E=
-72,2,kpQJxvWg+UPDLg4Yn/tvvYbWBuQ=,UnDLVrn0Q5DF9IQHyIYjHPr5F9E=
-80,2,kpQJxvWg+UPDLg4Yn/tvvYbWBuQ=,UnDLVrn0Q5DF9IQHyIYjHPr5F9E=
-76,2,kpQJxvWg+UPDLg4Yn/tvvYbWBuQ=,UnDLVrn0Q5DF9IQHyIYjHPr5F9E=
-68,3,kpQJxvWg+UPDLg4Yn/tvvYbWBuQ=,UnDLVrn0Q5DF9IQHyIYjHPr5F9E=
-68,15,kpQJxvWg+UPDLg4Yn/tvvYbWBuQ=,UnDLVrn0Q5DF9IQHyIYjHPr5F9E=
-73,15,kpQJxvWg+UPDLg4Yn/tvvYbWBuQ=,UnDLVrn0Q5DF9IQHyIYjHPr5F9E=
-74,15,kpQJxvWg+UPDLg4Yn/tvvYbWBuQ=,UnDLVrn0Q5DF9IQHyIYjHPr5F9E=
-75,15,kpQJxvWg+UPDLg4Yn/tvvYbWBuQ=,UnDLVrn0Q5DF9IQHyIYjHPr5F9E=
-71,15,kpQJxvWg+UPDLg4Yn/tvvYbWBuQ=,UnDLVrn0Q5DF9IQHyIYjHPr5F9E=
-77,15,kpQJxvWg+UPDLg4Yn/tvvYbWBuQ=,UnDLVrn0Q5DF9IQHyIYjHPr5F9E=
-70,15,kpQJxvWg+UPDLg4Yn/tvvYbWBuQ=,UnDLVrn0Q5DF9IQHyIYjHPr5F9E=
-72,15,kpQJxvWg+UPDLg4Yn/tvvYbWBuQ=,UnDLVrn0Q5DF9IQHyIYjHPr5F9E=
-78,15,kpQJxvWg+UPDLg4Yn/tvvYbWBuQ=,UnDLVrn0Q5DF9IQHyIYjHPr5F9E=
-66,2,kpQJxvWg+UPDLg4Yn/tvvYbWBuQ=,UnDLVrn0Q5DF9IQHyIYjHPr5F9E=
-69,15,kpQJxvWg+UPDLg4Yn/tvvYbWBuQ=,UnDLVrn0Q5DF9IQHyIYjHPr5F9E=
-76,15,kpQJxvWg+UPDLg4Yn/tvvYbWBuQ=,UnDLVrn0Q5DF9IQHyIYjHPr5F9E=
-78,0,kpQJxvWg+UPDLg4Yn/tvvYbWBuQ=,UnDLVrn0Q5DF9IQHyIYjHPr5F9E=
-79,15,kpQJxvWg+UPDLg4Yn/tvvYbWBuQ=,UnDLVrn0Q5DF9IQHyIYjHPr5F9E=
-66,14,kpQJxvWg+UPDLg4Yn/tvvYbWBuQ=,UnDLVrn0Q5DF9IQHyIYjHPr5F9E=
-66,1,kpQJxvWg+UPDLg4Yn/tvvYbWBuQ=,UnDLVrn0Q5DF9IQHyIYjHPr5F9E=
-80,15,kpQJxvWg+UPDLg4Yn/tvvYbWBuQ=,UnDLVrn0Q5DF9IQHyIYjHPr5F9E=
-76,0,kpQJxvWg+UPDLg4Yn/tvvYbWBuQ=,UnDLVrn0Q5DF9IQHyIYjHPr5F9E=
-67,14,kpQJxvWg+UPDLg4Yn/tvvYbWBuQ=,UnDLVrn0Q5DF9IQHyIYjHPr5F9E=
-70,3,kpQJxvWg+UPDLg4Yn/tvvYbWBuQ=,UnDLVrn0Q5DF9IQHyIYjHPr5F9E=
-68,14,kpQJxvWg+UPDLg4Yn/tvvYbWBuQ=,UnDLVrn0Q5DF9IQHyIYjHPr5F9E=
-69,14,kpQJxvWg+UPDLg4Yn/tvvYbWBuQ=,UnDLVrn0Q5DF9IQHyIYjHPr5F9E=
-67,3,kpQJxvWg+UPDLg4Yn/tvvYbWBuQ=,UnDLVrn0Q5DF9IQHyIYjHPr5F9E=
-73,14,kpQJxvWg+UPDLg4Yn/tvvYbWBuQ=,UnDLVrn0Q5DF9IQHyIYjHPr5F9E=
-74,14,kpQJxvWg+UPDLg4Yn/tvvYbWBuQ=,UnDLVrn0Q5DF9IQHyIYjHPr5F9E=
-72,14,kpQJxvWg+UPDLg4Yn/tvvYbWBuQ=,UnDLVrn0Q5DF9IQHyIYjHPr5F9E=
-65,14,kpQJxvWg+UPDLg4Yn/tvvYbWBuQ=,UnDLVrn0Q5DF9IQHyIYjHPr5F9E=
-70,14,kpQJxvWg+UPDLg4Yn/tvvYbWBuQ=,UnDLVrn0Q5DF9IQHyIYjHPr5F9E=
-77,14,kpQJxvWg+UPDLg4Yn/tvvYbWBuQ=,UnDLVrn0Q5DF9IQHyIYjHPr5F9E=
-71,14,kpQJxvWg+UPDLg4Yn/tvvYbWBuQ=,UnDLVrn0Q5DF9IQHyIYjHPr5F9E=
-75,14,kpQJxvWg+UPDLg4Yn/tvvYbWBuQ=,UnDLVrn0Q5DF9IQHyIYjHPr5F9E=
-66,3,kpQJxvWg+UPDLg4Yn/tvvYbWBuQ=,UnDLVrn0Q5DF9IQHyIYjHPr5F9E=
-71,3,kpQJxvWg+UPDLg4Yn/tvvYbWBuQ=,UnDLVrn0Q5DF9IQHyIYjHPr5F9E=
-79,1,kpQJxvWg+UPDLg4Yn/tvvYbWBuQ=,UnDLVrn0Q5DF9IQHyIYjHPr5F9E=
-76,14,kpQJxvWg+UPDLg4Yn/tvvYbWBuQ=,UnDLVrn0Q5DF9IQHyIYjHPr5F9E=
-78,14,kpQJxvWg+UPDLg4Yn/tvvYbWBuQ=,UnDLVrn0Q5DF9IQHyIYjHPr5F9E=
-79,0,kpQJxvWg+UPDLg4Yn/tvvYbWBuQ=,UnDLVrn0Q5DF9IQHyIYjHPr5F9E=
-80,1,kpQJxvWg+UPDLg4Yn/tvvYbWBuQ=,UnDLVrn0Q5DF9IQHyIYjHPr5F9E=
-66,13,kpQJxvWg+UPDLg4Yn/tvvYbWBuQ=,UnDLVrn0Q5DF9IQHyIYjHPr5F9E=
-65,3,kpQJxvWg+UPDLg4Yn/tvvYbWBuQ=,UnDLVrn0Q5DF9IQHyIYjHPr5F9E=
-80,14,kpQJxvWg+UPDLg4Yn/tvvYbWBuQ=,UnDLVrn0Q5DF9IQHyIYjHPr5F9E=
-79,14,kpQJxvWg+UPDLg4Yn/tvvYbWBuQ=,UnDLVrn0Q5DF9IQHyIYjHPr5F9E=
-65,13,kpQJxvWg+UPDLg4Yn/tvvYbWBuQ=,UnDLVrn0Q5DF9IQHyIYjHPr5F9E=
-68,13,kpQJxvWg+UPDLg4Yn/tvvYbWBuQ=,UnDLVrn0Q5DF9IQHyIYjHPr5F9E=
-67,13,kpQJxvWg+UPDLg4Yn/tvvYbWBuQ=,UnDLVrn0Q5DF9IQHyIYjHPr5F9E=
-70,13,kpQJxvWg+UPDLg4Yn/tvvYbWBuQ=,UnDLVrn0Q5DF9IQHyIYjHPr5F9E=
-72,13,kpQJxvWg+UPDLg4Yn/tvvYbWBuQ=,UnDLVrn0Q5DF9IQHyIYjHPr5F9E=
-73,13,kpQJxvWg+UPDLg4Yn/tvvYbWBuQ=,UnDLVrn0Q5DF9IQHyIYjHPr5F9E=
-75,13,kpQJxvWg+UPDLg4Yn/tvvYbWBuQ=,UnDLVrn0Q5DF9IQHyIYjHPr5F9E=
-74,13,kpQJxvWg+UPDLg4Yn/tvvYbWBuQ=,UnDLVrn0Q5DF9IQHyIYjHPr5F9E=
-76,13,kpQJxvWg+UPDLg4Yn/tvvYbWBuQ=,UnDLVrn0Q5DF9IQHyIYjHPr5F9E=
-65,0,kpQJxvWg+UPDLg4Yn/tvvYbWBuQ=,UnDLVrn0Q5DF9IQHyIYjHPr5F9E=
-75,0,kpQJxvWg+UPDLg4Yn/tvvYbWBuQ=,UnDLVrn0Q5DF9IQHyIYjHPr5F9E=
-67,1,kpQJxvWg+UPDLg4Yn/tvvYbWBuQ=,UnDLVrn0Q5DF9IQHyIYjHPr5F9E=
-71,13,kpQJxvWg+UPDLg4Yn/tvvYbWBuQ=,UnDLVrn0Q5DF9IQHyIYjHPr5F9E=
-69,13,kpQJxvWg+UPDLg4Yn/tvvYbWBuQ=,UnDLVrn0Q5DF9IQHyIYjHPr5F9E=
-72,3,kpQJxvWg+UPDLg4Yn/tvvYbWBuQ=,UnDLVrn0Q5DF9IQHyIYjHPr5F9E=
-78,13,kpQJxvWg+UPDLg4Yn/tvvYbWBuQ=,UnDLVrn0Q5DF9IQHyIYjHPr5F9E=
-67,12,kpQJxvWg+UPDLg4Yn/tvvYbWBuQ=,UnDLVrn0Q5DF9IQHyIYjHPr5F9E=
-77,13,kpQJxvWg+UPDLg4Yn/tvvYbWBuQ=,UnDLVrn0Q5DF9IQHyIYjHPr5F9E=
-69,12,kpQJxvWg+UPDLg4Yn/tvvYbWBuQ=,UnDLVrn0Q5DF9IQHyIYjHPr5F9E=
-68,1,kpQJxvWg+UPDLg4Yn/tvvYbWBuQ=,UnDLVrn0Q5DF9IQHyIYjHPr5F9E=
-68,12,kpQJxvWg+UPDLg4Yn/tvvYbWBuQ=,UnDLVrn0Q5DF9IQHyIYjHPr5F9E=
-79,13,kpQJxvWg+UPDLg4Yn/tvvYbWBuQ=,UnDLVrn0Q5DF9IQHyIYjHPr5F9E=
-80,13,kpQJxvWg+UPDLg4Yn/tvvYbWBuQ=,UnDLVrn0Q5DF9IQHyIYjHPr5F9E=
-66,12,kpQJxvWg+UPDLg4Yn/tvvYbWBuQ=,UnDLVrn0Q5DF9IQHyIYjHPr5F9E=
-80,4,kpQJxvWg+UPDLg4Yn/tvvYbWBuQ=,UnDLVrn0Q5DF9IQHyIYjHPr5F9E=
-65,12,kpQJxvWg+UPDLg4Yn/tvvYbWBuQ=,UnDLVrn0Q5DF9IQHyIYjHPr5F9E=
-72,12,kpQJxvWg+UPDLg4Yn/tvvYbWBuQ=,UnDLVrn0Q5DF9IQHyIYjHPr5F9E=
-75,12,kpQJxvWg+UPDLg4Yn/tvvYbWBuQ=,UnDLVrn0Q5DF9IQHyIYjHPr5F9E=
-70,12,kpQJxvWg+UPDLg4Yn/tvvYbWBuQ=,UnDLVrn0Q5DF9IQHyIYjHPr5F9E=
-71,12,kpQJxvWg+UPDLg4Yn/tvvYbWBuQ=,UnDLVrn0Q5DF9IQHyIYjHPr5F9E=
-73,12,kpQJxvWg+UPDLg4Yn/tvvYbWBuQ=,UnDLVrn0Q5DF9IQHyIYjHPr5F9E=
-76,12,kpQJxvWg+UPDLg4Yn/tvvYbWBuQ=,UnDLVrn0Q5DF9IQHyIYjHPr5F9E=
-74,12,kpQJxvWg+UPDLg4Yn/tvvYbWBuQ=,UnDLVrn0Q5DF9IQHyIYjHPr5F9E=
-78,12,kpQJxvWg+UPDLg4Yn/tvvYbWBuQ=,UnDLVrn0Q5DF9IQHyIYjHPr5F9E=
-66,0,kpQJxvWg+UPDLg4Yn/tvvYbWBuQ=,UnDLVrn0Q5DF9IQHyIYjHPr5F9E=
-79,12,kpQJxvWg+UPDLg4Yn/tvvYbWBuQ=,UnDLVrn0Q5DF9IQHyIYjHPr5F9E=
-78,1,kpQJxvWg+UPDLg4Yn/tvvYbWBuQ=,UnDLVrn0Q5DF9IQHyIYjHPr5F9E=
-77,12,kpQJxvWg+UPDLg4Yn/tvvYbWBuQ=,UnDLVrn0Q5DF9IQHyIYjHPr5F9E=
-80,12,kpQJxvWg+UPDLg4Yn/tvvYbWBuQ=,UnDLVrn0Q5DF9IQHyIYjHPr5F9E=
-69,1,kpQJxvWg+UPDLg4Yn/tvvYbWBuQ=,UnDLVrn0Q5DF9IQHyIYjHPr5F9E=
-68,11,kpQJxvWg+UPDLg4Yn/tvvYbWBuQ=,UnDLVrn0Q5DF9IQHyIYjHPr5F9E=
-69,11,kpQJxvWg+UPDLg4Yn/tvvYbWBuQ=,UnDLVrn0Q5DF9IQHyIYjHPr5F9E=
-73,3,kpQJxvWg+UPDLg4Yn/tvvYbWBuQ=,UnDLVrn0Q5DF9IQHyIYjHPr5F9E=
-70,11,kpQJxvWg+UPDLg4Yn/tvvYbWBuQ=,UnDLVrn0Q5DF9IQHyIYjHPr5F9E=
-65,11,kpQJxvWg+UPDLg4Yn/tvvYbWBuQ=,UnDLVrn0Q5DF9IQHyIYjHPr5F9E=
-71,11,kpQJxvWg+UPDLg4Yn/tvvYbWBuQ=,UnDLVrn0Q5DF9IQHyIYjHPr5F9E=
-74,11,kpQJxvWg+UPDLg4Yn/tvvYbWBuQ=,UnDLVrn0Q5DF9IQHyIYjHPr5F9E=
-79,4,kpQJxvWg+UPDLg4Yn/tvvYbWBuQ=,UnDLVrn0Q5DF9IQHyIYjHPr5F9E=
-75,11,kpQJxvWg+UPDLg4Yn/tvvYbWBuQ=,UnDLVrn0Q5DF9IQHyIYjHPr5F9E=
-66,11,kpQJxvWg+UPDLg4Yn/tvvYbWBuQ=,UnDLVrn0Q5DF9IQHyIYjHPr5F9E=
-67,11,kpQJxvWg+UPDLg4Yn/tvvYbWBuQ=,UnDLVrn0Q5DF9IQHyIYjHPr5F9E=
-74,3,kpQJxvWg+UPDLg4Yn/tvvYbWBuQ=,UnDLVrn0Q5DF9IQHyIYjHPr5F9E=
-72,11,kpQJxvWg+UPDLg4Yn/tvvYbWBuQ=,UnDLVrn0Q5DF9IQHyIYjHPr5F9E=
-73,11,kpQJxvWg+UPDLg4Yn/tvvYbWBuQ=,UnDLVrn0Q5DF9IQHyIYjHPr5F9E=
-80,11,kpQJxvWg+UPDLg4Yn/tvvYbWBuQ=,UnDLVrn0Q5DF9IQHyIYjHPr5F9E=
-70,1,kpQJxvWg+UPDLg4Yn/tvvYbWBuQ=,UnDLVrn0Q5DF9IQHyIYjHPr5F9E=
-67,0,kpQJxvWg+UPDLg4Yn/tvvYbWBuQ=,UnDLVrn0Q5DF9IQHyIYjHPr5F9E=
-78,4,kpQJxvWg+UPDLg4Yn/tvvYbWBuQ=,UnDLVrn0Q5DF9IQHyIYjHPr5F9E=
-79,11,kpQJxvWg+UPDLg4Yn/tvvYbWBuQ=,UnDLVrn0Q5DF9IQHyIYjHPr5F9E=
-77,11,kpQJxvWg+UPDLg4Yn/tvvYbWBuQ=,UnDLVrn0Q5DF9IQHyIYjHPr5F9E=
-77,4,kpQJxvWg+UPDLg4Yn/tvvYbWBuQ=,UnDLVrn0Q5DF9IQHyIYjHPr5F9E=
-66,10,kpQJxvWg+UPDLg4Yn/tvvYbWBuQ=,UnDLVrn0Q5DF9IQHyIYjHPr5F9E=
-69,10,kpQJxvWg+UPDLg4Yn/tvvYbWBuQ=,UnDLVrn0Q5DF9IQHyIYjHPr5F9E=
-76,4,kpQJxvWg+UPDLg4Yn/tvvYbWBuQ=,UnDLVrn0Q5DF9IQHyIYjHPr5F9E=
-67,10,kpQJxvWg+UPDLg4Yn/tvvYbWBuQ=,UnDLVrn0Q5DF9IQHyIYjHPr5F9E=
-71,10,kpQJxvWg+UPDLg4Yn/tvvYbWBuQ=,UnDLVrn0Q5DF9IQHyIYjHPr5F9E=
-68,10,kpQJxvWg+UPDLg4Yn/tvvYbWBuQ=,UnDLVrn0Q5DF9IQHyIYjHPr5F9E=
-73,10,kpQJxvWg+UPDLg4Yn/tvvYbWBuQ=,UnDLVrn0Q5DF9IQHyIYjHPr5F9E=
-78,11,kpQJxvWg+UPDLg4Yn/tvvYbWBuQ=,UnDLVrn0Q5DF9IQHyIYjHPr5F9E=
-75,4,kpQJxvWg+UPDLg4Yn/tvvYbWBuQ=,UnDLVrn0Q5DF9IQHyIYjHPr5F9E=
-70,10,kpQJxvWg+UPDLg4Yn/tvvYbWBuQ=,UnDLVrn0Q5DF9IQHyIYjHPr5F9E=
-72,10,kpQJxvWg+UPDLg4Yn/tvvYbWBuQ=,UnDLVrn0Q5DF9IQHyIYjHPr5F9E=
-65,10,kpQJxvWg+UPDLg4Yn/tvvYbWBuQ=,UnDLVrn0Q5DF9IQHyIYjHPr5F9E=
-74,10,kpQJxvWg+UPDLg4Yn/tvvYbWBuQ=,UnDLVrn0Q5DF9IQHyIYjHPr5F9E=
-74,4,kpQJxvWg+UPDLg4Yn/tvvYbWBuQ=,UnDLVrn0Q5DF9IQHyIYjHPr5F9E=
-77,10,kpQJxvWg+UPDLg4Yn/tvvYbWBuQ=,UnDLVrn0Q5DF9IQHyIYjHPr5F9E=
-79,10,kpQJxvWg+UPDLg4Yn/tvvYbWBuQ=,UnDLVrn0Q5DF9IQHyIYjHPr5F9E=
-75,10,kpQJxvWg+UPDLg4Yn/tvvYbWBuQ=,UnDLVrn0Q5DF9IQHyIYjHPr5F9E=
-73,4,kpQJxvWg+UPDLg4Yn/tvvYbWBuQ=,UnDLVrn0Q5DF9IQHyIYjHPr5F9E=
-76,11,kpQJxvWg+UPDLg4Yn/tvvYbWBuQ=,UnDLVrn0Q5DF9IQHyIYjHPr5F9E=
-75,3,kpQJxvWg+UPDLg4Yn/tvvYbWBuQ=,UnDLVrn0Q5DF9IQHyIYjHPr5F9E=
-68,0,kpQJxvWg+UPDLg4Yn/tvvYbWBuQ=,UnDLVrn0Q5DF9IQHyIYjHPr5F9E=
-72,4,kpQJxvWg+UPDLg4Yn/tvvYbWBuQ=,UnDLVrn0Q5DF9IQHyIYjHPr5F9E=
-80,10,kpQJxvWg+UPDLg4Yn/tvvYbWBuQ=,UnDLVrn0Q5DF9IQHyIYjHPr5F9E=
-68,9,kpQJxvWg+UPDLg4Yn/tvvYbWBuQ=,UnDLVrn0Q5DF9IQHyIYjHPr5F9E=
-78,10,kpQJxvWg+UPDLg4Yn/tvvYbWBuQ=,UnDLVrn0Q5DF9IQHyIYjHPr5F9E=
-76,10,kpQJxvWg+UPDLg4Yn/tvvYbWBuQ=,UnDLVrn0Q5DF9IQHyIYjHPr5F9E=
-71,1,kpQJxvWg+UPDLg4Yn/tvvYbWBuQ=,UnDLVrn0Q5DF9IQHyIYjHPr5F9E=
-71,4,kpQJxvWg+UPDLg4Yn/tvvYbWBuQ=,UnDLVrn0Q5DF9IQHyIYjHPr5F9E=
-69,0,kpQJxvWg+UPDLg4Yn/tvvYbWBuQ=,UnDLVrn0Q5DF9IQHyIYjHPr5F9E=
-76,3,kpQJxvWg+UPDLg4Yn/tvvYbWBuQ=,UnDLVrn0Q5DF9IQHyIYjHPr5F9E=
-70,4,kpQJxvWg+UPDLg4Yn/tvvYbWBuQ=,UnDLVrn0Q5DF9IQHyIYjHPr5F9E=
-73,9,kpQJxvWg+UPDLg4Yn/tvvYbWBuQ=,UnDLVrn0Q5DF9IQHyIYjHPr5F9E=
-69,9,kpQJxvWg+UPDLg4Yn/tvvYbWBuQ=,UnDLVrn0Q5DF9IQHyIYjHPr5F9E=
-70,9,kpQJxvWg+UPDLg4Yn/tvvYbWBuQ=,UnDLVrn0Q5DF9IQHyIYjHPr5F9E=
-65,9,kpQJxvWg+UPDLg4Yn/tvvYbWBuQ=,UnDLVrn0Q5DF9IQHyIYjHPr5F9E=
-69,4,kpQJxvWg+UPDLg4Yn/tvvYbWBuQ=,UnDLVrn0Q5DF9IQHyIYjHPr5F9E=
-71,9,kpQJxvWg+UPDLg4Yn/tvvYbWBuQ=,UnDLVrn0Q5DF9IQHyIYjHPr5F9E=
-77,9,kpQJxvWg+UPDLg4Yn/tvvYbWBuQ=,UnDLVrn0Q5DF9IQHyIYjHPr5F9E=
-78,9,kpQJxvWg+UPDLg4Yn/tvvYbWBuQ=,UnDLVrn0Q5DF9IQHyIYjHPr5F9E=
-76,9,kpQJxvWg+UPDLg4Yn/tvvYbWBuQ=,UnDLVrn0Q5DF9IQHyIYjHPr5F9E=
-80,9,kpQJxvWg+UPDLg4Yn/tvvYbWBuQ=,UnDLVrn0Q5DF9IQHyIYjHPr5F9E=
-66,9,kpQJxvWg+UPDLg4Yn/tvvYbWBuQ=,UnDLVrn0Q5DF9IQHyIYjHPr5F9E=
-65,2,kpQJxvWg+UPDLg4Yn/tvvYbWBuQ=,UnDLVrn0Q5DF9IQHyIYjHPr5F9E=
-72,1,kpQJxvWg+UPDLg4Yn/tvvYbWBuQ=,UnDLVrn0Q5DF9IQHyIYjHPr5F9E=
-79,9,kpQJxvWg+UPDLg4Yn/tvvYbWBuQ=,UnDLVrn0Q5DF9IQHyIYjHPr5F9E=
-65,8,kpQJxvWg+UPDLg4Yn/tvvYbWBuQ=,UnDLVrn0Q5DF9IQHyIYjHPr5F9E=
-72,9,kpQJxvWg+UPDLg4Yn/tvvYbWBuQ=,UnDLVrn0Q5DF9IQHyIYjHPr5F9E=
-69,8,kpQJxvWg+UPDLg4Yn/tvvYbWBuQ=,UnDLVrn0Q5DF9IQHyIYjHPr5F9E=
-74,0,kpQJxvWg+UPDLg4Yn/tvvYbWBuQ=,UnDLVrn0Q5DF9IQHyIYjHPr5F9E=
-68,8,kpQJxvWg+UPDLg4Yn/tvvYbWBuQ=,UnDLVrn0Q5DF9IQHyIYjHPr5F9E=
-67,8,kpQJxvWg+UPDLg4Yn/tvvYbWBuQ=,UnDLVrn0Q5DF9IQHyIYjHPr5F9E=
-70,0,kpQJxvWg+UPDLg4Yn/tvvYbWBuQ=,UnDLVrn0Q5DF9IQHyIYjHPr5F9E=
-71,8,kpQJxvWg+UPDLg4Yn/tvvYbWBuQ=,UnDLVrn0Q5DF9IQHyIYjHPr5F9E=
-80,0,kpQJxvWg+UPDLg4Yn/tvvYbWBuQ=,UnDLVrn0Q5DF9IQHyIYjHPr5F9E=
-67,9,kpQJxvWg+UPDLg4Yn/tvvYbWBuQ=,UnDLVrn0Q5DF9IQHyIYjHPr5F9E=
-75,8,kpQJxvWg+UPDLg4Yn/tvvYbWBuQ=,UnDLVrn0Q5DF9IQHyIYjHPr5F9E=
-70,8,kpQJxvWg+UPDLg4Yn/tvvYbWBuQ=,UnDLVrn0Q5DF9IQHyIYjHPr5F9E=
-74,8,kpQJxvWg+UPDLg4Yn/tvvYbWBuQ=,UnDLVrn0Q5DF9IQHyIYjHPr5F9E=
-76,8,kpQJxvWg+UPDLg4Yn/tvvYbWBuQ=,UnDLVrn0Q5DF9IQHyIYjHPr5F9E=
-68,4,kpQJxvWg+UPDLg4Yn/tvvYbWBuQ=,UnDLVrn0Q5DF9IQHyIYjHPr5F9E=
-72,8,kpQJxvWg+UPDLg4Yn/tvvYbWBuQ=,UnDLVrn0Q5DF9IQHyIYjHPr5F9E=
-78,8,kpQJxvWg+UPDLg4Yn/tvvYbWBuQ=,UnDLVrn0Q5DF9IQHyIYjHPr5F9E=
-67,4,kpQJxvWg+UPDLg4Yn/tvvYbWBuQ=,UnDLVrn0Q5DF9IQHyIYjHPr5F9E=
-79,8,kpQJxvWg+UPDLg4Yn/tvvYbWBuQ=,UnDLVrn0Q5DF9IQHyIYjHPr5F9E=
-66,4,kpQJxvWg+UPDLg4Yn/tvvYbWBuQ=,UnDLVrn0Q5DF9IQHyIYjHPr5F9E=
-65,7,kpQJxvWg+UPDLg4Yn/tvvYbWBuQ=,UnDLVrn0Q5DF9IQHyIYjHPr5F9E=
-73,1,kpQJxvWg+UPDLg4Yn/tvvYbWBuQ=,UnDLVrn0Q5DF9IQHyIYjHPr5F9E=
-65,4,kpQJxvWg+UPDLg4Yn/tvvYbWBuQ=,UnDLVrn0Q5DF9IQHyIYjHPr5F9E=
-80,8,kpQJxvWg+UPDLg4Yn/tvvYbWBuQ=,UnDLVrn0Q5DF9IQHyIYjHPr5F9E=
-80,5,kpQJxvWg+UPDLg4Yn/tvvYbWBuQ=,UnDLVrn0Q5DF9IQHyIYjHPr5F9E=
-68,7,kpQJxvWg+UPDLg4Yn/tvvYbWBuQ=,UnDLVrn0Q5DF9IQHyIYjHPr5F9E=
-77,1,kpQJxvWg+UPDLg4Yn/tvvYbWBuQ=,UnDLVrn0Q5DF9IQHyIYjHPr5F9E=
-66,8,kpQJxvWg+UPDLg4Yn/tvvYbWBuQ=,UnDLVrn0Q5DF9IQHyIYjHPr5F9E=
-79,5,kpQJxvWg+UPDLg4Yn/tvvYbWBuQ=,UnDLVrn0Q5DF9IQHyIYjHPr5F9E=
-66,7,kpQJxvWg+UPDLg4Yn/tvvYbWBuQ=,UnDLVrn0Q5DF9IQHyIYjHPr5F9E=
-78,5,kpQJxvWg+UPDLg4Yn/tvvYbWBuQ=,UnDLVrn0Q5DF9IQHyIYjHPr5F9E=
-69,7,kpQJxvWg+UPDLg4Yn/tvvYbWBuQ=,UnDLVrn0Q5DF9IQHyIYjHPr5F9E=
-70,7,kpQJxvWg+UPDLg4Yn/tvvYbWBuQ=,UnDLVrn0Q5DF9IQHyIYjHPr5F9E=
-74,9,kpQJxvWg+UPDLg4Yn/tvvYbWBuQ=,UnDLVrn0Q5DF9IQHyIYjHPr5F9E=
-75,9,kpQJxvWg+UPDLg4Yn/tvvYbWBuQ=,UnDLVrn0Q5DF9IQHyIYjHPr5F9E=
-71,7,kpQJxvWg+UPDLg4Yn/tvvYbWBuQ=,UnDLVrn0Q5DF9IQHyIYjHPr5F9E=
-77,5,kpQJxvWg+UPDLg4Yn/tvvYbWBuQ=,UnDLVrn0Q5DF9IQHyIYjHPr5F9E=
-77,7,kpQJxvWg+UPDLg4Yn/tvvYbWBuQ=,UnDLVrn0Q5DF9IQHyIYjHPr5F9E=
-73,7,kpQJxvWg+UPDLg4Yn/tvvYbWBuQ=,UnDLVrn0Q5DF9IQHyIYjHPr5F9E=
-76,7,kpQJxvWg+UPDLg4Yn/tvvYbWBuQ=,UnDLVrn0Q5DF9IQHyIYjHPr5F9E=
-76,5,kpQJxvWg+UPDLg4Yn/tvvYbWBuQ=,UnDLVrn0Q5DF9IQHyIYjHPr5F9E=
-74,1,kpQJxvWg+UPDLg4Yn/tvvYbWBuQ=,UnDLVrn0Q5DF9IQHyIYjHPr5F9E=
-77,3,kpQJxvWg+UPDLg4Yn/tvvYbWBuQ=,UnDLVrn0Q5DF9IQHyIYjHPr5F9E=
-78,3,kpQJxvWg+UPDLg4Yn/tvvYbWBuQ=,UnDLVrn0Q5DF9IQHyIYjHPr5F9E=
-71,0,kpQJxvWg+UPDLg4Yn/tvvYbWBuQ=,UnDLVrn0Q5DF9IQHyIYjHPr5F9E=
-75,5,kpQJxvWg+UPDLg4Yn/tvvYbWBuQ=,UnDLVrn0Q5DF9IQHyIYjHPr5F9E=
-72,7,kpQJxvWg+UPDLg4Yn/tvvYbWBuQ=,UnDLVrn0Q5DF9IQHyIYjHPr5F9E=
-75,7,kpQJxvWg+UPDLg4Yn/tvvYbWBuQ=,UnDLVrn0Q5DF9IQHyIYjHPr5F9E=
-66,6,kpQJxvWg+UPDLg4Yn/tvvYbWBuQ=,UnDLVrn0Q5DF9IQHyIYjHPr5F9E=
-67,6,kpQJxvWg+UPDLg4Yn/tvvYbWBuQ=,UnDLVrn0Q5DF9IQHyIYjHPr5F9E=
-79,3,kpQJxvWg+UPDLg4Yn/tvvYbWBuQ=,UnDLVrn0Q5DF9IQHyIYjHPr5F9E=
-72,0,kpQJxvWg+UPDLg4Yn/tvvYbWBuQ=,UnDLVrn0Q5DF9IQHyIYjHPr5F9E=
-71,6,kpQJxvWg+UPDLg4Yn/tvvYbWBuQ=,UnDLVrn0Q5DF9IQHyIYjHPr5F9E=
-74,6,kpQJxvWg+UPDLg4Yn/tvvYbWBuQ=,UnDLVrn0Q5DF9IQHyIYjHPr5F9E=
-80,7,kpQJxvWg+UPDLg4Yn/tvvYbWBuQ=,UnDLVrn0Q5DF9IQHyIYjHPr5F9E=
-73,6,kpQJxvWg+UPDLg4Yn/tvvYbWBuQ=,UnDLVrn0Q5DF9IQHyIYjHPr5F9E=
-78,7,kpQJxvWg+UPDLg4Yn/tvvYbWBuQ=,UnDLVrn0Q5DF9IQHyIYjHPr5F9E=
-72,6,kpQJxvWg+UPDLg4Yn/tvvYbWBuQ=,UnDLVrn0Q5DF9IQHyIYjHPr5F9E=
-70,6,kpQJxvWg+UPDLg4Yn/tvvYbWBuQ=,UnDLVrn0Q5DF9IQHyIYjHPr5F9E=
-78,6,kpQJxvWg+UPDLg4Yn/tvvYbWBuQ=,UnDLVrn0Q5DF9IQHyIYjHPr5F9E=
-75,1,kpQJxvWg+UPDLg4Yn/tvvYbWBuQ=,UnDLVrn0Q5DF9IQHyIYjHPr5F9E=
-69,6,kpQJxvWg+UPDLg4Yn/tvvYbWBuQ=,UnDLVrn0Q5DF9IQHyIYjHPr5F9E=
-79,6,kpQJxvWg+UPDLg4Yn/tvvYbWBuQ=,UnDLVrn0Q5DF9IQHyIYjHPr5F9E=
-65,5,kpQJxvWg+UPDLg4Yn/tvvYbWBuQ=,UnDLVrn0Q5DF9IQHyIYjHPr5F9E=
-74,5,kpQJxvWg+UPDLg4Yn/tvvYbWBuQ=,UnDLVrn0Q5DF9IQHyIYjHPr5F9E=
-76,6,kpQJxvWg+UPDLg4Yn/tvvYbWBuQ=,UnDLVrn0Q5DF9IQHyIYjHPr5F9E=
-68,6,kpQJxvWg+UPDLg4Yn/tvvYbWBuQ=,UnDLVrn0Q5DF9IQHyIYjHPr5F9E=
-66,5,kpQJxvWg+UPDLg4Yn/tvvYbWBuQ=,UnDLVrn0Q5DF9IQHyIYjHPr5F9E=
-80,6,kpQJxvWg+UPDLg4Yn/tvvYbWBuQ=,UnDLVrn0Q5DF9IQHyIYjHPr5F9E=
-74,7,kpQJxvWg+UPDLg4Yn/tvvYbWBuQ=,UnDLVrn0Q5DF9IQHyIYjHPr5F9E=
-65,6,kpQJxvWg+UPDLg4Yn/tvvYbWBuQ=,UnDLVrn0Q5DF9IQHyIYjHPr5F9E=
-73,8,kpQJxvWg+UPDLg4Yn/tvvYbWBuQ=,UnDLVrn0Q5DF9IQHyIYjHPr5F9E=
-76,1,kpQJxvWg+UPDLg4Yn/tvvYbWBuQ=,UnDLVrn0Q5DF9IQHyIYjHPr5F9E=
-69,5,kpQJxvWg+UPDLg4Yn/tvvYbWBuQ=,UnDLVrn0Q5DF9IQHyIYjHPr5F9E=
-80,3,kpQJxvWg+UPDLg4Yn/tvvYbWBuQ=,UnDLVrn0Q5DF9IQHyIYjHPr5F9E=
-71,5,kpQJxvWg+UPDLg4Yn/tvvYbWBuQ=,UnDLVrn0Q5DF9IQHyIYjHPr5F9E=
-70,5,kpQJxvWg+UPDLg4Yn/tvvYbWBuQ=,UnDLVrn0Q5DF9IQHyIYjHPr5F9E=
-77,8,kpQJxvWg+UPDLg4Yn/tvvYbWBuQ=,UnDLVrn0Q5DF9IQHyIYjHPr5F9E=
-79,7,kpQJxvWg+UPDLg4Yn/tvvYbWBuQ=,UnDLVrn0Q5DF9IQHyIYjHPr5F9E=
-67,7,kpQJxvWg+UPDLg4Yn/tvvYbWBuQ=,UnDLVrn0Q5DF9IQHyIYjHPr5F9E=
-67,5,kpQJxvWg+UPDLg4Yn/tvvYbWBuQ=,UnDLVrn0Q5DF9IQHyIYjHPr5F9E=
-68,5,kpQJxvWg+UPDLg4Yn/tvvYbWBuQ=,UnDLVrn0Q5DF9IQHyIYjHPr5F9E=
-73,0,kpQJxvWg+UPDLg4Yn/tvvYbWBuQ=,UnDLVrn0Q5DF9IQHyIYjHPr5F9E=
-75,6,kpQJxvWg+UPDLg4Yn/tvvYbWBuQ=,UnDLVrn0Q5DF9IQHyIYjHPr5F9E=
-77,6,kpQJxvWg+UPDLg4Yn/tvvYbWBuQ=,UnDLVrn0Q5DF9IQHyIYjHPr5F9E=
-73,5,kpQJxvWg+UPDLg4Yn/tvvYbWBuQ=,UnDLVrn0Q5DF9IQHyIYjHPr5F9E=
-72,5,kpQJxvWg+UPDLg4Yn/tvvYbWBuQ=,UnDLVrn0Q5DF9IQHyIYjHPr5F9E=
