35,0,HvtdCiV2DLNAHav8EEMZ6XwEdNg=,Yi4oDmQaMVsKc8yGoR6Xix4CcJc=
45,15,HvtdCiV2DLNAHav8EEMZ6XwEdNg=,Yi4oDmQaMVsKc8yGoR6Xix4CcJc=
43,15,HvtdCiV2DLNAHav8EEMZ6XwEdNg=,Yi4oDmQaMVsKc8yGoR6Xix4CcJc=
45,2,HvtdCiV2DLNAHav8EEMZ6XwEdNg=,Yi4oDmQaMVsKc8yGoR6Xix4CcJc=
47,15,HvtdCiV2DLNAHav8EEMZ6XwEdNg=,Yi4oDmQaMVsKc8yGoR6Xix4CcJc=
46,2,HvtdCiV2DLNAHav8EEMZ6XwEdNg=,Yi4oDmQaMVsKc8yGoR6Xix4CcJc=
44,15,HvtdCiV2DLNAHav8EEMZ6XwEdNg=,Yi4oDmQaMVsKc8yGoR6Xix4CcJc=
42,15,HvtdCiV2DLNAHav8EEMZ6XwEdNg=,Yi4oDmQaMVsKc8yGoR6Xix4CcJc=
46,15,HvtdCiV2DLNAHav8EEMZ6XwEdNg=,Yi4oDmQaMVsKc8yGoR6Xix4CcJc=
47,2,HvtdCiV2DLNAHav8EEMZ6XwEdNg=,Yi4oDmQaMVsKc8yGoR6Xix4CcJc=
38,15,HvtdCiV2DLNAHav8EEMZ6XwEdNg=,Yi4oDmQaMVsKc8yGoR6Xix4CcJc=
39,15,HvtdCiV2DLNAHav8EEMZ6XwEdNg=,Yi4oDmQaMVsKc8yGoR6Xix4CcJc=
37,15,HvtdCiV2DLNAHav8EEMZ6XwEdNg=,Yi4oDmQaMVsKc8yGoR6Xix4CcJc=
40,15,HvtdCiV2DLNAHav8EEMZ6XwEdNg=,Yi4oDmQaMVsKc8yGoR6Xix4CcJc=
41,15,HvtdCiV2DLNAHav8EEMZ6XwEdNg=,Yi4oDmQaMVsKc8yGoR6Xix4CcJc=
33,15,HvtdCiV2DLNAHav8EEMZ6XwEdNg=,Yi4oDmQaMVsKc8yGoR6Xix4CcJc=
36,15,HvtdCiV2DLNAHav8EEMZ6XwEdNg=,Yi4oDmQaMVsKc8yGoR6Xix4CcJc=
45,1,HvtdCiV2DLNAHav8EEMZ6XwEdNg=,Yi4oDmQaMVsKc8yGoR6Xix4CcJc=
35,15,HvtdCiV2DLNAHav8EEMZ6XwEdNg=,Yi4oDmQaMVsKc8yGoR6Xix4CcJc=
32,3,HvtdCiV2DLNAHav8EEMZ6XwEdNg=,Yi4oDmQaMVsKc8yGoR6Xix4CcJc=
33,1,HvtdCiV2DLNAHav8EEMZ6XwEdNg=,Yi4oDmQaMVsKc8yGoR6Xix4CcJc=
47,1,HvtdCiV2DLNAHav8EEMZ6XwEdNg=,Yi4oDmQaMVsKc8yGoR6Xix4CcJc=
44,1,HvtdCiV2DLNAHav8EEMZ6XwEdNg=,Yi4oDmQaMVsKc8yGoR6Xix4CcJc=
40,1,HvtdCiV2DLNAHav8EEMZ6XwEdNg=,Yi4oDmQaMVsKc8yGoR6Xix4CcJc=
34,15,HvtdCiV2DLNAHav8EEMZ6XwEdNg=,Yi4oDmQaMVsKc8yGoR6Xix4CcJc=
42,1,HvtdCiV2DLNAHav8EEMZ6XwEdNg=,Yi4oDmQaMVsKc8yGoR6Xix4CcJc=
43,1,HvtdCiV2DLNAHav8EEMZ6XwEdNg=,Yi4oDmQaMVsKc8yGoR6Xix4CcJc=
46,1,HvtdCiV2DLNAHav8EEMZ6XwEdNg=,Yi4oDmQaMVsKc8yGoR6Xix4CcJc=
38,1,HvtdCiV2DLNAHav8EEMZ6XwEdNg=,Yi4oDmQaMVsKc8yGoR6Xix4CcJc=
41,1,HvtdCiV2DLNAHav8EEMZ6XwEdNg=,Yi4oDmQaMVsKc8yGoR6Xix4CcJc=
35,1,HvtdCiV2DLNAHav8EEMZ6XwEdNg=,Yi4oDmQaMVsKc8yGoR6Xix4CcJc=
47,14,HvtdCiV2DLNAHav8EEMZ6XwEdNg=,Yi4oDmQaMVsKc8yGoR6Xix4CcJc=
33,3,HvtdCiV2DLNAHav8EEMZ6XwEdNg=,Yi4oDmQaMVsKc8yGoR6Xix4CcJc=
39,1,HvtdCiV2DLNAHav8EEMZ6XwEdNg=,Yi4oDmQaMVsKc8yGoR6Xix4CcJc=
36,1,HvtdCiV2DLNAHav8EEMZ6XwEdNg=,Yi4oDmQaMVsKc8yGoR6Xix4CcJc=
37,1,HvtdCiV2DLNAHav8EEMZ6XwEdNg=,Yi4oDmQaMVsKc8yGoR6Xix4CcJc=
34,0,HvtdCiV2DLNAHav8EEMZ6XwEdNg=,Yi4oDmQaMVsKc8yGoR6Xix4CcJc=
34,1,HvtdCiV2DLNAHav8EEMZ6XwEdNg=,Yi4oDmQaMVsKc8yGoR6Xix4CcJc=
46,14,HvtdCiV2DLNAHav8EEMZ6XwEdNg=,Yi4oDmQaMVsKc8yGoR6Xix4CcJc=
44,2,HvtdCiV2DLNAHav8EEMZ6XwEdNg=,Yi4oDmQaMVsKc8yGoR6Xix4CcJc=
45,14,HvtdCiV2DLNAHav8EEMZ6XwEdNg=,Yi4oDmQaMVsKc8yGoR6Xix4CcJc=
32,15,HvtdCiV2DLNAHav8EEMZ6XwEdNg=,Yi4oDmQaMVsKc8yGoR6Xix4CcJc=
34,3,HvtdCiV2DLNAHav8EEMZ6XwEdNg=,Yi4oDmQaMVsKc8yGoR6Xix4CcJc=
44,14,HvtdCiV2DLNAHav8EEMZ6XwEdNg=,Yi4oDmQaMVsKc8yGoR6Xix4CcJc=
41,14,HvtdCiV2DLNAHav8EEMZ6XwEdNg=,Yi4oDmQaMVsKc8yGoR6Xix4CcJc=
43,14,HvtdCiV2DLNAHav8EEMZ6XwEdNg=,Yi4oDmQaMVsKc8yGoR6Xix4CcJc=
39,14,HvtdCiV2DLNAHav8EEMZ6XwEdNg=,Yi4oDmQaMVsKc8yGoR6Xix4CcJc=
42,14,HvtdCiV2DLNAHav8EEMZ6XwEdNg=,Yi4oDmQaMVsKc8yGoR6Xix4CcJc=
37,14,HvtdCiV2DLNAHav8EEMZ6XwEdNg=,Yi4oDmQaMVsKc8yGoR6Xix4CcJc=
36,14,HvtdCiV2DLNAHav8EEMZ6XwEdNg=,Yi4oDmQaMVsKc8yGoR6Xix4CcJc=
35,3,HvtdCiV2DLNAHav8EEMZ6XwEdNg=,Yi4oDmQaMVsKc8yGoR6Xix4CcJc=
40,14,HvtdCiV2DLNAHav8EEMZ6XwEdNg=,Yi4oDmQaMVsKc8yGoR6Xix4CcJc=
38,14,HvtdCiV2DLNAHav8EEMZ6XwEdNg=,Yi4oDmQaMVsKc8yGoR6Xix4CcJc=
34,14,HvtdCiV2DLNAHav8EEMZ6XwEdNg=,Yi4oDmQaMVsKc8yGoR6Xix4CcJc=
47,13,HvtdCiV2DLNAHav8EEMZ6XwEdNg=,Yi4oDmQaMVsKc8yGoR6Xix4CcJc=
32,14,HvtdCiV2DLNAHav8EEMZ6XwEdNg=,Yi4oDmQaMVsKc8yGoR6Xix4CcJc=
46,13,HvtdCiV2DLNAHav8EEMZ6XwEdNg=,Yi4oDmQaMVsKc8yGoR6Xix4CcJc=
47,0,HvtdCiV2DLNAHav8EEMZ6XwEdNg=,Yi4oDmQaMVsKc8yGoR6Xix4CcJc=
33,14,HvtdCiV2DLNAHav8EEMZ6XwEdNg=,Yi4oDmQaMVsKc8yGoR6Xix4CcJc=
32,2,HvtdCiV2DLNAHav8EEMZ6XwEdNg=,Yi4oDmQaMVsKc8yGoR6Xix4CcJc=
45,13,HvtdCiV2DLNAHav8EEMZ6XwEdNg=,Yi4oDmQaMVsKc8yGoR6Xix4CcJc=
32,1,HvtdCiV2DLNAHav8EEMZ6XwEdNg=,Yi4oDmQaMVsKc8yGoR6Xix4CcJc=
43,13,HvtdCiV2DLNAHav8EEMZ6XwEdNg=,Yi4oDmQaMVsKc8yGoR6Xix4CcJc=
44,13,HvtdCiV2DLNAHav8EEMZ6XwEdNg=,Yi4oDmQaMVsKc8yGoR6Xix4CcJc=
43,2,HvtdCiV2DLNAHav8EEMZ6XwEdNg=,Yi4oDmQaMVsKc8yGoR6Xix4CcJc=
35,14,HvtdCiV2DLNAHav8EEMZ6XwEdNg=,Yi4oDmQaMVsKc8yGoR6Xix4CcJc=
41,13,HvtdCiV2DLNAHav8EEMZ6XwEdNg=,Yi4oDmQaMVsKc8yGoR6Xix4CcJc=
42,13,HvtdCiV2DLNAHav8EEMZ6XwEdNg=,Yi4oDmQaMVsKc8yGoR6Xix4CcJc=
36,3,HvtdCiV2DLNAHav8EEMZ6XwEdNg=,Yi4oDmQaMVsKc8yGoR6Xix4CcJc=
40,13,HvtdCiV2DLNAHav8EEMZ6XwEdNg=,Yi4oDmQaMVsKc8yGoR6Xix4CcJc=
39,13,HvtdCiV2DLNAHav8EEMZ6XwEdNg=,Yi4oDmQaMVsKc8yGoR6Xix4CcJc=
38,13,HvtdCiV2DLNAHav8EEMZ6XwEdNg=,Yi4oDmQaMVsKc8yGoR6Xix4CcJc=
36,0,HvtdCiV2DLNAHav8EEMZ6XwEdNg=,Yi4oDmQaMVsKc8yGoR6Xix4CcJc=
45,12,HvtdCiV2DLNAHav8EEMZ6XwEdNg=,Yi4oDmQaMVsKc8yGoR6Xix4CcJc=
37,13,HvtdCiV2DLNAHav8EEMZ6XwEdNg=,Yi4oDmQaMVsKc8yGoR6Xix4CcJc=
36,13,HvtdCiV2DLNAHav8EEMZ6XwEdNg=,Yi4oDmQaMVsKc8yGoR6Xix4CcJc=
34,13,HvtdCiV2DLNAHav8EEMZ6XwEdNg=,Yi4oDmQaMVsKc8yGoR6Xix4CcJc=
33,0,HvtdCiV2DLNAHav8EEMZ6XwEdNg=,Yi4oDmQaMVsKc8yGoR6Xix4CcJc=
46,12,HvtdCiV2DLNAHav8EEMZ6XwEdNg=,Yi4oDmQaMVsKc8yGoR6Xix4CcJc=
47,12,HvtdCiV2DLNAHav8EEMZ6XwEdNg=,Yi4oDmQaMVsKc8yGoR6Xix4CcJc=
35,13,HvtdCiV2DLNAHav8EEMZ6XwEdNg=,Yi4oDmQaMVsKc8yGoR6Xix4CcJc=
32,13,HvtdCiV2DLNAHav8EEMZ6XwEdNg=,Yi4oDmQaMVsKc8yGoR6Xix4CcJc=
46,0,HvtdCiV2DLNAHav8EEMZ6XwEdNg=,Yi4oDmQaMVsKc8yGoR6Xix4CcJc=
33,13,HvtdCiV2DLNAHav8EEMZ6XwEdNg=,Yi4oDmQaMVsKc8yGoR6Xix4CcJc=
38,3,HvtdCiV2DLNAHav8EEMZ6XwEdNg=,Yi4oDmQaMVsKc8yGoR6Xix4CcJc=
42,2,HvtdCiV2DLNAHav8EEMZ6XwEdNg=,Yi4oDmQaMVsKc8yGoR6Xix4CcJc=
44,12,HvtdCiV2DLNAHav8EEMZ6XwEdNg=,Yi4oDmQaMVsKc8yGoR6Xix4CcJc=
43,12,HvtdCiV2DLNAHav8EEMZ6XwEdNg=,Yi4oDmQaMVsKc8yGoR6Xix4CcJc=
42,12,HvtdCiV2DLNAHav8EEMZ6XwEdNg=,Yi4oDmQaMVsKc8yGoR6Xix4CcJc=
39,12,HvtdCiV2DLNAHav8EEMZ6XwEdNg=,Yi4oDmQaMVsKc8yGoR6Xix4CcJc=
39,3,HvtdCiV2DLNAHav8EEMZ6XwEdNg=,Yi4oDmQaMVsKc8yGoR6Xix4CcJc=
41,12,HvtdCiV2DLNAHav8EEMZ6XwEdNg=,Yi4oDmQaMVsKc8yGoR6Xix4CcJc=
32,12,HvtdCiV2DLNAHav8EEMZ6XwEdNg=,Yi4oDmQaMVsKc8yGoR6Xix4CcJc=
36,12,HvtdCiV2DLNAHav8EEMZ6XwEdNg=,Yi4oDmQaMVsKc8yGoR6Xix4CcJc=
37,3,HvtdCiV2DLNAHav8EEMZ6XwEdNg=,Yi4oDmQaMVsKc8yGoR6Xix4CcJc=
40,3,HvtdCiV2DLNAHav8EEMZ6XwEdNg=,Yi4oDmQaMVsKc8yGoR6Xix4CcJc=
40,12,HvtdCiV2DLNAHav8EEMZ6XwEdNg=,Yi4oDmQaMVsKc8yGoR6Xix4CcJc=
33,12,HvtdCiV2DLNAHav8EEMZ6XwEdNg=,Yi4oDmQaMVsKc8yGoR6Xix4CcJc=
47,11,HvtdCiV2DLNAHav8EEMZ6XwEdNg=,Yi4oDmQaMVsKc8yGoR6Xix4CcJc=
35,12,HvtdCiV2DLNAHav8EEMZ6XwEdNg=,Yi4oDmQaMVsKc8yGoR6Xix4CcJc=
38,12,HvtdCiV2DLNAHav8EEMZ6XwEdNg=,Yi4oDmQaMVsKc8yGoR6Xix4CcJc=
34,12,HvtdCiV2DLNAHav8EEMZ6XwEdNg=,Yi4oDmQaMVsKc8yGoR6Xix4CcJc=
46,11,HvtdCiV2DLNAHav8EEMZ6XwEdNg=,Yi4oDmQaMVsKc8yGoR6Xix4CcJc=
45,0,HvtdCiV2DLNAHav8EEMZ6XwEdNg=,Yi4oDmQaMVsKc8yGoR6Xix4CcJc=
44,11,HvtdCiV2DLNAHav8EEMZ6XwEdNg=,Yi4oDmQaMVsKc8yGoR6Xix4CcJc=
43,11,HvtdCiV2DLNAHav8EEMZ6XwEdNg=,Yi4oDmQaMVsKc8yGoR6Xix4CcJc=
45,11,HvtdCiV2DLNAHav8EEMZ6XwEdNg=,Yi4oDmQaMVsKc8yGoR6Xix4CcJc=
37,12,HvtdCiV2DLNAHav8EEMZ6XwEdNg=,Yi4oDmQaMVsKc8yGoR6Xix4CcJc=
41,11,HvtdCiV2DLNAHav8EEMZ6XwEdNg=,Yi4oDmQaMVsKc8yGoR6Xix4CcJc=
41,3,HvtdCiV2DLNAHav8EEMZ6XwEdNg=,Yi4oDmQaMVsKc8yGoR6Xix4CcJc=
40,11,HvtdCiV2DLNAHav8EEMZ6XwEdNg=,Yi4oDmQaMVsKc8yGoR6Xix4CcJc=
41,2,HvtdCiV2DLNAHav8EEMZ6XwEdNg=,Yi4oDmQaMVsKc8yGoR6Xix4CcJc=
38,11,HvtdCiV2DLNAHav8EEMZ6XwEdNg=,Yi4oDmQaMVsKc8yGoR6Xix4CcJc=
39,11,HvtdCiV2DLNAHav8EEMZ6XwEdNg=,Yi4oDmQaMVsKc8yGoR6Xix4CcJc=
42,11,HvtdCiV2DLNAHav8EEMZ6XwEdNg=,Yi4oDmQaMVsKc8yGoR6Xix4CcJc=
42,3,HvtdCiV2DLNAHav8EEMZ6XwEdNg=,Yi4oDmQaMVsKc8yGoR6Xix4CcJc=
47,10,HvtdCiV2DLNAHav8EEMZ6XwEdNg=,Yi4oDmQaMVsKc8yGoR6Xix4CcJc=
36,11,HvtdCiV2DLNAHav8EEMZ6XwEdNg=,Yi4oDmQaMVsKc8yGoR6Xix4CcJc=
32,11,HvtdCiV2DLNAHav8EEMZ6XwEdNg=,Yi4oDmQaMVsKc8yGoR6Xix4CcJc=
46,10,HvtdCiV2DLNAHav8EEMZ6XwEdNg=,Yi4oDmQaMVsKc8yGoR6Xix4CcJc=
43,3,HvtdCiV2DLNAHav8EEMZ6XwEdNg=,Yi4oDmQaMVsKc8yGoR6Xix4CcJc=
45,10,HvtdCiV2DLNAHav8EEMZ6XwEdNg=,Yi4oDmQaMVsKc8yGoR6Xix4CcJc=
33,11,HvtdCiV2DLNAHav8EEMZ6XwEdNg=,Yi4oDmQaMVsKc8yGoR6Xix4CcJc=
37,11,HvtdCiV2DLNAHav8EEMZ6XwEdNg=,Yi4oDmQaMVsKc8yGoR6Xix4CcJc=
44,10,HvtdCiV2DLNAHav8EEMZ6XwEdNg=,Yi4oDmQaMVsKc8yGoR6Xix4CcJc=
35,11,HvtdCiV2DLNAHav8EEMZ6XwEdNg=,Yi4oDmQaMVsKc8yGoR6Xix4CcJc=
44,0,HvtdCiV2DLNAHav8EEMZ6XwEdNg=,Yi4oDmQaMVsKc8yGoR6Xix4CcJc=
34,11,HvtdCiV2DLNAHav8EEMZ6XwEdNg=,Yi4oDmQaMVsKc8yGoR6Xix4CcJc=
43,10,HvtdCiV2DLNAHav8EEMZ6XwEdNg=,Yi4oDmQaMVsKc8yGoR6Xix4CcJc=
44,3,HvtdCiV2DLNAHav8EEMZ6XwEdNg=,Yi4oDmQaMVsKc8yGoR6Xix4CcJc=
41,10,HvtdCiV2DLNAHav8EEMZ6XwEdNg=,Yi4oDmQaMVsKc8yGoR6Xix4CcJc=
40,10,HvtdCiV2DLNAHav8EEMZ6XwEdNg=,Yi4oDmQaMVsKc8yGoR6Xix4CcJc=
40,2,HvtdCiV2DLNAHav8EEMZ6XwEdNg=,Yi4oDmQaMVsKc8yGoR6Xix4CcJc=
42,10,HvtdCiV2DLNAHav8EEMZ6XwEdNg=,Yi4oDmQaMVsKc8yGoR6Xix4CcJc=
36,10,HvtdCiV2DLNAHav8EEMZ6XwEdNg=,Yi4oDmQaMVsKc8yGoR6Xix4CcJc=
39,10,HvtdCiV2DLNAHav8EEMZ6XwEdNg=,Yi4oDmQaMVsKc8yGoR6Xix4CcJc=
45,3,HvtdCiV2DLNAHav8EEMZ6XwEdNg=,Yi4oDmQaMVsKc8yGoR6Xix4CcJc=
46,9,HvtdCiV2DLNAHav8EEMZ6XwEdNg=,Yi4oDmQaMVsKc8yGoR6Xix4CcJc=
38,10,HvtdCiV2DLNAHav8EEMZ6XwEdNg=,Yi4oDmQaMVsKc8yGoR6Xix4CcJc=
37,10,HvtdCiV2DLNAHav8EEMZ6XwEdNg=,Yi4oDmQaMVsKc8yGoR6Xix4CcJc=
46,3,HvtdCiV2DLNAHav8EEMZ6XwEdNg=,Yi4oDmQaMVsKc8yGoR6Xix4CcJc=
32,10,HvtdCiV2DLNAHav8EEMZ6XwEdNg=,Yi4oDmQaMVsKc8yGoR6Xix4CcJc=
43,9,HvtdCiV2DLNAHav8EEMZ6XwEdNg=,Yi4oDmQaMVsKc8yGoR6Xix4CcJc=
47,9,HvtdCiV2DLNAHav8EEMZ6XwEdNg=,Yi4oDmQaMVsKc8yGoR6Xix4CcJc=
35,10,HvtdCiV2DLNAHav8EEMZ6XwEdNg=,Yi4oDmQaMVsKc8yGoR6Xix4CcJc=
45,9,HvtdCiV2DLNAHav8EEMZ6XwEdNg=,Yi4oDmQaMVsKc8yGoR6Xix4CcJc=
34,10,HvtdCiV2DLNAHav8EEMZ6XwEdNg=,Yi4oDmQaMVsKc8yGoR6Xix4CcJc=
33,10,HvtdCiV2DLNAHav8EEMZ6XwEdNg=,Yi4oDmQaMVsKc8yGoR6Xix4CcJc=
44,9,HvtdCiV2DLNAHav8EEMZ6XwEdNg=,Yi4oDmQaMVsKc8yGoR6Xix4CcJc=
42,9,HvtdCiV2DLNAHav8EEMZ6XwEdNg=,Yi4oDmQaMVsKc8yGoR6Xix4CcJc=
38,9,HvtdCiV2DLNAHav8EEMZ6XwEdNg=,Yi4oDmQaMVsKc8yGoR6Xix4CcJc=
41,9,HvtdCiV2DLNAHav8EEMZ6XwEdNg=,Yi4oDmQaMVsKc8yGoR6Xix4CcJc=
36,9,HvtdCiV2DLNAHav8EEMZ6XwEdNg=,Yi4oDmQaMVsKc8yGoR6Xix4CcJc=
39,9,HvtdCiV2DLNAHav8EEMZ6XwEdNg=,Yi4oDmQaMVsKc8yGoR6Xix4CcJc=
33,2,HvtdCiV2DLNAHav8EEMZ6XwEdNg=,Yi4oDmQaMVsKc8yGoR6Xix4CcJc=
47,3,HvtdCiV2DLNAHav8EEMZ6XwEdNg=,Yi4oDmQaMVsKc8yGoR6Xix4CcJc=
40,9,HvtdCiV2DLNAHav8EEMZ6XwEdNg=,Yi4oDmQaMVsKc8yGoR6Xix4CcJc=
46,8,HvtdCiV2DLNAHav8EEMZ6XwEdNg=,Yi4oDmQaMVsKc8yGoR6Xix4CcJc=
37,9,HvtdCiV2DLNAHav8EEMZ6XwEdNg=,Yi4oDmQaMVsKc8yGoR6Xix4CcJc=
32,4,HvtdCiV2DLNAHav8EEMZ6XwEdNg=,Yi4oDmQaMVsKc8yGoR6Xix4CcJc=
45,8,HvtdCiV2DLNAHav8EEMZ6XwEdNg=,Yi4oDmQaMVsKc8yGoR6Xix4CcJc=
33,9,HvtdCiV2DLNAHav8EEMZ6XwEdNg=,Yi4oDmQaMVsKc8yGoR6Xix4CcJc=
44,8,HvtdCiV2DLNAHav8EEMZ6XwEdNg=,Yi4oDmQaMVsKc8yGoR6Xix4CcJc=
43,8,HvtdCiV2DLNAHav8EEMZ6XwEdNg=,Yi4oDmQaMVsKc8yGoR6Xix4CcJc=
40,8,HvtdCiV2DLNAHav8EEMZ6XwEdNg=,Yi4oDmQaMVsKc8yGoR6Xix4CcJc=
42,0,HvtdCiV2DLNAHav8EEMZ6XwEdNg=,Yi4oDmQaMVsKc8yGoR6Xix4CcJc=
32,0,HvtdCiV2DLNAHav8EEMZ6XwEdNg=,Yi4oDmQaMVsKc8yGoR6Xix4CcJc=
41,8,HvtdCiV2DLNAHav8EEMZ6XwEdNg=,Yi4oDmQaMVsKc8yGoR6Xix4CcJc=
39,2,HvtdCiV2DLNAHav8EEMZ6XwEdNg=,Yi4oDmQaMVsKc8yGoR6Xix4CcJc=
43,0,HvtdCiV2DLNAHav8EEMZ6XwEdNg=,Yi4oDmQaMVsKc8yGoR6Xix4CcJc=
35,9,HvtdCiV2DLNAHav8EEMZ6XwEdNg=,Yi4oDmQaMVsKc8yGoR6Xix4CcJc=
47,8,HvtdCiV2DLNAHav8EEMZ6XwEdNg=,Yi4oDmQaMVsKc8yGoR6Xix4CcJc=
34,9,HvtdCiV2DLNAHav8EEMZ6XwEdNg=,Yi4oDmQaMVsKc8yGoR6Xix4CcJc=
38,8,HvtdCiV2DLNAHav8EEMZ6XwEdNg=,Yi4oDmQaMVsKc8yGoR6Xix4CcJc=
32,9,HvtdCiV2DLNAHav8EEMZ6XwEdNg=,Yi4oDmQaMVsKc8yGoR6Xix4CcJc=
33,4,HvtdCiV2DLNAHav8EEMZ6XwEdNg=,Yi4oDmQaMVsKc8yGoR6Xix4CcJc=
38,2,HvtdCiV2DLNAHav8EEMZ6XwEdNg=,Yi4oDmQaMVsKc8yGoR6Xix4CcJc=
34,8,HvtdCiV2DLNAHav8EEMZ6XwEdNg=,Yi4oDmQaMVsKc8yGoR6Xix4CcJc=
34,4,HvtdCiV2DLNAHav8EEMZ6XwEdNg=,Yi4oDmQaMVsKc8yGoR6Xix4CcJc=
39,8,HvtdCiV2DLNAHav8EEMZ6XwEdNg=,Yi4oDmQaMVsKc8yGoR6Xix4CcJc=
46,7,HvtdCiV2DLNAHav8EEMZ6XwEdNg=,Yi4oDmQaMVsKc8yGoR6Xix4CcJc=
32,8,HvtdCiV2DLNAHav8EEMZ6XwEdNg=,Yi4oDmQaMVsKc8yGoR6Xix4CcJc=
45,7,HvtdCiV2DLNAHav8EEMZ6XwEdNg=,Yi4oDmQaMVsKc8yGoR6Xix4CcJc=
35,4,HvtdCiV2DLNAHav8EEMZ6XwEdNg=,Yi4oDmQaMVsKc8yGoR6Xix4CcJc=
37,8,HvtdCiV2DLNAHav8EEMZ6XwEdNg=,Yi4oDmQaMVsKc8yGoR6Xix4CcJc=
43,7,HvtdCiV2DLNAHav8EEMZ6XwEdNg=,Yi4oDmQaMVsKc8yGoR6Xix4CcJc=
36,8,HvtdCiV2DLNAHav8EEMZ6XwEdNg=,Yi4oDmQaMVsKc8yGoR6Xix4CcJc=
47,7,HvtdCiV2DLNAHav8EEMZ6XwEdNg=,Yi4oDmQaMVsKc8yGoR6Xix4CcJc=
34,2,HvtdCiV2DLNAHav8EEMZ6XwEdNg=,Yi4oDmQaMVsKc8yGoR6Xix4CcJc=
42,8,HvtdCiV2DLNAHav8EEMZ6XwEdNg=,Yi4oDmQaMVsKc8yGoR6Xix4CcJc=
41,7,HvtdCiV2DLNAHav8EEMZ6XwEdNg=,Yi4oDmQaMVsKc8yGoR6Xix4CcJc=
42,7,HvtdCiV2DLNAHav8EEMZ6XwEdNg=,Yi4oDmQaMVsKc8yGoR6Xix4CcJc=
36,4,HvtdCiV2DLNAHav8EEMZ6XwEdNg=,Yi4oDmQaMVsKc8yGoR6Xix4CcJc=
37,2,HvtdCiV2DLNAHav8EEMZ6XwEdNg=,Yi4oDmQaMVsKc8yGoR6Xix4CcJc=
39,7,HvtdCiV2DLNAHav8EEMZ6XwEdNg=,Yi4oDmQaMVsKc8yGoR6Xix4CcJc=
37,0,HvtdCiV2DLNAHav8EEMZ6XwEdNg=,Yi4oDmQaMVsKc8yGoR6Xix4CcJc=
33,8,HvtdCiV2DLNAHav8EEMZ6XwEdNg=,Yi4oDmQaMVsKc8yGoR6Xix4CcJc=
38,7,HvtdCiV2DLNAHav8EEMZ6XwEdNg=,Yi4oDmQaMVsKc8yGoR6Xix4CcJc=
37,7,HvtdCiV2DLNAHav8EEMZ6XwEdNg=,Yi4oDmQaMVsKc8yGoR6Xix4CcJc=
37,4,HvtdCiV2DLNAHav8EEMZ6XwEdNg=,Yi4oDmQaMVsKc8yGoR6Xix4CcJc=
34,7,HvtdCiV2DLNAHav8EEMZ6XwEdNg=,Yi4oDmQaMVsKc8yGoR6Xix4CcJc=
32,7,HvtdCiV2DLNAHav8EEMZ6XwEdNg=,Yi4oDmQaMVsKc8yGoR6Xix4CcJc=
38,4,HvtdCiV2DLNAHav8EEMZ6XwEdNg=,Yi4oDmQaMVsKc8yGoR6Xix4CcJc=
36,7,HvtdCiV2DLNAHav8EEMZ6XwEdNg=,Yi4oDmQaMVsKc8yGoR6Xix4CcJc=
47,6,HvtdCiV2DLNAHav8EEMZ6XwEdNg=,Yi4oDmQaMVsKc8yGoR6Xix4CcJc=
45,6,HvtdCiV2DLNAHav8EEMZ6XwEdNg=,Yi4oDmQaMVsKc8yGoR6Xix4CcJc=
35,8,HvtdCiV2DLNAHav8EEMZ6XwEdNg=,Yi4oDmQaMVsKc8yGoR6Xix4CcJc=
39,4,HvtdCiV2DLNAHav8EEMZ6XwEdNg=,Yi4oDmQaMVsKc8yGoR6Xix4CcJc=
46,6,HvtdCiV2DLNAHav8EEMZ6XwEdNg=,Yi4oDmQaMVsKc8yGoR6Xix4CcJc=
44,6,HvtdCiV2DLNAHav8EEMZ6XwEdNg=,Yi4oDmQaMVsKc8yGoR6Xix4CcJc=
33,7,HvtdCiV2DLNAHav8EEMZ6XwEdNg=,Yi4oDmQaMVsKc8yGoR6Xix4CcJc=
42,6,HvtdCiV2DLNAHav8EEMZ6XwEdNg=,Yi4oDmQaMVsKc8yGoR6Xix4CcJc=
44,7,HvtdCiV2DLNAHav8EEMZ6XwEdNg=,Yi4oDmQaMVsKc8yGoR6Xix4CcJc=
40,4,HvtdCiV2DLNAHav8EEMZ6XwEdNg=,Yi4oDmQaMVsKc8yGoR6Xix4CcJc=
41,0,HvtdCiV2DLNAHav8EEMZ6XwEdNg=,Yi4oDmQaMVsKc8yGoR6Xix4CcJc=
39,6,HvtdCiV2DLNAHav8EEMZ6XwEdNg=,Yi4oDmQaMVsKc8yGoR6Xix4CcJc=
41,4,HvtdCiV2DLNAHav8EEMZ6XwEdNg=,Yi4oDmQaMVsKc8yGoR6Xix4CcJc=
40,6,HvtdCiV2DLNAHav8EEMZ6XwEdNg=,Yi4oDmQaMVsKc8yGoR6Xix4CcJc=
40,7,HvtdCiV2DLNAHav8EEMZ6XwEdNg=,Yi4oDmQaMVsKc8yGoR6Xix4CcJc=
37,6,HvtdCiV2DLNAHav8EEMZ6XwEdNg=,Yi4oDmQaMVsKc8yGoR6Xix4CcJc=
36,2,HvtdCiV2DLNAHav8EEMZ6XwEdNg=,Yi4oDmQaMVsKc8yGoR6Xix4CcJc=
40,0,HvtdCiV2DLNAHav8EEMZ6XwEdNg=,Yi4oDmQaMVsKc8yGoR6Xix4CcJc=
42,4,HvtdCiV2DLNAHav8EEMZ6XwEdNg=,Yi4oDmQaMVsKc8yGoR6Xix4CcJc=
38,6,HvtdCiV2DLNAHav8EEMZ6XwEdNg=,Yi4oDmQaMVsKc8yGoR6Xix4CcJc=
34,6,HvtdCiV2DLNAHav8EEMZ6XwEdNg=,Yi4oDmQaMVsKc8yGoR6Xix4CcJc=
35,6,HvtdCiV2DLNAHav8EEMZ6XwEdNg=,Yi4oDmQaMVsKc8yGoR6Xix4CcJc=
43,6,HvtdCiV2DLNAHav8EEMZ6XwEdNg=,Yi4oDmQaMVsKc8yGoR6Xix4CcJc=
41,6,HvtdCiV2DLNAHav8EEMZ6XwEdNg=,Yi4oDmQaMVsKc8yGoR6Xix4CcJc=
47,5,HvtdCiV2DLNAHav8EEMZ6XwEdNg=,Yi4oDmQaMVsKc8yGoR6Xix4CcJc=
43,4,HvtdCiV2DLNAHav8EEMZ6XwEdNg=,Yi4oDmQaMVsKc8yGoR6Xix4CcJc=
35,7,HvtdCiV2DLNAHav8EEMZ6XwEdNg=,Yi4oDmQaMVsKc8yGoR6Xix4CcJc=
43,5,HvtdCiV2DLNAHav8EEMZ6XwEdNg=,Yi4oDmQaMVsKc8yGoR6Xix4CcJc=
42,5,HvtdCiV2DLNAHav8EEMZ6XwEdNg=,Yi4oDmQaMVsKc8yGoR6Xix4CcJc=
32,6,HvtdCiV2DLNAHav8EEMZ6XwEdNg=,Yi4oDmQaMVsKc8yGoR6Xix4CcJc=
44,4,HvtdCiV2DLNAHav8EEMZ6XwEdNg=,Yi4oDmQaMVsKc8yGoR6Xix4CcJc=
40,5,HvtdCiV2DLNAHav8EEMZ6XwEdNg=,Yi4oDmQaMVsKc8yGoR6Xix4CcJc=
36,6,HvtdCiV2DLNAHav8EEMZ6XwEdNg=,Yi4oDmQaMVsKc8yGoR6Xix4CcJc=
39,5,HvtdCiV2DLNAHav8EEMZ6XwEdNg=,Yi4oDmQaMVsKc8yGoR6Xix4CcJc=
37,5,HvtdCiV2DLNAHav8EEMZ6XwEdNg=,Yi4oDmQaMVsKc8yGoR6Xix4CcJc=
39,0,HvtdCiV2DLNAHav8EEMZ6XwEdNg=,Yi4oDmQaMVsKc8yGoR6Xix4CcJc=
45,4,HvtdCiV2DLNAHav8EEMZ6XwEdNg=,Yi4oDmQaMVsKc8yGoR6Xix4CcJc=
45,5,HvtdCiV2DLNAHav8EEMZ6XwEdNg=,Yi4oDmQaMVsKc8yGoR6Xix4CcJc=
38,5,HvtdCiV2DLNAHav8EEMZ6XwEdNg=,Yi4oDmQaMVsKc8yGoR6Xix4CcJc=
35,5,HvtdCiV2DLNAHav8EEMZ6XwEdNg=,Yi4oDmQaMVsKc8yGoR6Xix4CcJc=
36,5,HvtdCiV2DLNAHav8EEMZ6XwEdNg=,Yi4oDmQaMVsKc8yGoR6Xix4CcJc=
35,2,HvtdCiV2DLNAHav8EEMZ6XwEdNg=,Yi4oDmQaMVsKc8yGoR6Xix4CcJc=
46,4,HvtdCiV2DLNAHav8EEMZ6XwEdNg=,Yi4oDmQaMVsKc8yGoR6Xix4CcJc=
38,0,HvtdCiV2DLNAHav8EEMZ6XwEdNg=,Yi4oDmQaMVsKc8yGoR6Xix4CcJc=
33,5,HvtdCiV2DLNAHav8EEMZ6XwEdNg=,Yi4oDmQaMVsKc8yGoR6Xix4CcJc=
33,6,HvtdCiV2DLNAHav8EEMZ6XwEdNg=,Yi4oDmQaMVsKc8yGoR6Xix4CcJc=
41,5,HvtdCiV2DLNAHav8EEMZ6XwEdNg=,Yi4oDmQaMVsKc8yGoR6Xix4CcJc=
44,5,HvtdCiV2DLNAHav8EEMZ6XwEdNg=,Yi4oDmQaMVsKc8yGoR6Xix4CcJc=
46,5,HvtdCiV2DLNAHav8EEMZ6XwEdNg=,Yi4oDmQaMVsKc8yGoR6Xix4CcJc=
47,4,HvtdCiV2DLNAHav8EEMZ6XwEdNg=,Yi4oDmQaMVsKc8yGoR6Xix4CcJc=
32,5,HvtdCiV2DLNAHav8EEMZ6XwEdNg=,Yi4oDmQaMVsKc8yGoR6Xix4CcJc=
34,5,HvtdCiV2DLNAHav8EEMZ6XwEdNg=,Yi4oDmQaMVsKc8yGoR6Xix4CcJc=
45,18,bUBPLJUOvMOK/rsZQm6danfnq50=,44iQvTP4EN00yCRS3Egvpv4nePU=
46,18,bUBPLJUOvMOK/rsZQm6danfnq50=,44iQvTP4EN00yCRS3Egvpv4nePU=
47,18,bUBPLJUOvMOK/rsZQm6danfnq50=,44iQvTP4EN00yCRS3Egvpv4nePU=
43,31,bUBPLJUOvMOK/rsZQm6danfnq50=,44iQvTP4EN00yCRS3Egvpv4nePU=
41,31,bUBPLJUOvMOK/rsZQm6danfnq50=,44iQvTP4EN00yCRS3Egvpv4nePU=
42,31,bUBPLJUOvMOK/rsZQm6danfnq50=,44iQvTP4EN00yCRS3Egvpv4nePU=
35,16,bUBPLJUOvMOK/rsZQm6danfnq50=,44iQvTP4EN00yCRS3Egvpv4nePU=
47,31,bUBPLJUOvMOK/rsZQm6danfnq50=,44iQvTP4EN00yCRS3Egvpv4nePU=
32,19,bUBPLJUOvMOK/rsZQm6danfnq50=,44iQvTP4EN00yCRS3Egvpv4nePU=
45,31,bUBPLJUOvMOK/rsZQm6danfnq50=,44iQvTP4EN00yCRS3Egvpv4nePU=
40,31,bUBPLJUOvMOK/rsZQm6danfnq50=,44iQvTP4EN00yCRS3Egvpv4nePU=
36,31,bUBPLJUOvMOK/rsZQm6danfnq50=,44iQvTP4EN00yCRS3Egvpv4nePU=
33,19,bUBPLJUOvMOK/rsZQm6danfnq50=,44iQvTP4EN00yCRS3Egvpv4nePU=
38,31,bUBPLJUOvMOK/rsZQm6danfnq50=,44iQvTP4EN00yCRS3Egvpv4nePU=
46,17,bUBPLJUOvMOK/rsZQm6danfnq50=,44iQvTP4EN00yCRS3Egvpv4nePU=
33,17,bUBPLJUOvMOK/rsZQm6danfnq50=,44iQvTP4EN00yCRS3Egvpv4nePU=
45,17,bUBPLJUOvMOK/rsZQm6danfnq50=,44iQvTP4EN00yCRS3Egvpv4nePU=
33,31,bUBPLJUOvMOK/rsZQm6danfnq50=,44iQvTP4EN00yCRS3Egvpv4nePU=
44,17,bUBPLJUOvMOK/rsZQm6danfnq50=,44iQvTP4EN00yCRS3Egvpv4nePU=
47,17,bUBPLJUOvMOK/rsZQm6danfnq50=,44iQvTP4EN00yCRS3Egvpv4nePU=
35,31,bUBPLJUOvMOK/rsZQm6danfnq50=,44iQvTP4EN00yCRS3Egvpv4nePU=
42,17,bUBPLJUOvMOK/rsZQm6danfnq50=,44iQvTP4EN00yCRS3Egvpv4nePU=
36,17,bUBPLJUOvMOK/rsZQm6danfnq50=,44iQvTP4EN00yCRS3Egvpv4nePU=
39,31,bUBPLJUOvMOK/rsZQm6danfnq50=,44iQvTP4EN00yCRS3Egvpv4nePU=
39,17,bUBPLJUOvMOK/rsZQm6danfnq50=,44iQvTP4EN00yCRS3Egvpv4nePU=
40,17,bUBPLJUOvMOK/rsZQm6danfnq50=,44iQvTP4EN00yCRS3Egvpv4nePU=
34,17,bUBPLJUOvMOK/rsZQm6danfnq50=,44iQvTP4EN00yCRS3Egvpv4nePU=
35,17,bUBPLJUOvMOK/rsZQm6danfnq50=,44iQvTP4EN00yCRS3Egvpv4nePU=
37,17,bUBPLJUOvMOK/rsZQm6danfnq50=,44iQvTP4EN00yCRS3Egvpv4nePU=
41,17,bUBPLJUOvMOK/rsZQm6danfnq50=,44iQvTP4EN00yCRS3Egvpv4nePU=
38,17,bUBPLJUOvMOK/rsZQm6danfnq50=,44iQvTP4EN00yCRS3Egvpv4nePU=
32,31,bUBPLJUOvMOK/rsZQm6danfnq50=,44iQvTP4EN00yCRS3Egvpv4nePU=
46,30,bUBPLJUOvMOK/rsZQm6danfnq50=,44iQvTP4EN00yCRS3Egvpv4nePU=
47,30,bUBPLJUOvMOK/rsZQm6danfnq50=,44iQvTP4EN00yCRS3Egvpv4nePU=
42,30,bUBPLJUOvMOK/rsZQm6danfnq50=,44iQvTP4EN00yCRS3Egvpv4nePU=
34,19,bUBPLJUOvMOK/rsZQm6danfnq50=,44iQvTP4EN00yCRS3Egvpv4nePU=
34,16,bUBPLJUOvMOK/rsZQm6danfnq50=,44iQvTP4EN00yCRS3Egvpv4nePU=
40,30,bUBPLJUOvMOK/rsZQm6danfnq50=,44iQvTP4EN00yCRS3Egvpv4nePU=
45,30,bUBPLJUOvMOK/rsZQm6danfnq50=,44iQvTP4EN00yCRS3Egvpv4nePU=
44,30,bUBPLJUOvMOK/rsZQm6danfnq50=,44iQvTP4EN00yCRS3Egvpv4nePU=
44,31,bUBPLJUOvMOK/rsZQm6danfnq50=,44iQvTP4EN00yCRS3Egvpv4nePU=
37,31,bUBPLJUOvMOK/rsZQm6danfnq50=,44iQvTP4EN00yCRS3Egvpv4nePU=
34,31,bUBPLJUOvMOK/rsZQm6danfnq50=,44iQvTP4EN00yCRS3Egvpv4nePU=
46,31,bUBPLJUOvMOK/rsZQm6danfnq50=,44iQvTP4EN00yCRS3Egvpv4nePU=
43,17,bUBPLJUOvMOK/rsZQm6danfnq50=,44iQvTP4EN00yCRS3Egvpv4nePU=
41,30,bUBPLJUOvMOK/rsZQm6danfnq50=,44iQvTP4EN00yCRS3Egvpv4nePU=
33,30,bUBPLJUOvMOK/rsZQm6danfnq50=,44iQvTP4EN00yCRS3Egvpv4nePU=
34,30,bUBPLJUOvMOK/rsZQm6danfnq50=,44iQvTP4EN00yCRS3Egvpv4nePU=
38,30,bUBPLJUOvMOK/rsZQm6danfnq50=,44iQvTP4EN00yCRS3Egvpv4nePU=
32,17,bUBPLJUOvMOK/rsZQm6danfnq50=,44iQvTP4EN00yCRS3Egvpv4nePU=
32,30,bUBPLJUOvMOK/rsZQm6danfnq50=,44iQvTP4EN00yCRS3Egvpv4nePU=
32,18,bUBPLJUOvMOK/rsZQm6danfnq50=,44iQvTP4EN00yCRS3Egvpv4nePU=
36,30,bUBPLJUOvMOK/rsZQm6danfnq50=,44iQvTP4EN00yCRS3Egvpv4nePU=
47,29,bUBPLJUOvMOK/rsZQm6danfnq50=,44iQvTP4EN00yCRS3Egvpv4nePU=
42,29,bUBPLJUOvMOK/rsZQm6danfnq50=,44iQvTP4EN00yCRS3Egvpv4nePU=
37,30,bUBPLJUOvMOK/rsZQm6danfnq50=,44iQvTP4EN00yCRS3Egvpv4nePU=
43,18,bUBPLJUOvMOK/rsZQm6danfnq50=,44iQvTP4EN00yCRS3Egvpv4nePU=
47,16,bUBPLJUOvMOK/rsZQm6danfnq50=,44iQvTP4EN00yCRS3Egvpv4nePU=
40,29,bUBPLJUOvMOK/rsZQm6danfnq50=,44iQvTP4EN00yCRS3Egvpv4nePU=
44,29,bUBPLJUOvMOK/rsZQm6danfnq50=,44iQvTP4EN00yCRS3Egvpv4nePU=
39,29,bUBPLJUOvMOK/rsZQm6danfnq50=,44iQvTP4EN00yCRS3Egvpv4nePU=
45,29,bUBPLJUOvMOK/rsZQm6danfnq50=,44iQvTP4EN00yCRS3Egvpv4nePU=
38,29,bUBPLJUOvMOK/rsZQm6danfnq50=,44iQvTP4EN00yCRS3Egvpv4nePU=
41,29,bUBPLJUOvMOK/rsZQm6danfnq50=,44iQvTP4EN00yCRS3Egvpv4nePU=
36,29,bUBPLJUOvMOK/rsZQm6danfnq50=,44iQvTP4EN00yCRS3Egvpv4nePU=
34,29,bUBPLJUOvMOK/rsZQm6danfnq50=,44iQvTP4EN00yCRS3Egvpv4nePU=
44,18,bUBPLJUOvMOK/rsZQm6danfnq50=,44iQvTP4EN00yCRS3Egvpv4nePU=
43,30,bUBPLJUOvMOK/rsZQm6danfnq50=,44iQvTP4EN00yCRS3Egvpv4nePU=
35,19,bUBPLJUOvMOK/rsZQm6danfnq50=,44iQvTP4EN00yCRS3Egvpv4nePU=
33,29,bUBPLJUOvMOK/rsZQm6danfnq50=,44iQvTP4EN00yCRS3Egvpv4nePU=
46,28,bUBPLJUOvMOK/rsZQm6danfnq50=,44iQvTP4EN00yCRS3Egvpv4nePU=
47,28,bUBPLJUOvMOK/rsZQm6danfnq50=,44iQvTP4EN00yCRS3Egvpv4nePU=
33,16,bUBPLJUOvMOK/rsZQm6danfnq50=,44iQvTP4EN00yCRS3Egvpv4nePU=
46,16,bUBPLJUOvMOK/rsZQm6danfnq50=,44iQvTP4EN00yCRS3Egvpv4nePU=
39,30,bUBPLJUOvMOK/rsZQm6danfnq50=,44iQvTP4EN00yCRS3Egvpv4nePU=
46,29,bUBPLJUOvMOK/rsZQm6danfnq50=,44iQvTP4EN00yCRS3Egvpv4nePU=
35,29,bUBPLJUOvMOK/rsZQm6danfnq50=,44iQvTP4EN00yCRS3Egvpv4nePU=
32,29,bUBPLJUOvMOK/rsZQm6danfnq50=,44iQvTP4EN00yCRS3Egvpv4nePU=
37,29,bUBPLJUOvMOK/rsZQm6danfnq50=,44iQvTP4EN00yCRS3Egvpv4nePU=
42,28,bUBPLJUOvMOK/rsZQm6danfnq50=,44iQvTP4EN00yCRS3Egvpv4nePU=
36,16,bUBPLJUOvMOK/rsZQm6danfnq50=,44iQvTP4EN00yCRS3Egvpv4nePU=
40,28,bUBPLJUOvMOK/rsZQm6danfnq50=,44iQvTP4EN00yCRS3Egvpv4nePU=
39,28,bUBPLJUOvMOK/rsZQm6danfnq50=,44iQvTP4EN00yCRS3Egvpv4nePU=
44,28,bUBPLJUOvMOK/rsZQm6danfnq50=,44iQvTP4EN00yCRS3Egvpv4nePU=
38,28,bUBPLJUOvMOK/rsZQm6danfnq50=,44iQvTP4EN00yCRS3Egvpv4nePU=
41,28,bUBPLJUOvMOK/rsZQm6danfnq50=,44iQvTP4EN00yCRS3Egvpv4nePU=
35,30,bUBPLJUOvMOK/rsZQm6danfnq50=,44iQvTP4EN00yCRS3Egvpv4nePU=
45,28,bUBPLJUOvMOK/rsZQm6danfnq50=,44iQvTP4EN00yCRS3Egvpv4nePU=
35,28,bUBPLJUOvMOK/rsZQm6danfnq50=,44iQvTP4EN00yCRS3Egvpv4nePU=
47,27,bUBPLJUOvMOK/rsZQm6danfnq50=,44iQvTP4EN00yCRS3Egvpv4nePU=
34,28,bUBPLJUOvMOK/rsZQm6danfnq50=,44iQvTP4EN00yCRS3Egvpv4nePU=
37,28,bUBPLJUOvMOK/rsZQm6danfnq50=,44iQvTP4EN00yCRS3Egvpv4nePU=
43,29,bUBPLJUOvMOK/rsZQm6danfnq50=,44iQvTP4EN00yCRS3Egvpv4nePU=
36,19,bUBPLJUOvMOK/rsZQm6danfnq50=,44iQvTP4EN00yCRS3Egvpv4nePU=
43,27,bUBPLJUOvMOK/rsZQm6danfnq50=,44iQvTP4EN00yCRS3Egvpv4nePU=
44,27,bUBPLJUOvMOK/rsZQm6danfnq50=,44iQvTP4EN00yCRS3Egvpv4nePU=
40,27,bUBPLJUOvMOK/rsZQm6danfnq50=,44iQvTP4EN00yCRS3Egvpv4nePU=
42,27,bUBPLJUOvMOK/rsZQm6danfnq50=,44iQvTP4EN00yCRS3Egvpv4nePU=
42,18,bUBPLJUOvMOK/rsZQm6danfnq50=,44iQvTP4EN00yCRS3Egvpv4nePU=
39,27,bUBPLJUOvMOK/rsZQm6danfnq50=,44iQvTP4EN00yCRS3Egvpv4nePU=
36,28,bUBPLJUOvMOK/rsZQm6danfnq50=,44iQvTP4EN00yCRS3Egvpv4nePU=
32,28,bUBPLJUOvMOK/rsZQm6danfnq50=,44iQvTP4EN00yCRS3Egvpv4nePU=
36,27,bUBPLJUOvMOK/rsZQm6danfnq50=,44iQvTP4EN00yCRS3Egvpv4nePU=
37,27,bUBPLJUOvMOK/rsZQm6danfnq50=,44iQvTP4EN00yCRS3Egvpv4nePU=
46,27,bUBPLJUOvMOK/rsZQm6danfnq50=,44iQvTP4EN00yCRS3Egvpv4nePU=
33,27,bUBPLJUOvMOK/rsZQm6danfnq50=,44iQvTP4EN00yCRS3Egvpv4nePU=
34,27,bUBPLJUOvMOK/rsZQm6danfnq50=,44iQvTP4EN00yCRS3Egvpv4nePU=
43,28,bUBPLJUOvMOK/rsZQm6danfnq50=,44iQvTP4EN00yCRS3Egvpv4nePU=
41,18,bUBPLJUOvMOK/rsZQm6danfnq50=,44iQvTP4EN00yCRS3Egvpv4nePU=
38,27,bUBPLJUOvMOK/rsZQm6danfnq50=,44iQvTP4EN00yCRS3Egvpv4nePU=
45,27,bUBPLJUOvMOK/rsZQm6danfnq50=,44iQvTP4EN00yCRS3Egvpv4nePU=
35,27,bUBPLJUOvMOK/rsZQm6danfnq50=,44iQvTP4EN00yCRS3Egvpv4nePU=
45,16,bUBPLJUOvMOK/rsZQm6danfnq50=,44iQvTP4EN00yCRS3Egvpv4nePU=
33,28,bUBPLJUOvMOK/rsZQm6danfnq50=,44iQvTP4EN00yCRS3Egvpv4nePU=
37,19,bUBPLJUOvMOK/rsZQm6danfnq50=,44iQvTP4EN00yCRS3Egvpv4nePU=
41,27,bUBPLJUOvMOK/rsZQm6danfnq50=,44iQvTP4EN00yCRS3Egvpv4nePU=
42,26,bUBPLJUOvMOK/rsZQm6danfnq50=,44iQvTP4EN00yCRS3Egvpv4nePU=
43,26,bUBPLJUOvMOK/rsZQm6danfnq50=,44iQvTP4EN00yCRS3Egvpv4nePU=
47,26,bUBPLJUOvMOK/rsZQm6danfnq50=,44iQvTP4EN00yCRS3Egvpv4nePU=
36,26,bUBPLJUOvMOK/rsZQm6danfnq50=,44iQvTP4EN00yCRS3Egvpv4nePU=
38,19,bUBPLJUOvMOK/rsZQm6danfnq50=,44iQvTP4EN00yCRS3Egvpv4nePU=
46,26,bUBPLJUOvMOK/rsZQm6danfnq50=,44iQvTP4EN00yCRS3Egvpv4nePU=
45,26,bUBPLJUOvMOK/rsZQm6danfnq50=,44iQvTP4EN00yCRS3Egvpv4nePU=
39,19,bUBPLJUOvMOK/rsZQm6danfnq50=,44iQvTP4EN00yCRS3Egvpv4nePU=
34,26,bUBPLJUOvMOK/rsZQm6danfnq50=,44iQvTP4EN00yCRS3Egvpv4nePU=
37,26,bUBPLJUOvMOK/rsZQm6danfnq50=,44iQvTP4EN00yCRS3Egvpv4nePU=
38,26,bUBPLJUOvMOK/rsZQm6danfnq50=,44iQvTP4EN00yCRS3Egvpv4nePU=
33,26,bUBPLJUOvMOK/rsZQm6danfnq50=,44iQvTP4EN00yCRS3Egvpv4nePU=
32,26,bUBPLJUOvMOK/rsZQm6danfnq50=,44iQvTP4EN00yCRS3Egvpv4nePU=
35,26,bUBPLJUOvMOK/rsZQm6danfnq50=,44iQvTP4EN00yCRS3Egvpv4nePU=
47,25,bUBPLJUOvMOK/rsZQm6danfnq50=,44iQvTP4EN00yCRS3Egvpv4nePU=
44,25,bUBPLJUOvMOK/rsZQm6danfnq50=,44iQvTP4EN00yCRS3Egvpv4nePU=
40,19,bUBPLJUOvMOK/rsZQm6danfnq50=,44iQvTP4EN00yCRS3Egvpv4nePU=
42,25,bUBPLJUOvMOK/rsZQm6danfnq50=,44iQvTP4EN00yCRS3Egvpv4nePU=
46,25,bUBPLJUOvMOK/rsZQm6danfnq50=,44iQvTP4EN00yCRS3Egvpv4nePU=
40,18,bUBPLJUOvMOK/rsZQm6danfnq50=,44iQvTP4EN00yCRS3Egvpv4nePU=
43,16,bUBPLJUOvMOK/rsZQm6danfnq50=,44iQvTP4EN00yCRS3Egvpv4nePU=
41,26,bUBPLJUOvMOK/rsZQm6danfnq50=,44iQvTP4EN00yCRS3Egvpv4nePU=
41,19,bUBPLJUOvMOK/rsZQm6danfnq50=,44iQvTP4EN00yCRS3Egvpv4nePU=
39,26,bUBPLJUOvMOK/rsZQm6danfnq50=,44iQvTP4EN00yCRS3Egvpv4nePU=
36,25,bUBPLJUOvMOK/rsZQm6danfnq50=,44iQvTP4EN00yCRS3Egvpv4nePU=
37,25,bUBPLJUOvMOK/rsZQm6danfnq50=,44iQvTP4EN00yCRS3Egvpv4nePU=
39,25,bUBPLJUOvMOK/rsZQm6danfnq50=,44iQvTP4EN00yCRS3Egvpv4nePU=
44,26,bUBPLJUOvMOK/rsZQm6danfnq50=,44iQvTP4EN00yCRS3Egvpv4nePU=
42,19,bUBPLJUOvMOK/rsZQm6danfnq50=,44iQvTP4EN00yCRS3Egvpv4nePU=
40,25,bUBPLJUOvMOK/rsZQm6danfnq50=,44iQvTP4EN00yCRS3Egvpv4nePU=
41,25,bUBPLJUOvMOK/rsZQm6danfnq50=,44iQvTP4EN00yCRS3Egvpv4nePU=
34,25,bUBPLJUOvMOK/rsZQm6danfnq50=,44iQvTP4EN00yCRS3Egvpv4nePU=
45,25,bUBPLJUOvMOK/rsZQm6danfnq50=,44iQvTP4EN00yCRS3Egvpv4nePU=
33,25,bUBPLJUOvMOK/rsZQm6danfnq50=,44iQvTP4EN00yCRS3Egvpv4nePU=
35,25,bUBPLJUOvMOK/rsZQm6danfnq50=,44iQvTP4EN00yCRS3Egvpv4nePU=
47,24,bUBPLJUOvMOK/rsZQm6danfnq50=,44iQvTP4EN00yCRS3Egvpv4nePU=
40,26,bUBPLJUOvMOK/rsZQm6danfnq50=,44iQvTP4EN00yCRS3Egvpv4nePU=
44,16,bUBPLJUOvMOK/rsZQm6danfnq50=,44iQvTP4EN00yCRS3Egvpv4nePU=
32,27,bUBPLJUOvMOK/rsZQm6danfnq50=,44iQvTP4EN00yCRS3Egvpv4nePU=
43,25,bUBPLJUOvMOK/rsZQm6danfnq50=,44iQvTP4EN00yCRS3Egvpv4nePU=
41,24,bUBPLJUOvMOK/rsZQm6danfnq50=,44iQvTP4EN00yCRS3Egvpv4nePU=
42,24,bUBPLJUOvMOK/rsZQm6danfnq50=,44iQvTP4EN00yCRS3Egvpv4nePU=
45,24,bUBPLJUOvMOK/rsZQm6danfnq50=,44iQvTP4EN00yCRS3Egvpv4nePU=
38,24,bUBPLJUOvMOK/rsZQm6danfnq50=,44iQvTP4EN00yCRS3Egvpv4nePU=
43,19,bUBPLJUOvMOK/rsZQm6danfnq50=,44iQvTP4EN00yCRS3Egvpv4nePU=
44,24,bUBPLJUOvMOK/rsZQm6danfnq50=,44iQvTP4EN00yCRS3Egvpv4nePU=
42,16,bUBPLJUOvMOK/rsZQm6danfnq50=,44iQvTP4EN00yCRS3Egvpv4nePU=
32,25,bUBPLJUOvMOK/rsZQm6danfnq50=,44iQvTP4EN00yCRS3Egvpv4nePU=
37,24,bUBPLJUOvMOK/rsZQm6danfnq50=,44iQvTP4EN00yCRS3Egvpv4nePU=
46,24,bUBPLJUOvMOK/rsZQm6danfnq50=,44iQvTP4EN00yCRS3Egvpv4nePU=
35,24,bUBPLJUOvMOK/rsZQm6danfnq50=,44iQvTP4EN00yCRS3Egvpv4nePU=
38,18,bUBPLJUOvMOK/rsZQm6danfnq50=,44iQvTP4EN00yCRS3Egvpv4nePU=
34,24,bUBPLJUOvMOK/rsZQm6danfnq50=,44iQvTP4EN00yCRS3Egvpv4nePU=
39,24,bUBPLJUOvMOK/rsZQm6danfnq50=,44iQvTP4EN00yCRS3Egvpv4nePU=
44,19,bUBPLJUOvMOK/rsZQm6danfnq50=,44iQvTP4EN00yCRS3Egvpv4nePU=
36,24,bUBPLJUOvMOK/rsZQm6danfnq50=,44iQvTP4EN00yCRS3Egvpv4nePU=
42,23,bUBPLJUOvMOK/rsZQm6danfnq50=,44iQvTP4EN00yCRS3Egvpv4nePU=
46,23,bUBPLJUOvMOK/rsZQm6danfnq50=,44iQvTP4EN00yCRS3Egvpv4nePU=
41,23,bUBPLJUOvMOK/rsZQm6danfnq50=,44iQvTP4EN00yCRS3Egvpv4nePU=
45,19,bUBPLJUOvMOK/rsZQm6danfnq50=,44iQvTP4EN00yCRS3Egvpv4nePU=
45,23,bUBPLJUOvMOK/rsZQm6danfnq50=,44iQvTP4EN00yCRS3Egvpv4nePU=
32,24,bUBPLJUOvMOK/rsZQm6danfnq50=,44iQvTP4EN00yCRS3Egvpv4nePU=
44,23,bUBPLJUOvMOK/rsZQm6danfnq50=,44iQvTP4EN00yCRS3Egvpv4nePU=
37,23,bUBPLJUOvMOK/rsZQm6danfnq50=,44iQvTP4EN00yCRS3Egvpv4nePU=
38,23,bUBPLJUOvMOK/rsZQm6danfnq50=,44iQvTP4EN00yCRS3Egvpv4nePU=
43,24,bUBPLJUOvMOK/rsZQm6danfnq50=,44iQvTP4EN00yCRS3Egvpv4nePU=
46,19,bUBPLJUOvMOK/rsZQm6danfnq50=,44iQvTP4EN00yCRS3Egvpv4nePU=
35,23,bUBPLJUOvMOK/rsZQm6danfnq50=,44iQvTP4EN00yCRS3Egvpv4nePU=
34,23,bUBPLJUOvMOK/rsZQm6danfnq50=,44iQvTP4EN00yCRS3Egvpv4nePU=
43,23,bUBPLJUOvMOK/rsZQm6danfnq50=,44iQvTP4EN00yCRS3Egvpv4nePU=
40,23,bUBPLJUOvMOK/rsZQm6danfnq50=,44iQvTP4EN00yCRS3Egvpv4nePU=
45,22,bUBPLJUOvMOK/rsZQm6danfnq50=,44iQvTP4EN00yCRS3Egvpv4nePU=
39,23,bUBPLJUOvMOK/rsZQm6danfnq50=,44iQvTP4EN00yCRS3Egvpv4nePU=
47,19,bUBPLJUOvMOK/rsZQm6danfnq50=,44iQvTP4EN00yCRS3Egvpv4nePU=
32,23,bUBPLJUOvMOK/rsZQm6danfnq50=,44iQvTP4EN00yCRS3Egvpv4nePU=
36,23,bUBPLJUOvMOK/rsZQm6danfnq50=,44iQvTP4EN00yCRS3Egvpv4nePU=
47,22,bUBPLJUOvMOK/rsZQm6danfnq50=,44iQvTP4EN00yCRS3Egvpv4nePU=
33,23,bUBPLJUOvMOK/rsZQm6danfnq50=,44iQvTP4EN00yCRS3Egvpv4nePU=
46,22,bUBPLJUOvMOK/rsZQm6danfnq50=,44iQvTP4EN00yCRS3Egvpv4nePU=
41,22,bUBPLJUOvMOK/rsZQm6danfnq50=,44iQvTP4EN00yCRS3Egvpv4nePU=
44,22,bUBPLJUOvMOK/rsZQm6danfnq50=,44iQvTP4EN00yCRS3Egvpv4nePU=
42,22,bUBPLJUOvMOK/rsZQm6danfnq50=,44iQvTP4EN00yCRS3Egvpv4nePU=
33,18,bUBPLJUOvMOK/rsZQm6danfnq50=,44iQvTP4EN00yCRS3Egvpv4nePU=
37,18,bUBPLJUOvMOK/rsZQm6danfnq50=,44iQvTP4EN00yCRS3Egvpv4nePU=
40,16,bUBPLJUOvMOK/rsZQm6danfnq50=,44iQvTP4EN00yCRS3Egvpv4nePU=
40,22,bUBPLJUOvMOK/rsZQm6danfnq50=,44iQvTP4EN00yCRS3Egvpv4nePU=
37,22,bUBPLJUOvMOK/rsZQm6danfnq50=,44iQvTP4EN00yCRS3Egvpv4nePU=
35,22,bUBPLJUOvMOK/rsZQm6danfnq50=,44iQvTP4EN00yCRS3Egvpv4nePU=
41,16,bUBPLJUOvMOK/rsZQm6danfnq50=,44iQvTP4EN00yCRS3Egvpv4nePU=
38,22,bUBPLJUOvMOK/rsZQm6danfnq50=,44iQvTP4EN00yCRS3Egvpv4nePU=
34,22,bUBPLJUOvMOK/rsZQm6danfnq50=,44iQvTP4EN00yCRS3Egvpv4nePU=
36,22,bUBPLJUOvMOK/rsZQm6danfnq50=,44iQvTP4EN00yCRS3Egvpv4nePU=
32,20,bUBPLJUOvMOK/rsZQm6danfnq50=,44iQvTP4EN00yCRS3Egvpv4nePU=
36,18,bUBPLJUOvMOK/rsZQm6danfnq50=,44iQvTP4EN00yCRS3Egvpv4nePU=
32,22,bUBPLJUOvMOK/rsZQm6danfnq50=,44iQvTP4EN00yCRS3Egvpv4nePU=
47,21,bUBPLJUOvMOK/rsZQm6danfnq50=,44iQvTP4EN00yCRS3Egvpv4nePU=
39,22,bUBPLJUOvMOK/rsZQm6danfnq50=,44iQvTP4EN00yCRS3Egvpv4nePU=
38,25,bUBPLJUOvMOK/rsZQm6danfnq50=,44iQvTP4EN00yCRS3Egvpv4nePU=
40,24,bUBPLJUOvMOK/rsZQm6danfnq50=,44iQvTP4EN00yCRS3Egvpv4nePU=
47,23,bUBPLJUOvMOK/rsZQm6danfnq50=,44iQvTP4EN00yCRS3Egvpv4nePU=
33,24,bUBPLJUOvMOK/rsZQm6danfnq50=,44iQvTP4EN00yCRS3Egvpv4nePU=
43,22,bUBPLJUOvMOK/rsZQm6danfnq50=,44iQvTP4EN00yCRS3Egvpv4nePU=
46,21,bUBPLJUOvMOK/rsZQm6danfnq50=,44iQvTP4EN00yCRS3Egvpv4nePU=
32,16,bUBPLJUOvMOK/rsZQm6danfnq50=,44iQvTP4EN00yCRS3Egvpv4nePU=
39,18,bUBPLJUOvMOK/rsZQm6danfnq50=,44iQvTP4EN00yCRS3Egvpv4nePU=
42,21,bUBPLJUOvMOK/rsZQm6danfnq50=,44iQvTP4EN00yCRS3Egvpv4nePU=
33,20,bUBPLJUOvMOK/rsZQm6danfnq50=,44iQvTP4EN00yCRS3Egvpv4nePU=
40,21,bUBPLJUOvMOK/rsZQm6danfnq50=,44iQvTP4EN00yCRS3Egvpv4nePU=
35,21,bUBPLJUOvMOK/rsZQm6danfnq50=,44iQvTP4EN00yCRS3Egvpv4nePU=
39,21,bUBPLJUOvMOK/rsZQm6danfnq50=,44iQvTP4EN00yCRS3Egvpv4nePU=
47,20,bUBPLJUOvMOK/rsZQm6danfnq50=,44iQvTP4EN00yCRS3Egvpv4nePU=
34,20,bUBPLJUOvMOK/rsZQm6danfnq50=,44iQvTP4EN00yCRS3Egvpv4nePU=
38,21,bUBPLJUOvMOK/rsZQm6danfnq50=,44iQvTP4EN00yCRS3Egvpv4nePU=
32,21,bUBPLJUOvMOK/rsZQm6danfnq50=,44iQvTP4EN00yCRS3Egvpv4nePU=
35,18,bUBPLJUOvMOK/rsZQm6danfnq50=,44iQvTP4EN00yCRS3Egvpv4nePU=
44,21,bUBPLJUOvMOK/rsZQm6danfnq50=,44iQvTP4EN00yCRS3Egvpv4nePU=
46,20,bUBPLJUOvMOK/rsZQm6danfnq50=,44iQvTP4EN00yCRS3Egvpv4nePU=
45,21,bUBPLJUOvMOK/rsZQm6danfnq50=,44iQvTP4EN00yCRS3Egvpv4nePU=
43,21,bUBPLJUOvMOK/rsZQm6danfnq50=,44iQvTP4EN00yCRS3Egvpv4nePU=
44,20,bUBPLJUOvMOK/rsZQm6danfnq50=,44iQvTP4EN00yCRS3Egvpv4nePU=
36,21,bUBPLJUOvMOK/rsZQm6danfnq50=,44iQvTP4EN00yCRS3Egvpv4nePU=
35,20,bUBPLJUOvMOK/rsZQm6danfnq50=,44iQvTP4EN00yCRS3Egvpv4nePU=
33,22,bUBPLJUOvMOK/rsZQm6danfnq50=,44iQvTP4EN00yCRS3Egvpv4nePU=
37,21,bUBPLJUOvMOK/rsZQm6danfnq50=,44iQvTP4EN00yCRS3Egvpv4nePU=
41,21,bUBPLJUOvMOK/rsZQm6danfnq50=,44iQvTP4EN00yCRS3Egvpv4nePU=
45,20,bUBPLJUOvMOK/rsZQm6danfnq50=,44iQvTP4EN00yCRS3Egvpv4nePU=
42,20,bUBPLJUOvMOK/rsZQm6danfnq50=,44iQvTP4EN00yCRS3Egvpv4nePU=
40,20,bUBPLJUOvMOK/rsZQm6danfnq50=,44iQvTP4EN00yCRS3Egvpv4nePU=
34,18,bUBPLJUOvMOK/rsZQm6danfnq50=,44iQvTP4EN00yCRS3Egvpv4nePU=
33,21,bUBPLJUOvMOK/rsZQm6danfnq50=,44iQvTP4EN00yCRS3Egvpv4nePU=
34,21,bUBPLJUOvMOK/rsZQm6danfnq50=,44iQvTP4EN00yCRS3Egvpv4nePU=
38,16,bUBPLJUOvMOK/rsZQm6danfnq50=,44iQvTP4EN00yCRS3Egvpv4nePU=
38,20,bUBPLJUOvMOK/rsZQm6danfnq50=,44iQvTP4EN00yCRS3Egvpv4nePU=
36,20,bUBPLJUOvMOK/rsZQm6danfnq50=,44iQvTP4EN00yCRS3Egvpv4nePU=
43,20,bUBPLJUOvMOK/rsZQm6danfnq50=,44iQvTP4EN00yCRS3Egvpv4nePU=
39,16,bUBPLJUOvMOK/rsZQm6danfnq50=,44iQvTP4EN00yCRS3Egvpv4nePU=
37,16,bUBPLJUOvMOK/rsZQm6danfnq50=,44iQvTP4EN00yCRS3Egvpv4nePU=
37,20,bUBPLJUOvMOK/rsZQm6danfnq50=,44iQvTP4EN00yCRS3Egvpv4nePU=
41,20,bUBPLJUOvMOK/rsZQm6danfnq50=,44iQvTP4EN00yCRS3Egvpv4nePU=
39,20,bUBPLJUOvMOK/rsZQm6danfnq50=,44iQvTP4EN00yCRS3Egvpv4nePU=
63,17,qDavq6a8pPJJXDkYdFzq14VpPYE=,LcP6sgcLoWRJ0lKxVWPP4d6b6mw=
51,16,qDavq6a8pPJJXDkYdFzq14VpPYE=,LcP6sgcLoWRJ0lKxVWPP4d6b6mw=
61,18,qDavq6a8pPJJXDkYdFzq14VpPYE=,LcP6sgcLoWRJ0lKxVWPP4d6b6mw=
60,19,qDavq6a8pPJJXDkYdFzq14VpPYE=,LcP6sgcLoWRJ0lKxVWPP4d6b6mw=
63,31,qDavq6a8pPJJXDkYdFzq14VpPYE=,LcP6sgcLoWRJ0lKxVWPP4d6b6mw=
57,18,qDavq6a8pPJJXDkYdFzq14VpPYE=,LcP6sgcLoWRJ0lKxVWPP4d6b6mw=
60,18,qDavq6a8pPJJXDkYdFzq14VpPYE=,LcP6sgcLoWRJ0lKxVWPP4d6b6mw=
59,18,qDavq6a8pPJJXDkYdFzq14VpPYE=,LcP6sgcLoWRJ0lKxVWPP4d6b6mw=
58,18,qDavq6a8pPJJXDkYdFzq14VpPYE=,LcP6sgcLoWRJ0lKxVWPP4d6b6mw=
62,18,qDavq6a8pPJJXDkYdFzq14VpPYE=,LcP6sgcLoWRJ0lKxVWPP4d6b6mw=
56,18,qDavq6a8pPJJXDkYdFzq14VpPYE=,LcP6sgcLoWRJ0lKxVWPP4d6b6mw=
55,18,qDavq6a8pPJJXDkYdFzq14VpPYE=,LcP6sgcLoWRJ0lKxVWPP4d6b6mw=
52,18,qDavq6a8pPJJXDkYdFzq14VpPYE=,LcP6sgcLoWRJ0lKxVWPP4d6b6mw=
59,19,qDavq6a8pPJJXDkYdFzq14VpPYE=,LcP6sgcLoWRJ0lKxVWPP4d6b6mw=
48,18,qDavq6a8pPJJXDkYdFzq14VpPYE=,LcP6sgcLoWRJ0lKxVWPP4d6b6mw=
59,31,qDavq6a8pPJJXDkYdFzq14VpPYE=,LcP6sgcLoWRJ0lKxVWPP4d6b6mw=
51,18,qDavq6a8pPJJXDkYdFzq14VpPYE=,LcP6sgcLoWRJ0lKxVWPP4d6b6mw=
53,18,qDavq6a8pPJJXDkYdFzq14VpPYE=,LcP6sgcLoWRJ0lKxVWPP4d6b6mw=
54,18,qDavq6a8pPJJXDkYdFzq14VpPYE=,LcP6sgcLoWRJ0lKxVWPP4d6b6mw=
50,18,qDavq6a8pPJJXDkYdFzq14VpPYE=,LcP6sgcLoWRJ0lKxVWPP4d6b6mw=
49,18,qDavq6a8pPJJXDkYdFzq14VpPYE=,LcP6sgcLoWRJ0lKxVWPP4d6b6mw=
58,31,qDavq6a8pPJJXDkYdFzq14VpPYE=,LcP6sgcLoWRJ0lKxVWPP4d6b6mw=
53,31,qDavq6a8pPJJXDkYdFzq14VpPYE=,LcP6sgcLoWRJ0lKxVWPP4d6b6mw=
52,16,qDavq6a8pPJJXDkYdFzq14VpPYE=,LcP6sgcLoWRJ0lKxVWPP4d6b6mw=
52,31,qDavq6a8pPJJXDkYdFzq14VpPYE=,LcP6sgcLoWRJ0lKxVWPP4d6b6mw=
61,31,qDavq6a8pPJJXDkYdFzq14VpPYE=,LcP6sgcLoWRJ0lKxVWPP4d6b6mw=
54,31,qDavq6a8pPJJXDkYdFzq14VpPYE=,LcP6sgcLoWRJ0lKxVWPP4d6b6mw=
57,31,qDavq6a8pPJJXDkYdFzq14VpPYE=,LcP6sgcLoWRJ0lKxVWPP4d6b6mw=
50,16,qDavq6a8pPJJXDkYdFzq14VpPYE=,LcP6sgcLoWRJ0lKxVWPP4d6b6mw=
62,31,qDavq6a8pPJJXDkYdFzq14VpPYE=,LcP6sgcLoWRJ0lKxVWPP4d6b6mw=
63,30,qDavq6a8pPJJXDkYdFzq14VpPYE=,LcP6sgcLoWRJ0lKxVWPP4d6b6mw=
62,30,qDavq6a8pPJJXDkYdFzq14VpPYE=,LcP6sgcLoWRJ0lKxVWPP4d6b6mw=
50,31,qDavq6a8pPJJXDkYdFzq14VpPYE=,LcP6sgcLoWRJ0lKxVWPP4d6b6mw=
56,31,qDavq6a8pPJJXDkYdFzq14VpPYE=,LcP6sgcLoWRJ0lKxVWPP4d6b6mw=
61,19,qDavq6a8pPJJXDkYdFzq14VpPYE=,LcP6sgcLoWRJ0lKxVWPP4d6b6mw=
49,31,qDavq6a8pPJJXDkYdFzq14VpPYE=,LcP6sgcLoWRJ0lKxVWPP4d6b6mw=
61,30,qDavq6a8pPJJXDkYdFzq14VpPYE=,LcP6sgcLoWRJ0lKxVWPP4d6b6mw=
59,30,qDavq6a8pPJJXDkYdFzq14VpPYE=,LcP6sgcLoWRJ0lKxVWPP4d6b6mw=
58,30,qDavq6a8pPJJXDkYdFzq14VpPYE=,LcP6sgcLoWRJ0lKxVWPP4d6b6mw=
62,19,qDavq6a8pPJJXDkYdFzq14VpPYE=,LcP6sgcLoWRJ0lKxVWPP4d6b6mw=
57,30,qDavq6a8pPJJXDkYdFzq14VpPYE=,LcP6sgcLoWRJ0lKxVWPP4d6b6mw=
55,31,qDavq6a8pPJJXDkYdFzq14VpPYE=,LcP6sgcLoWRJ0lKxVWPP4d6b6mw=
55,30,qDavq6a8pPJJXDkYdFzq14VpPYE=,LcP6sgcLoWRJ0lKxVWPP4d6b6mw=
48,31,qDavq6a8pPJJXDkYdFzq14VpPYE=,LcP6sgcLoWRJ0lKxVWPP4d6b6mw=
62,17,qDavq6a8pPJJXDkYdFzq14VpPYE=,LcP6sgcLoWRJ0lKxVWPP4d6b6mw=
54,30,qDavq6a8pPJJXDkYdFzq14VpPYE=,LcP6sgcLoWRJ0lKxVWPP4d6b6mw=
58,19,qDavq6a8pPJJXDkYdFzq14VpPYE=,LcP6sgcLoWRJ0lKxVWPP4d6b6mw=
60,30,qDavq6a8pPJJXDkYdFzq14VpPYE=,LcP6sgcLoWRJ0lKxVWPP4d6b6mw=
56,30,qDavq6a8pPJJXDkYdFzq14VpPYE=,LcP6sgcLoWRJ0lKxVWPP4d6b6mw=
53,30,qDavq6a8pPJJXDkYdFzq14VpPYE=,LcP6sgcLoWRJ0lKxVWPP4d6b6mw=
53,16,qDavq6a8pPJJXDkYdFzq14VpPYE=,LcP6sgcLoWRJ0lKxVWPP4d6b6mw=
51,31,qDavq6a8pPJJXDkYdFzq14VpPYE=,LcP6sgcLoWRJ0lKxVWPP4d6b6mw=
52,30,qDavq6a8pPJJXDkYdFzq14VpPYE=,LcP6sgcLoWRJ0lKxVWPP4d6b6mw=
57,19,qDavq6a8pPJJXDkYdFzq14VpPYE=,LcP6sgcLoWRJ0lKxVWPP4d6b6mw=
63,19,qDavq6a8pPJJXDkYdFzq14VpPYE=,LcP6sgcLoWRJ0lKxVWPP4d6b6mw=
49,16,qDavq6a8pPJJXDkYdFzq14VpPYE=,LcP6sgcLoWRJ0lKxVWPP4d6b6mw=
49,30,qDavq6a8pPJJXDkYdFzq14VpPYE=,LcP6sgcLoWRJ0lKxVWPP4d6b6mw=
50,17,qDavq6a8pPJJXDkYdFzq14VpPYE=,LcP6sgcLoWRJ0lKxVWPP4d6b6mw=
63,29,qDavq6a8pPJJXDkYdFzq14VpPYE=,LcP6sgcLoWRJ0lKxVWPP4d6b6mw=
61,29,qDavq6a8pPJJXDkYdFzq14VpPYE=,LcP6sgcLoWRJ0lKxVWPP4d6b6mw=
48,30,qDavq6a8pPJJXDkYdFzq14VpPYE=,LcP6sgcLoWRJ0lKxVWPP4d6b6mw=
60,29,qDavq6a8pPJJXDkYdFzq14VpPYE=,LcP6sgcLoWRJ0lKxVWPP4d6b6mw=
62,29,qDavq6a8pPJJXDkYdFzq14VpPYE=,LcP6sgcLoWRJ0lKxVWPP4d6b6mw=
60,31,qDavq6a8pPJJXDkYdFzq14VpPYE=,LcP6sgcLoWRJ0lKxVWPP4d6b6mw=
49,17,qDavq6a8pPJJXDkYdFzq14VpPYE=,LcP6sgcLoWRJ0lKxVWPP4d6b6mw=
56,29,qDavq6a8pPJJXDkYdFzq14VpPYE=,LcP6sgcLoWRJ0lKxVWPP4d6b6mw=
48,20,qDavq6a8pPJJXDkYdFzq14VpPYE=,LcP6sgcLoWRJ0lKxVWPP4d6b6mw=
48,17,qDavq6a8pPJJXDkYdFzq14VpPYE=,LcP6sgcLoWRJ0lKxVWPP4d6b6mw=
51,30,qDavq6a8pPJJXDkYdFzq14VpPYE=,LcP6sgcLoWRJ0lKxVWPP4d6b6mw=
50,30,qDavq6a8pPJJXDkYdFzq14VpPYE=,LcP6sgcLoWRJ0lKxVWPP4d6b6mw=
55,29,qDavq6a8pPJJXDkYdFzq14VpPYE=,LcP6sgcLoWRJ0lKxVWPP4d6b6mw=
54,29,qDavq6a8pPJJXDkYdFzq14VpPYE=,LcP6sgcLoWRJ0lKxVWPP4d6b6mw=
53,29,qDavq6a8pPJJXDkYdFzq14VpPYE=,LcP6sgcLoWRJ0lKxVWPP4d6b6mw=
63,16,qDavq6a8pPJJXDkYdFzq14VpPYE=,LcP6sgcLoWRJ0lKxVWPP4d6b6mw=
52,29,qDavq6a8pPJJXDkYdFzq14VpPYE=,LcP6sgcLoWRJ0lKxVWPP4d6b6mw=
57,29,qDavq6a8pPJJXDkYdFzq14VpPYE=,LcP6sgcLoWRJ0lKxVWPP4d6b6mw=
49,20,qDavq6a8pPJJXDkYdFzq14VpPYE=,LcP6sgcLoWRJ0lKxVWPP4d6b6mw=
58,29,qDavq6a8pPJJXDkYdFzq14VpPYE=,LcP6sgcLoWRJ0lKxVWPP4d6b6mw=
51,29,qDavq6a8pPJJXDkYdFzq14VpPYE=,LcP6sgcLoWRJ0lKxVWPP4d6b6mw=
59,29,qDavq6a8pPJJXDkYdFzq14VpPYE=,LcP6sgcLoWRJ0lKxVWPP4d6b6mw=
56,19,qDavq6a8pPJJXDkYdFzq14VpPYE=,LcP6sgcLoWRJ0lKxVWPP4d6b6mw=
49,29,qDavq6a8pPJJXDkYdFzq14VpPYE=,LcP6sgcLoWRJ0lKxVWPP4d6b6mw=
63,28,qDavq6a8pPJJXDkYdFzq14VpPYE=,LcP6sgcLoWRJ0lKxVWPP4d6b6mw=
58,28,qDavq6a8pPJJXDkYdFzq14VpPYE=,LcP6sgcLoWRJ0lKxVWPP4d6b6mw=
61,17,qDavq6a8pPJJXDkYdFzq14VpPYE=,LcP6sgcLoWRJ0lKxVWPP4d6b6mw=
48,29,qDavq6a8pPJJXDkYdFzq14VpPYE=,LcP6sgcLoWRJ0lKxVWPP4d6b6mw=
50,29,qDavq6a8pPJJXDkYdFzq14VpPYE=,LcP6sgcLoWRJ0lKxVWPP4d6b6mw=
60,17,qDavq6a8pPJJXDkYdFzq14VpPYE=,LcP6sgcLoWRJ0lKxVWPP4d6b6mw=
62,28,qDavq6a8pPJJXDkYdFzq14VpPYE=,LcP6sgcLoWRJ0lKxVWPP4d6b6mw=
60,28,qDavq6a8pPJJXDkYdFzq14VpPYE=,LcP6sgcLoWRJ0lKxVWPP4d6b6mw=
61,28,qDavq6a8pPJJXDkYdFzq14VpPYE=,LcP6sgcLoWRJ0lKxVWPP4d6b6mw=
59,28,qDavq6a8pPJJXDkYdFzq14VpPYE=,LcP6sgcLoWRJ0lKxVWPP4d6b6mw=
56,28,qDavq6a8pPJJXDkYdFzq14VpPYE=,LcP6sgcLoWRJ0lKxVWPP4d6b6mw=
50,20,qDavq6a8pPJJXDkYdFzq14VpPYE=,LcP6sgcLoWRJ0lKxVWPP4d6b6mw=
62,16,qDavq6a8pPJJXDkYdFzq14VpPYE=,LcP6sgcLoWRJ0lKxVWPP4d6b6mw=
53,28,qDavq6a8pPJJXDkYdFzq14VpPYE=,LcP6sgcLoWRJ0lKxVWPP4d6b6mw=
52,28,qDavq6a8pPJJXDkYdFzq14VpPYE=,LcP6sgcLoWRJ0lKxVWPP4d6b6mw=
51,28,qDavq6a8pPJJXDkYdFzq14VpPYE=,LcP6sgcLoWRJ0lKxVWPP4d6b6mw=
49,28,qDavq6a8pPJJXDkYdFzq14VpPYE=,LcP6sgcLoWRJ0lKxVWPP4d6b6mw=
51,20,qDavq6a8pPJJXDkYdFzq14VpPYE=,LcP6sgcLoWRJ0lKxVWPP4d6b6mw=
63,27,qDavq6a8pPJJXDkYdFzq14VpPYE=,LcP6sgcLoWRJ0lKxVWPP4d6b6mw=
62,27,qDavq6a8pPJJXDkYdFzq14VpPYE=,LcP6sgcLoWRJ0lKxVWPP4d6b6mw=
55,19,qDavq6a8pPJJXDkYdFzq14VpPYE=,LcP6sgcLoWRJ0lKxVWPP4d6b6mw=
59,17,qDavq6a8pPJJXDkYdFzq14VpPYE=,LcP6sgcLoWRJ0lKxVWPP4d6b6mw=
55,28,qDavq6a8pPJJXDkYdFzq14VpPYE=,LcP6sgcLoWRJ0lKxVWPP4d6b6mw=
54,28,qDavq6a8pPJJXDkYdFzq14VpPYE=,LcP6sgcLoWRJ0lKxVWPP4d6b6mw=
48,28,qDavq6a8pPJJXDkYdFzq14VpPYE=,LcP6sgcLoWRJ0lKxVWPP4d6b6mw=
50,28,qDavq6a8pPJJXDkYdFzq14VpPYE=,LcP6sgcLoWRJ0lKxVWPP4d6b6mw=
57,28,qDavq6a8pPJJXDkYdFzq14VpPYE=,LcP6sgcLoWRJ0lKxVWPP4d6b6mw=
57,27,qDavq6a8pPJJXDkYdFzq14VpPYE=,LcP6sgcLoWRJ0lKxVWPP4d6b6mw=
52,20,qDavq6a8pPJJXDkYdFzq14VpPYE=,LcP6sgcLoWRJ0lKxVWPP4d6b6mw=
59,27,qDavq6a8pPJJXDkYdFzq14VpPYE=,LcP6sgcLoWRJ0lKxVWPP4d6b6mw=
60,27,qDavq6a8pPJJXDkYdFzq14VpPYE=,LcP6sgcLoWRJ0lKxVWPP4d6b6mw=
55,27,qDavq6a8pPJJXDkYdFzq14VpPYE=,LcP6sgcLoWRJ0lKxVWPP4d6b6mw=
61,27,qDavq6a8pPJJXDkYdFzq14VpPYE=,LcP6sgcLoWRJ0lKxVWPP4d6b6mw=
56,27,qDavq6a8pPJJXDkYdFzq14VpPYE=,LcP6sgcLoWRJ0lKxVWPP4d6b6mw=
53,27,qDavq6a8pPJJXDkYdFzq14VpPYE=,LcP6sgcLoWRJ0lKxVWPP4d6b6mw=
54,27,qDavq6a8pPJJXDkYdFzq14VpPYE=,LcP6sgcLoWRJ0lKxVWPP4d6b6mw=
61,16,qDavq6a8pPJJXDkYdFzq14VpPYE=,LcP6sgcLoWRJ0lKxVWPP4d6b6mw=
54,19,qDavq6a8pPJJXDkYdFzq14VpPYE=,LcP6sgcLoWRJ0lKxVWPP4d6b6mw=
58,17,qDavq6a8pPJJXDkYdFzq14VpPYE=,LcP6sgcLoWRJ0lKxVWPP4d6b6mw=
63,26,qDavq6a8pPJJXDkYdFzq14VpPYE=,LcP6sgcLoWRJ0lKxVWPP4d6b6mw=
49,27,qDavq6a8pPJJXDkYdFzq14VpPYE=,LcP6sgcLoWRJ0lKxVWPP4d6b6mw=
50,27,qDavq6a8pPJJXDkYdFzq14VpPYE=,LcP6sgcLoWRJ0lKxVWPP4d6b6mw=
52,27,qDavq6a8pPJJXDkYdFzq14VpPYE=,LcP6sgcLoWRJ0lKxVWPP4d6b6mw=
61,26,qDavq6a8pPJJXDkYdFzq14VpPYE=,LcP6sgcLoWRJ0lKxVWPP4d6b6mw=
60,26,qDavq6a8pPJJXDkYdFzq14VpPYE=,LcP6sgcLoWRJ0lKxVWPP4d6b6mw=
57,26,qDavq6a8pPJJXDkYdFzq14VpPYE=,LcP6sgcLoWRJ0lKxVWPP4d6b6mw=
56,26,qDavq6a8pPJJXDkYdFzq14VpPYE=,LcP6sgcLoWRJ0lKxVWPP4d6b6mw=
58,26,qDavq6a8pPJJXDkYdFzq14VpPYE=,LcP6sgcLoWRJ0lKxVWPP4d6b6mw=
58,27,qDavq6a8pPJJXDkYdFzq14VpPYE=,LcP6sgcLoWRJ0lKxVWPP4d6b6mw=
62,26,qDavq6a8pPJJXDkYdFzq14VpPYE=,LcP6sgcLoWRJ0lKxVWPP4d6b6mw=
55,26,qDavq6a8pPJJXDkYdFzq14VpPYE=,LcP6sgcLoWRJ0lKxVWPP4d6b6mw=
59,26,qDavq6a8pPJJXDkYdFzq14VpPYE=,LcP6sgcLoWRJ0lKxVWPP4d6b6mw=
48,27,qDavq6a8pPJJXDkYdFzq14VpPYE=,LcP6sgcLoWRJ0lKxVWPP4d6b6mw=
53,20,qDavq6a8pPJJXDkYdFzq14VpPYE=,LcP6sgcLoWRJ0lKxVWPP4d6b6mw=
54,26,qDavq6a8pPJJXDkYdFzq14VpPYE=,LcP6sgcLoWRJ0lKxVWPP4d6b6mw=
53,26,qDavq6a8pPJJXDkYdFzq14VpPYE=,LcP6sgcLoWRJ0lKxVWPP4d6b6mw=
50,26,qDavq6a8pPJJXDkYdFzq14VpPYE=,LcP6sgcLoWRJ0lKxVWPP4d6b6mw=
53,19,qDavq6a8pPJJXDkYdFzq14VpPYE=,LcP6sgcLoWRJ0lKxVWPP4d6b6mw=
52,26,qDavq6a8pPJJXDkYdFzq14VpPYE=,LcP6sgcLoWRJ0lKxVWPP4d6b6mw=
54,20,qDavq6a8pPJJXDkYdFzq14VpPYE=,LcP6sgcLoWRJ0lKxVWPP4d6b6mw=
63,25,qDavq6a8pPJJXDkYdFzq14VpPYE=,LcP6sgcLoWRJ0lKxVWPP4d6b6mw=
51,26,qDavq6a8pPJJXDkYdFzq14VpPYE=,LcP6sgcLoWRJ0lKxVWPP4d6b6mw=
57,17,qDavq6a8pPJJXDkYdFzq14VpPYE=,LcP6sgcLoWRJ0lKxVWPP4d6b6mw=
61,25,qDavq6a8pPJJXDkYdFzq14VpPYE=,LcP6sgcLoWRJ0lKxVWPP4d6b6mw=
58,25,qDavq6a8pPJJXDkYdFzq14VpPYE=,LcP6sgcLoWRJ0lKxVWPP4d6b6mw=
62,25,qDavq6a8pPJJXDkYdFzq14VpPYE=,LcP6sgcLoWRJ0lKxVWPP4d6b6mw=
51,27,qDavq6a8pPJJXDkYdFzq14VpPYE=,LcP6sgcLoWRJ0lKxVWPP4d6b6mw=
55,20,qDavq6a8pPJJXDkYdFzq14VpPYE=,LcP6sgcLoWRJ0lKxVWPP4d6b6mw=
49,26,qDavq6a8pPJJXDkYdFzq14VpPYE=,LcP6sgcLoWRJ0lKxVWPP4d6b6mw=
48,26,qDavq6a8pPJJXDkYdFzq14VpPYE=,LcP6sgcLoWRJ0lKxVWPP4d6b6mw=
60,25,qDavq6a8pPJJXDkYdFzq14VpPYE=,LcP6sgcLoWRJ0lKxVWPP4d6b6mw=
57,25,qDavq6a8pPJJXDkYdFzq14VpPYE=,LcP6sgcLoWRJ0lKxVWPP4d6b6mw=
60,16,qDavq6a8pPJJXDkYdFzq14VpPYE=,LcP6sgcLoWRJ0lKxVWPP4d6b6mw=
59,25,qDavq6a8pPJJXDkYdFzq14VpPYE=,LcP6sgcLoWRJ0lKxVWPP4d6b6mw=
56,25,qDavq6a8pPJJXDkYdFzq14VpPYE=,LcP6sgcLoWRJ0lKxVWPP4d6b6mw=
59,16,qDavq6a8pPJJXDkYdFzq14VpPYE=,LcP6sgcLoWRJ0lKxVWPP4d6b6mw=
55,25,qDavq6a8pPJJXDkYdFzq14VpPYE=,LcP6sgcLoWRJ0lKxVWPP4d6b6mw=
54,25,qDavq6a8pPJJXDkYdFzq14VpPYE=,LcP6sgcLoWRJ0lKxVWPP4d6b6mw=
50,25,qDavq6a8pPJJXDkYdFzq14VpPYE=,LcP6sgcLoWRJ0lKxVWPP4d6b6mw=
52,19,qDavq6a8pPJJXDkYdFzq14VpPYE=,LcP6sgcLoWRJ0lKxVWPP4d6b6mw=
56,17,qDavq6a8pPJJXDkYdFzq14VpPYE=,LcP6sgcLoWRJ0lKxVWPP4d6b6mw=
51,25,qDavq6a8pPJJXDkYdFzq14VpPYE=,LcP6sgcLoWRJ0lKxVWPP4d6b6mw=
63,24,qDavq6a8pPJJXDkYdFzq14VpPYE=,LcP6sgcLoWRJ0lKxVWPP4d6b6mw=
52,25,qDavq6a8pPJJXDkYdFzq14VpPYE=,LcP6sgcLoWRJ0lKxVWPP4d6b6mw=
49,25,qDavq6a8pPJJXDkYdFzq14VpPYE=,LcP6sgcLoWRJ0lKxVWPP4d6b6mw=
62,24,qDavq6a8pPJJXDkYdFzq14VpPYE=,LcP6sgcLoWRJ0lKxVWPP4d6b6mw=
61,24,qDavq6a8pPJJXDkYdFzq14VpPYE=,LcP6sgcLoWRJ0lKxVWPP4d6b6mw=
60,24,qDavq6a8pPJJXDkYdFzq14VpPYE=,LcP6sgcLoWRJ0lKxVWPP4d6b6mw=
53,24,qDavq6a8pPJJXDkYdFzq14VpPYE=,LcP6sgcLoWRJ0lKxVWPP4d6b6mw=
53,25,qDavq6a8pPJJXDkYdFzq14VpPYE=,LcP6sgcLoWRJ0lKxVWPP4d6b6mw=
59,24,qDavq6a8pPJJXDkYdFzq14VpPYE=,LcP6sgcLoWRJ0lKxVWPP4d6b6mw=
48,25,qDavq6a8pPJJXDkYdFzq14VpPYE=,LcP6sgcLoWRJ0lKxVWPP4d6b6mw=
58,24,qDavq6a8pPJJXDkYdFzq14VpPYE=,LcP6sgcLoWRJ0lKxVWPP4d6b6mw=
56,20,qDavq6a8pPJJXDkYdFzq14VpPYE=,LcP6sgcLoWRJ0lKxVWPP4d6b6mw=
51,19,qDavq6a8pPJJXDkYdFzq14VpPYE=,LcP6sgcLoWRJ0lKxVWPP4d6b6mw=
56,24,qDavq6a8pPJJXDkYdFzq14VpPYE=,LcP6sgcLoWRJ0lKxVWPP4d6b6mw=
51,24,qDavq6a8pPJJXDkYdFzq14VpPYE=,LcP6sgcLoWRJ0lKxVWPP4d6b6mw=
49,24,qDavq6a8pPJJXDkYdFzq14VpPYE=,LcP6sgcLoWRJ0lKxVWPP4d6b6mw=
54,24,qDavq6a8pPJJXDkYdFzq14VpPYE=,LcP6sgcLoWRJ0lKxVWPP4d6b6mw=
58,16,qDavq6a8pPJJXDkYdFzq14VpPYE=,LcP6sgcLoWRJ0lKxVWPP4d6b6mw=
55,17,qDavq6a8pPJJXDkYdFzq14VpPYE=,LcP6sgcLoWRJ0lKxVWPP4d6b6mw=
57,24,qDavq6a8pPJJXDkYdFzq14VpPYE=,LcP6sgcLoWRJ0lKxVWPP4d6b6mw=
57,20,qDavq6a8pPJJXDkYdFzq14VpPYE=,LcP6sgcLoWRJ0lKxVWPP4d6b6mw=
55,24,qDavq6a8pPJJXDkYdFzq14VpPYE=,LcP6sgcLoWRJ0lKxVWPP4d6b6mw=
52,24,qDavq6a8pPJJXDkYdFzq14VpPYE=,LcP6sgcLoWRJ0lKxVWPP4d6b6mw=
61,23,qDavq6a8pPJJXDkYdFzq14VpPYE=,LcP6sgcLoWRJ0lKxVWPP4d6b6mw=
62,23,qDavq6a8pPJJXDkYdFzq14VpPYE=,LcP6sgcLoWRJ0lKxVWPP4d6b6mw=
60,23,qDavq6a8pPJJXDkYdFzq14VpPYE=,LcP6sgcLoWRJ0lKxVWPP4d6b6mw=
59,23,qDavq6a8pPJJXDkYdFzq14VpPYE=,LcP6sgcLoWRJ0lKxVWPP4d6b6mw=
58,23,qDavq6a8pPJJXDkYdFzq14VpPYE=,LcP6sgcLoWRJ0lKxVWPP4d6b6mw=
57,23,qDavq6a8pPJJXDkYdFzq14VpPYE=,LcP6sgcLoWRJ0lKxVWPP4d6b6mw=
54,23,qDavq6a8pPJJXDkYdFzq14VpPYE=,LcP6sgcLoWRJ0lKxVWPP4d6b6mw=
50,19,qDavq6a8pPJJXDkYdFzq14VpPYE=,LcP6sgcLoWRJ0lKxVWPP4d6b6mw=
48,24,qDavq6a8pPJJXDkYdFzq14VpPYE=,LcP6sgcLoWRJ0lKxVWPP4d6b6mw=
57,16,qDavq6a8pPJJXDkYdFzq14VpPYE=,LcP6sgcLoWRJ0lKxVWPP4d6b6mw=
50,24,qDavq6a8pPJJXDkYdFzq14VpPYE=,LcP6sgcLoWRJ0lKxVWPP4d6b6mw=
51,23,qDavq6a8pPJJXDkYdFzq14VpPYE=,LcP6sgcLoWRJ0lKxVWPP4d6b6mw=
49,23,qDavq6a8pPJJXDkYdFzq14VpPYE=,LcP6sgcLoWRJ0lKxVWPP4d6b6mw=
48,23,qDavq6a8pPJJXDkYdFzq14VpPYE=,LcP6sgcLoWRJ0lKxVWPP4d6b6mw=
54,17,qDavq6a8pPJJXDkYdFzq14VpPYE=,LcP6sgcLoWRJ0lKxVWPP4d6b6mw=
63,22,qDavq6a8pPJJXDkYdFzq14VpPYE=,LcP6sgcLoWRJ0lKxVWPP4d6b6mw=
56,23,qDavq6a8pPJJXDkYdFzq14VpPYE=,LcP6sgcLoWRJ0lKxVWPP4d6b6mw=
59,22,qDavq6a8pPJJXDkYdFzq14VpPYE=,LcP6sgcLoWRJ0lKxVWPP4d6b6mw=
58,20,qDavq6a8pPJJXDkYdFzq14VpPYE=,LcP6sgcLoWRJ0lKxVWPP4d6b6mw=
50,23,qDavq6a8pPJJXDkYdFzq14VpPYE=,LcP6sgcLoWRJ0lKxVWPP4d6b6mw=
55,23,qDavq6a8pPJJXDkYdFzq14VpPYE=,LcP6sgcLoWRJ0lKxVWPP4d6b6mw=
63,23,qDavq6a8pPJJXDkYdFzq14VpPYE=,LcP6sgcLoWRJ0lKxVWPP4d6b6mw=
62,22,qDavq6a8pPJJXDkYdFzq14VpPYE=,LcP6sgcLoWRJ0lKxVWPP4d6b6mw=
52,23,qDavq6a8pPJJXDkYdFzq14VpPYE=,LcP6sgcLoWRJ0lKxVWPP4d6b6mw=
53,23,qDavq6a8pPJJXDkYdFzq14VpPYE=,LcP6sgcLoWRJ0lKxVWPP4d6b6mw=
49,19,qDavq6a8pPJJXDkYdFzq14VpPYE=,LcP6sgcLoWRJ0lKxVWPP4d6b6mw=
58,22,qDavq6a8pPJJXDkYdFzq14VpPYE=,LcP6sgcLoWRJ0lKxVWPP4d6b6mw=
57,22,qDavq6a8pPJJXDkYdFzq14VpPYE=,LcP6sgcLoWRJ0lKxVWPP4d6b6mw=
55,22,qDavq6a8pPJJXDkYdFzq14VpPYE=,LcP6sgcLoWRJ0lKxVWPP4d6b6mw=
54,22,qDavq6a8pPJJXDkYdFzq14VpPYE=,LcP6sgcLoWRJ0lKxVWPP4d6b6mw=
61,22,qDavq6a8pPJJXDkYdFzq14VpPYE=,LcP6sgcLoWRJ0lKxVWPP4d6b6mw=
60,22,qDavq6a8pPJJXDkYdFzq14VpPYE=,LcP6sgcLoWRJ0lKxVWPP4d6b6mw=
53,22,qDavq6a8pPJJXDkYdFzq14VpPYE=,LcP6sgcLoWRJ0lKxVWPP4d6b6mw=
49,22,qDavq6a8pPJJXDkYdFzq14VpPYE=,LcP6sgcLoWRJ0lKxVWPP4d6b6mw=
52,22,qDavq6a8pPJJXDkYdFzq14VpPYE=,LcP6sgcLoWRJ0lKxVWPP4d6b6mw=
50,22,qDavq6a8pPJJXDkYdFzq14VpPYE=,LcP6sgcLoWRJ0lKxVWPP4d6b6mw=
48,22,qDavq6a8pPJJXDkYdFzq14VpPYE=,LcP6sgcLoWRJ0lKxVWPP4d6b6mw=
63,21,qDavq6a8pPJJXDkYdFzq14VpPYE=,LcP6sgcLoWRJ0lKxVWPP4d6b6mw=
60,21,qDavq6a8pPJJXDkYdFzq14VpPYE=,LcP6sgcLoWRJ0lKxVWPP4d6b6mw=
62,21,qDavq6a8pPJJXDkYdFzq14VpPYE=,LcP6sgcLoWRJ0lKxVWPP4d6b6mw=
56,22,qDavq6a8pPJJXDkYdFzq14VpPYE=,LcP6sgcLoWRJ0lKxVWPP4d6b6mw=
48,19,qDavq6a8pPJJXDkYdFzq14VpPYE=,LcP6sgcLoWRJ0lKxVWPP4d6b6mw=
55,16,qDavq6a8pPJJXDkYdFzq14VpPYE=,LcP6sgcLoWRJ0lKxVWPP4d6b6mw=
51,22,qDavq6a8pPJJXDkYdFzq14VpPYE=,LcP6sgcLoWRJ0lKxVWPP4d6b6mw=
61,21,qDavq6a8pPJJXDkYdFzq14VpPYE=,LcP6sgcLoWRJ0lKxVWPP4d6b6mw=
53,17,qDavq6a8pPJJXDkYdFzq14VpPYE=,LcP6sgcLoWRJ0lKxVWPP4d6b6mw=
57,21,qDavq6a8pPJJXDkYdFzq14VpPYE=,LcP6sgcLoWRJ0lKxVWPP4d6b6mw=
59,21,qDavq6a8pPJJXDkYdFzq14VpPYE=,LcP6sgcLoWRJ0lKxVWPP4d6b6mw=
63,18,qDavq6a8pPJJXDkYdFzq14VpPYE=,LcP6sgcLoWRJ0lKxVWPP4d6b6mw=
53,21,qDavq6a8pPJJXDkYdFzq14VpPYE=,LcP6sgcLoWRJ0lKxVWPP4d6b6mw=
52,17,qDavq6a8pPJJXDkYdFzq14VpPYE=,LcP6sgcLoWRJ0lKxVWPP4d6b6mw=
58,21,qDavq6a8pPJJXDkYdFzq14VpPYE=,LcP6sgcLoWRJ0lKxVWPP4d6b6mw=
56,21,qDavq6a8pPJJXDkYdFzq14VpPYE=,LcP6sgcLoWRJ0lKxVWPP4d6b6mw=
54,21,qDavq6a8pPJJXDkYdFzq14VpPYE=,LcP6sgcLoWRJ0lKxVWPP4d6b6mw=
51,21,qDavq6a8pPJJXDkYdFzq14VpPYE=,LcP6sgcLoWRJ0lKxVWPP4d6b6mw=
55,21,qDavq6a8pPJJXDkYdFzq14VpPYE=,LcP6sgcLoWRJ0lKxVWPP4d6b6mw=
56,16,qDavq6a8pPJJXDkYdFzq14VpPYE=,LcP6sgcLoWRJ0lKxVWPP4d6b6mw=
51,17,qDavq6a8pPJJXDkYdFzq14VpPYE=,LcP6sgcLoWRJ0lKxVWPP4d6b6mw=
50,21,qDavq6a8pPJJXDkYdFzq14VpPYE=,LcP6sgcLoWRJ0lKxVWPP4d6b6mw=
62,20,qDavq6a8pPJJXDkYdFzq14VpPYE=,LcP6sgcLoWRJ0lKxVWPP4d6b6mw=
59,20,qDavq6a8pPJJXDkYdFzq14VpPYE=,LcP6sgcLoWRJ0lKxVWPP4d6b6mw=
48,21,qDavq6a8pPJJXDkYdFzq14VpPYE=,LcP6sgcLoWRJ0lKxVWPP4d6b6mw=
61,20,qDavq6a8pPJJXDkYdFzq14VpPYE=,LcP6sgcLoWRJ0lKxVWPP4d6b6mw=
63,20,qDavq6a8pPJJXDkYdFzq14VpPYE=,LcP6sgcLoWRJ0lKxVWPP4d6b6mw=
49,21,qDavq6a8pPJJXDkYdFzq14VpPYE=,LcP6sgcLoWRJ0lKxVWPP4d6b6mw=
52,21,qDavq6a8pPJJXDkYdFzq14VpPYE=,LcP6sgcLoWRJ0lKxVWPP4d6b6mw=
60,20,qDavq6a8pPJJXDkYdFzq14VpPYE=,LcP6sgcLoWRJ0lKxVWPP4d6b6mw=
54,16,qDavq6a8pPJJXDkYdFzq14VpPYE=,LcP6sgcLoWRJ0lKxVWPP4d6b6mw=
48,16,qDavq6a8pPJJXDkYdFzq14VpPYE=,LcP6sgcLoWRJ0lKxVWPP4d6b6mw=
60,3,p3tyzZQbABdsy/SesyNLniULfN0=,MWD2gFh1TT90raYkmNUgbcnXikU=
62,2,p3tyzZQbABdsy/SesyNLniULfN0=,MWD2gFh1TT90raYkmNUgbcnXikU=
51,0,p3tyzZQbABdsy/SesyNLniULfN0=,MWD2gFh1TT90raYkmNUgbcnXikU=
52,0,p3tyzZQbABdsy/SesyNLniULfN0=,MWD2gFh1TT90raYkmNUgbcnXikU=
61,2,p3tyzZQbABdsy/SesyNLniULfN0=,MWD2gFh1TT90raYkmNUgbcnXikU=
61,3,p3tyzZQbABdsy/SesyNLniULfN0=,MWD2gFh1TT90raYkmNUgbcnXikU=
63,1,p3tyzZQbABdsy/SesyNLniULfN0=,MWD2gFh1TT90raYkmNUgbcnXikU=
60,2,p3tyzZQbABdsy/SesyNLniULfN0=,MWD2gFh1TT90raYkmNUgbcnXikU=
62,3,p3tyzZQbABdsy/SesyNLniULfN0=,MWD2gFh1TT90raYkmNUgbcnXikU=
56,2,p3tyzZQbABdsy/SesyNLniULfN0=,MWD2gFh1TT90raYkmNUgbcnXikU=
57,2,p3tyzZQbABdsy/SesyNLniULfN0=,MWD2gFh1TT90raYkmNUgbcnXikU=
53,0,p3tyzZQbABdsy/SesyNLniULfN0=,MWD2gFh1TT90raYkmNUgbcnXikU=
59,3,p3tyzZQbABdsy/SesyNLniULfN0=,MWD2gFh1TT90raYkmNUgbcnXikU=
62,15,p3tyzZQbABdsy/SesyNLniULfN0=,MWD2gFh1TT90raYkmNUgbcnXikU=
60,15,p3tyzZQbABdsy/SesyNLniULfN0=,MWD2gFh1TT90raYkmNUgbcnXikU=
63,3,p3tyzZQbABdsy/SesyNLniULfN0=,MWD2gFh1TT90raYkmNUgbcnXikU=
58,15,p3tyzZQbABdsy/SesyNLniULfN0=,MWD2gFh1TT90raYkmNUgbcnXikU=
59,2,p3tyzZQbABdsy/SesyNLniULfN0=,MWD2gFh1TT90raYkmNUgbcnXikU=
63,15,p3tyzZQbABdsy/SesyNLniULfN0=,MWD2gFh1TT90raYkmNUgbcnXikU=
57,15,p3tyzZQbABdsy/SesyNLniULfN0=,MWD2gFh1TT90raYkmNUgbcnXikU=
56,15,p3tyzZQbABdsy/SesyNLniULfN0=,MWD2gFh1TT90raYkmNUgbcnXikU=
61,15,p3tyzZQbABdsy/SesyNLniULfN0=,MWD2gFh1TT90raYkmNUgbcnXikU=
55,15,p3tyzZQbABdsy/SesyNLniULfN0=,MWD2gFh1TT90raYkmNUgbcnXikU=
59,15,p3tyzZQbABdsy/SesyNLniULfN0=,MWD2gFh1TT90raYkmNUgbcnXikU=
54,15,p3tyzZQbABdsy/SesyNLniULfN0=,MWD2gFh1TT90raYkmNUgbcnXikU=
58,2,p3tyzZQbABdsy/SesyNLniULfN0=,MWD2gFh1TT90raYkmNUgbcnXikU=
55,2,p3tyzZQbABdsy/SesyNLniULfN0=,MWD2gFh1TT90raYkmNUgbcnXikU=
54,2,p3tyzZQbABdsy/SesyNLniULfN0=,MWD2gFh1TT90raYkmNUgbcnXikU=
53,2,p3tyzZQbABdsy/SesyNLniULfN0=,MWD2gFh1TT90raYkmNUgbcnXikU=
52,2,p3tyzZQbABdsy/SesyNLniULfN0=,MWD2gFh1TT90raYkmNUgbcnXikU=
48,4,p3tyzZQbABdsy/SesyNLniULfN0=,MWD2gFh1TT90raYkmNUgbcnXikU=
51,2,p3tyzZQbABdsy/SesyNLniULfN0=,MWD2gFh1TT90raYkmNUgbcnXikU=
50,2,p3tyzZQbABdsy/SesyNLniULfN0=,MWD2gFh1TT90raYkmNUgbcnXikU=
49,2,p3tyzZQbABdsy/SesyNLniULfN0=,MWD2gFh1TT90raYkmNUgbcnXikU=
53,15,p3tyzZQbABdsy/SesyNLniULfN0=,MWD2gFh1TT90raYkmNUgbcnXikU=
50,1,p3tyzZQbABdsy/SesyNLniULfN0=,MWD2gFh1TT90raYkmNUgbcnXikU=
52,15,p3tyzZQbABdsy/SesyNLniULfN0=,MWD2gFh1TT90raYkmNUgbcnXikU=
48,2,p3tyzZQbABdsy/SesyNLniULfN0=,MWD2gFh1TT90raYkmNUgbcnXikU=
51,15,p3tyzZQbABdsy/SesyNLniULfN0=,MWD2gFh1TT90raYkmNUgbcnXikU=
50,15,p3tyzZQbABdsy/SesyNLniULfN0=,MWD2gFh1TT90raYkmNUgbcnXikU=
49,15,p3tyzZQbABdsy/SesyNLniULfN0=,MWD2gFh1TT90raYkmNUgbcnXikU=
48,15,p3tyzZQbABdsy/SesyNLniULfN0=,MWD2gFh1TT90raYkmNUgbcnXikU=
50,0,p3tyzZQbABdsy/SesyNLniULfN0=,MWD2gFh1TT90raYkmNUgbcnXikU=
62,1,p3tyzZQbABdsy/SesyNLniULfN0=,MWD2gFh1TT90raYkmNUgbcnXikU=
49,4,p3tyzZQbABdsy/SesyNLniULfN0=,MWD2gFh1TT90raYkmNUgbcnXikU=
63,14,p3tyzZQbABdsy/SesyNLniULfN0=,MWD2gFh1TT90raYkmNUgbcnXikU=
62,14,p3tyzZQbABdsy/SesyNLniULfN0=,MWD2gFh1TT90raYkmNUgbcnXikU=
58,3,p3tyzZQbABdsy/SesyNLniULfN0=,MWD2gFh1TT90raYkmNUgbcnXikU=
50,4,p3tyzZQbABdsy/SesyNLniULfN0=,MWD2gFh1TT90raYkmNUgbcnXikU=
58,14,p3tyzZQbABdsy/SesyNLniULfN0=,MWD2gFh1TT90raYkmNUgbcnXikU=
61,14,p3tyzZQbABdsy/SesyNLniULfN0=,MWD2gFh1TT90raYkmNUgbcnXikU=
59,14,p3tyzZQbABdsy/SesyNLniULfN0=,MWD2gFh1TT90raYkmNUgbcnXikU=
55,14,p3tyzZQbABdsy/SesyNLniULfN0=,MWD2gFh1TT90raYkmNUgbcnXikU=
51,4,p3tyzZQbABdsy/SesyNLniULfN0=,MWD2gFh1TT90raYkmNUgbcnXikU=
57,14,p3tyzZQbABdsy/SesyNLniULfN0=,MWD2gFh1TT90raYkmNUgbcnXikU=
52,4,p3tyzZQbABdsy/SesyNLniULfN0=,MWD2gFh1TT90raYkmNUgbcnXikU=
52,14,p3tyzZQbABdsy/SesyNLniULfN0=,MWD2gFh1TT90raYkmNUgbcnXikU=
53,14,p3tyzZQbABdsy/SesyNLniULfN0=,MWD2gFh1TT90raYkmNUgbcnXikU=
53,4,p3tyzZQbABdsy/SesyNLniULfN0=,MWD2gFh1TT90raYkmNUgbcnXikU=
49,1,p3tyzZQbABdsy/SesyNLniULfN0=,MWD2gFh1TT90raYkmNUgbcnXikU=
54,4,p3tyzZQbABdsy/SesyNLniULfN0=,MWD2gFh1TT90raYkmNUgbcnXikU=
48,1,p3tyzZQbABdsy/SesyNLniULfN0=,MWD2gFh1TT90raYkmNUgbcnXikU=
57,3,p3tyzZQbABdsy/SesyNLniULfN0=,MWD2gFh1TT90raYkmNUgbcnXikU=
55,4,p3tyzZQbABdsy/SesyNLniULfN0=,MWD2gFh1TT90raYkmNUgbcnXikU=
49,14,p3tyzZQbABdsy/SesyNLniULfN0=,MWD2gFh1TT90raYkmNUgbcnXikU=
48,14,p3tyzZQbABdsy/SesyNLniULfN0=,MWD2gFh1TT90raYkmNUgbcnXikU=
49,0,p3tyzZQbABdsy/SesyNLniULfN0=,MWD2gFh1TT90raYkmNUgbcnXikU=
56,4,p3tyzZQbABdsy/SesyNLniULfN0=,MWD2gFh1TT90raYkmNUgbcnXikU=
63,13,p3tyzZQbABdsy/SesyNLniULfN0=,MWD2gFh1TT90raYkmNUgbcnXikU=
62,13,p3tyzZQbABdsy/SesyNLniULfN0=,MWD2gFh1TT90raYkmNUgbcnXikU=
61,13,p3tyzZQbABdsy/SesyNLniULfN0=,MWD2gFh1TT90raYkmNUgbcnXikU=
60,13,p3tyzZQbABdsy/SesyNLniULfN0=,MWD2gFh1TT90raYkmNUgbcnXikU=
57,4,p3tyzZQbABdsy/SesyNLniULfN0=,MWD2gFh1TT90raYkmNUgbcnXikU=
59,13,p3tyzZQbABdsy/SesyNLniULfN0=,MWD2gFh1TT90raYkmNUgbcnXikU=
58,13,p3tyzZQbABdsy/SesyNLniULfN0=,MWD2gFh1TT90raYkmNUgbcnXikU=
58,4,p3tyzZQbABdsy/SesyNLniULfN0=,MWD2gFh1TT90raYkmNUgbcnXikU=
57,13,p3tyzZQbABdsy/SesyNLniULfN0=,MWD2gFh1TT90raYkmNUgbcnXikU=
56,13,p3tyzZQbABdsy/SesyNLniULfN0=,MWD2gFh1TT90raYkmNUgbcnXikU=
59,4,p3tyzZQbABdsy/SesyNLniULfN0=,MWD2gFh1TT90raYkmNUgbcnXikU=
55,13,p3tyzZQbABdsy/SesyNLniULfN0=,MWD2gFh1TT90raYkmNUgbcnXikU=
54,13,p3tyzZQbABdsy/SesyNLniULfN0=,MWD2gFh1TT90raYkmNUgbcnXikU=
48,0,p3tyzZQbABdsy/SesyNLniULfN0=,MWD2gFh1TT90raYkmNUgbcnXikU=
53,13,p3tyzZQbABdsy/SesyNLniULfN0=,MWD2gFh1TT90raYkmNUgbcnXikU=
52,13,p3tyzZQbABdsy/SesyNLniULfN0=,MWD2gFh1TT90raYkmNUgbcnXikU=
63,2,p3tyzZQbABdsy/SesyNLniULfN0=,MWD2gFh1TT90raYkmNUgbcnXikU=
51,13,p3tyzZQbABdsy/SesyNLniULfN0=,MWD2gFh1TT90raYkmNUgbcnXikU=
63,0,p3tyzZQbABdsy/SesyNLniULfN0=,MWD2gFh1TT90raYkmNUgbcnXikU=
54,0,p3tyzZQbABdsy/SesyNLniULfN0=,MWD2gFh1TT90raYkmNUgbcnXikU=
61,1,p3tyzZQbABdsy/SesyNLniULfN0=,MWD2gFh1TT90raYkmNUgbcnXikU=
56,3,p3tyzZQbABdsy/SesyNLniULfN0=,MWD2gFh1TT90raYkmNUgbcnXikU=
60,14,p3tyzZQbABdsy/SesyNLniULfN0=,MWD2gFh1TT90raYkmNUgbcnXikU=
54,14,p3tyzZQbABdsy/SesyNLniULfN0=,MWD2gFh1TT90raYkmNUgbcnXikU=
56,14,p3tyzZQbABdsy/SesyNLniULfN0=,MWD2gFh1TT90raYkmNUgbcnXikU=
50,14,p3tyzZQbABdsy/SesyNLniULfN0=,MWD2gFh1TT90raYkmNUgbcnXikU=
51,14,p3tyzZQbABdsy/SesyNLniULfN0=,MWD2gFh1TT90raYkmNUgbcnXikU=
60,4,p3tyzZQbABdsy/SesyNLniULfN0=,MWD2gFh1TT90raYkmNUgbcnXikU=
49,13,p3tyzZQbABdsy/SesyNLniULfN0=,MWD2gFh1TT90raYkmNUgbcnXikU=
63,12,p3tyzZQbABdsy/SesyNLniULfN0=,MWD2gFh1TT90raYkmNUgbcnXikU=
50,13,p3tyzZQbABdsy/SesyNLniULfN0=,MWD2gFh1TT90raYkmNUgbcnXikU=
61,12,p3tyzZQbABdsy/SesyNLniULfN0=,MWD2gFh1TT90raYkmNUgbcnXikU=
61,4,p3tyzZQbABdsy/SesyNLniULfN0=,MWD2gFh1TT90raYkmNUgbcnXikU=
59,12,p3tyzZQbABdsy/SesyNLniULfN0=,MWD2gFh1TT90raYkmNUgbcnXikU=
60,12,p3tyzZQbABdsy/SesyNLniULfN0=,MWD2gFh1TT90raYkmNUgbcnXikU=
58,12,p3tyzZQbABdsy/SesyNLniULfN0=,MWD2gFh1TT90raYkmNUgbcnXikU=
60,1,p3tyzZQbABdsy/SesyNLniULfN0=,MWD2gFh1TT90raYkmNUgbcnXikU=
62,12,p3tyzZQbABdsy/SesyNLniULfN0=,MWD2gFh1TT90raYkmNUgbcnXikU=
62,4,p3tyzZQbABdsy/SesyNLniULfN0=,MWD2gFh1TT90raYkmNUgbcnXikU=
48,13,p3tyzZQbABdsy/SesyNLniULfN0=,MWD2gFh1TT90raYkmNUgbcnXikU=
57,12,p3tyzZQbABdsy/SesyNLniULfN0=,MWD2gFh1TT90raYkmNUgbcnXikU=
55,12,p3tyzZQbABdsy/SesyNLniULfN0=,MWD2gFh1TT90raYkmNUgbcnXikU=
53,12,p3tyzZQbABdsy/SesyNLniULfN0=,MWD2gFh1TT90raYkmNUgbcnXikU=
55,3,p3tyzZQbABdsy/SesyNLniULfN0=,MWD2gFh1TT90raYkmNUgbcnXikU=
63,4,p3tyzZQbABdsy/SesyNLniULfN0=,MWD2gFh1TT90raYkmNUgbcnXikU=
52,12,p3tyzZQbABdsy/SesyNLniULfN0=,MWD2gFh1TT90raYkmNUgbcnXikU=
51,12,p3tyzZQbABdsy/SesyNLniULfN0=,MWD2gFh1TT90raYkmNUgbcnXikU=
51,1,p3tyzZQbABdsy/SesyNLniULfN0=,MWD2gFh1TT90raYkmNUgbcnXikU=
50,12,p3tyzZQbABdsy/SesyNLniULfN0=,MWD2gFh1TT90raYkmNUgbcnXikU=
59,1,p3tyzZQbABdsy/SesyNLniULfN0=,MWD2gFh1TT90raYkmNUgbcnXikU=
49,12,p3tyzZQbABdsy/SesyNLniULfN0=,MWD2gFh1TT90raYkmNUgbcnXikU=
48,5,p3tyzZQbABdsy/SesyNLniULfN0=,MWD2gFh1TT90raYkmNUgbcnXikU=
62,11,p3tyzZQbABdsy/SesyNLniULfN0=,MWD2gFh1TT90raYkmNUgbcnXikU=
60,11,p3tyzZQbABdsy/SesyNLniULfN0=,MWD2gFh1TT90raYkmNUgbcnXikU=
61,11,p3tyzZQbABdsy/SesyNLniULfN0=,MWD2gFh1TT90raYkmNUgbcnXikU=
59,11,p3tyzZQbABdsy/SesyNLniULfN0=,MWD2gFh1TT90raYkmNUgbcnXikU=
58,11,p3tyzZQbABdsy/SesyNLniULfN0=,MWD2gFh1TT90raYkmNUgbcnXikU=
49,5,p3tyzZQbABdsy/SesyNLniULfN0=,MWD2gFh1TT90raYkmNUgbcnXikU=
57,11,p3tyzZQbABdsy/SesyNLniULfN0=,MWD2gFh1TT90raYkmNUgbcnXikU=
56,11,p3tyzZQbABdsy/SesyNLniULfN0=,MWD2gFh1TT90raYkmNUgbcnXikU=
55,11,p3tyzZQbABdsy/SesyNLniULfN0=,MWD2gFh1TT90raYkmNUgbcnXikU=
54,11,p3tyzZQbABdsy/SesyNLniULfN0=,MWD2gFh1TT90raYkmNUgbcnXikU=
50,5,p3tyzZQbABdsy/SesyNLniULfN0=,MWD2gFh1TT90raYkmNUgbcnXikU=
53,11,p3tyzZQbABdsy/SesyNLniULfN0=,MWD2gFh1TT90raYkmNUgbcnXikU=
61,0,p3tyzZQbABdsy/SesyNLniULfN0=,MWD2gFh1TT90raYkmNUgbcnXikU=
54,3,p3tyzZQbABdsy/SesyNLniULfN0=,MWD2gFh1TT90raYkmNUgbcnXikU=
52,11,p3tyzZQbABdsy/SesyNLniULfN0=,MWD2gFh1TT90raYkmNUgbcnXikU=
51,11,p3tyzZQbABdsy/SesyNLniULfN0=,MWD2gFh1TT90raYkmNUgbcnXikU=
51,5,p3tyzZQbABdsy/SesyNLniULfN0=,MWD2gFh1TT90raYkmNUgbcnXikU=
50,11,p3tyzZQbABdsy/SesyNLniULfN0=,MWD2gFh1TT90raYkmNUgbcnXikU=
49,11,p3tyzZQbABdsy/SesyNLniULfN0=,MWD2gFh1TT90raYkmNUgbcnXikU=
52,5,p3tyzZQbABdsy/SesyNLniULfN0=,MWD2gFh1TT90raYkmNUgbcnXikU=
48,11,p3tyzZQbABdsy/SesyNLniULfN0=,MWD2gFh1TT90raYkmNUgbcnXikU=
53,5,p3tyzZQbABdsy/SesyNLniULfN0=,MWD2gFh1TT90raYkmNUgbcnXikU=
58,1,p3tyzZQbABdsy/SesyNLniULfN0=,MWD2gFh1TT90raYkmNUgbcnXikU=
63,10,p3tyzZQbABdsy/SesyNLniULfN0=,MWD2gFh1TT90raYkmNUgbcnXikU=
62,10,p3tyzZQbABdsy/SesyNLniULfN0=,MWD2gFh1TT90raYkmNUgbcnXikU=
54,5,p3tyzZQbABdsy/SesyNLniULfN0=,MWD2gFh1TT90raYkmNUgbcnXikU=
61,10,p3tyzZQbABdsy/SesyNLniULfN0=,MWD2gFh1TT90raYkmNUgbcnXikU=
60,10,p3tyzZQbABdsy/SesyNLniULfN0=,MWD2gFh1TT90raYkmNUgbcnXikU=
59,10,p3tyzZQbABdsy/SesyNLniULfN0=,MWD2gFh1TT90raYkmNUgbcnXikU=
58,10,p3tyzZQbABdsy/SesyNLniULfN0=,MWD2gFh1TT90raYkmNUgbcnXikU=
57,10,p3tyzZQbABdsy/SesyNLniULfN0=,MWD2gFh1TT90raYkmNUgbcnXikU=
56,10,p3tyzZQbABdsy/SesyNLniULfN0=,MWD2gFh1TT90raYkmNUgbcnXikU=
55,10,p3tyzZQbABdsy/SesyNLniULfN0=,MWD2gFh1TT90raYkmNUgbcnXikU=
55,5,p3tyzZQbABdsy/SesyNLniULfN0=,MWD2gFh1TT90raYkmNUgbcnXikU=
54,10,p3tyzZQbABdsy/SesyNLniULfN0=,MWD2gFh1TT90raYkmNUgbcnXikU=
53,3,p3tyzZQbABdsy/SesyNLniULfN0=,MWD2gFh1TT90raYkmNUgbcnXikU=
56,5,p3tyzZQbABdsy/SesyNLniULfN0=,MWD2gFh1TT90raYkmNUgbcnXikU=
53,10,p3tyzZQbABdsy/SesyNLniULfN0=,MWD2gFh1TT90raYkmNUgbcnXikU=
52,10,p3tyzZQbABdsy/SesyNLniULfN0=,MWD2gFh1TT90raYkmNUgbcnXikU=
57,5,p3tyzZQbABdsy/SesyNLniULfN0=,MWD2gFh1TT90raYkmNUgbcnXikU=
51,10,p3tyzZQbABdsy/SesyNLniULfN0=,MWD2gFh1TT90raYkmNUgbcnXikU=
50,10,p3tyzZQbABdsy/SesyNLniULfN0=,MWD2gFh1TT90raYkmNUgbcnXikU=
54,12,p3tyzZQbABdsy/SesyNLniULfN0=,MWD2gFh1TT90raYkmNUgbcnXikU=
62,0,p3tyzZQbABdsy/SesyNLniULfN0=,MWD2gFh1TT90raYkmNUgbcnXikU=
48,12,p3tyzZQbABdsy/SesyNLniULfN0=,MWD2gFh1TT90raYkmNUgbcnXikU=
56,12,p3tyzZQbABdsy/SesyNLniULfN0=,MWD2gFh1TT90raYkmNUgbcnXikU=
63,11,p3tyzZQbABdsy/SesyNLniULfN0=,MWD2gFh1TT90raYkmNUgbcnXikU=
48,10,p3tyzZQbABdsy/SesyNLniULfN0=,MWD2gFh1TT90raYkmNUgbcnXikU=
57,1,p3tyzZQbABdsy/SesyNLniULfN0=,MWD2gFh1TT90raYkmNUgbcnXikU=
49,10,p3tyzZQbABdsy/SesyNLniULfN0=,MWD2gFh1TT90raYkmNUgbcnXikU=
60,0,p3tyzZQbABdsy/SesyNLniULfN0=,MWD2gFh1TT90raYkmNUgbcnXikU=
58,5,p3tyzZQbABdsy/SesyNLniULfN0=,MWD2gFh1TT90raYkmNUgbcnXikU=
61,9,p3tyzZQbABdsy/SesyNLniULfN0=,MWD2gFh1TT90raYkmNUgbcnXikU=
58,9,p3tyzZQbABdsy/SesyNLniULfN0=,MWD2gFh1TT90raYkmNUgbcnXikU=
62,9,p3tyzZQbABdsy/SesyNLniULfN0=,MWD2gFh1TT90raYkmNUgbcnXikU=
63,9,p3tyzZQbABdsy/SesyNLniULfN0=,MWD2gFh1TT90raYkmNUgbcnXikU=
60,9,p3tyzZQbABdsy/SesyNLniULfN0=,MWD2gFh1TT90raYkmNUgbcnXikU=
55,0,p3tyzZQbABdsy/SesyNLniULfN0=,MWD2gFh1TT90raYkmNUgbcnXikU=
52,1,p3tyzZQbABdsy/SesyNLniULfN0=,MWD2gFh1TT90raYkmNUgbcnXikU=
57,9,p3tyzZQbABdsy/SesyNLniULfN0=,MWD2gFh1TT90raYkmNUgbcnXikU=
63,5,p3tyzZQbABdsy/SesyNLniULfN0=,MWD2gFh1TT90raYkmNUgbcnXikU=
59,5,p3tyzZQbABdsy/SesyNLniULfN0=,MWD2gFh1TT90raYkmNUgbcnXikU=
60,5,p3tyzZQbABdsy/SesyNLniULfN0=,MWD2gFh1TT90raYkmNUgbcnXikU=
48,6,p3tyzZQbABdsy/SesyNLniULfN0=,MWD2gFh1TT90raYkmNUgbcnXikU=
53,1,p3tyzZQbABdsy/SesyNLniULfN0=,MWD2gFh1TT90raYkmNUgbcnXikU=
50,6,p3tyzZQbABdsy/SesyNLniULfN0=,MWD2gFh1TT90raYkmNUgbcnXikU=
61,5,p3tyzZQbABdsy/SesyNLniULfN0=,MWD2gFh1TT90raYkmNUgbcnXikU=
49,6,p3tyzZQbABdsy/SesyNLniULfN0=,MWD2gFh1TT90raYkmNUgbcnXikU=
52,6,p3tyzZQbABdsy/SesyNLniULfN0=,MWD2gFh1TT90raYkmNUgbcnXikU=
59,9,p3tyzZQbABdsy/SesyNLniULfN0=,MWD2gFh1TT90raYkmNUgbcnXikU=
48,3,p3tyzZQbABdsy/SesyNLniULfN0=,MWD2gFh1TT90raYkmNUgbcnXikU=
53,6,p3tyzZQbABdsy/SesyNLniULfN0=,MWD2gFh1TT90raYkmNUgbcnXikU=
62,5,p3tyzZQbABdsy/SesyNLniULfN0=,MWD2gFh1TT90raYkmNUgbcnXikU=
51,6,p3tyzZQbABdsy/SesyNLniULfN0=,MWD2gFh1TT90raYkmNUgbcnXikU=
57,6,p3tyzZQbABdsy/SesyNLniULfN0=,MWD2gFh1TT90raYkmNUgbcnXikU=
54,6,p3tyzZQbABdsy/SesyNLniULfN0=,MWD2gFh1TT90raYkmNUgbcnXikU=
62,6,p3tyzZQbABdsy/SesyNLniULfN0=,MWD2gFh1TT90raYkmNUgbcnXikU=
55,6,p3tyzZQbABdsy/SesyNLniULfN0=,MWD2gFh1TT90raYkmNUgbcnXikU=
58,6,p3tyzZQbABdsy/SesyNLniULfN0=,MWD2gFh1TT90raYkmNUgbcnXikU=
63,6,p3tyzZQbABdsy/SesyNLniULfN0=,MWD2gFh1TT90raYkmNUgbcnXikU=
49,3,p3tyzZQbABdsy/SesyNLniULfN0=,MWD2gFh1TT90raYkmNUgbcnXikU=
56,0,p3tyzZQbABdsy/SesyNLniULfN0=,MWD2gFh1TT90raYkmNUgbcnXikU=
48,7,p3tyzZQbABdsy/SesyNLniULfN0=,MWD2gFh1TT90raYkmNUgbcnXikU=
54,1,p3tyzZQbABdsy/SesyNLniULfN0=,MWD2gFh1TT90raYkmNUgbcnXikU=
49,7,p3tyzZQbABdsy/SesyNLniULfN0=,MWD2gFh1TT90raYkmNUgbcnXikU=
60,6,p3tyzZQbABdsy/SesyNLniULfN0=,MWD2gFh1TT90raYkmNUgbcnXikU=
50,7,p3tyzZQbABdsy/SesyNLniULfN0=,MWD2gFh1TT90raYkmNUgbcnXikU=
52,7,p3tyzZQbABdsy/SesyNLniULfN0=,MWD2gFh1TT90raYkmNUgbcnXikU=
59,6,p3tyzZQbABdsy/SesyNLniULfN0=,MWD2gFh1TT90raYkmNUgbcnXikU=
51,7,p3tyzZQbABdsy/SesyNLniULfN0=,MWD2gFh1TT90raYkmNUgbcnXikU=
50,3,p3tyzZQbABdsy/SesyNLniULfN0=,MWD2gFh1TT90raYkmNUgbcnXikU=
53,7,p3tyzZQbABdsy/SesyNLniULfN0=,MWD2gFh1TT90raYkmNUgbcnXikU=
54,7,p3tyzZQbABdsy/SesyNLniULfN0=,MWD2gFh1TT90raYkmNUgbcnXikU=
55,7,p3tyzZQbABdsy/SesyNLniULfN0=,MWD2gFh1TT90raYkmNUgbcnXikU=
57,7,p3tyzZQbABdsy/SesyNLniULfN0=,MWD2gFh1TT90raYkmNUgbcnXikU=
59,7,p3tyzZQbABdsy/SesyNLniULfN0=,MWD2gFh1TT90raYkmNUgbcnXikU=
57,0,p3tyzZQbABdsy/SesyNLniULfN0=,MWD2gFh1TT90raYkmNUgbcnXikU=
62,7,p3tyzZQbABdsy/SesyNLniULfN0=,MWD2gFh1TT90raYkmNUgbcnXikU=
55,1,p3tyzZQbABdsy/SesyNLniULfN0=,MWD2gFh1TT90raYkmNUgbcnXikU=
48,8,p3tyzZQbABdsy/SesyNLniULfN0=,MWD2gFh1TT90raYkmNUgbcnXikU=
56,7,p3tyzZQbABdsy/SesyNLniULfN0=,MWD2gFh1TT90raYkmNUgbcnXikU=
61,7,p3tyzZQbABdsy/SesyNLniULfN0=,MWD2gFh1TT90raYkmNUgbcnXikU=
60,7,p3tyzZQbABdsy/SesyNLniULfN0=,MWD2gFh1TT90raYkmNUgbcnXikU=
51,8,p3tyzZQbABdsy/SesyNLniULfN0=,MWD2gFh1TT90raYkmNUgbcnXikU=
58,7,p3tyzZQbABdsy/SesyNLniULfN0=,MWD2gFh1TT90raYkmNUgbcnXikU=
49,8,p3tyzZQbABdsy/SesyNLniULfN0=,MWD2gFh1TT90raYkmNUgbcnXikU=
63,7,p3tyzZQbABdsy/SesyNLniULfN0=,MWD2gFh1TT90raYkmNUgbcnXikU=
50,8,p3tyzZQbABdsy/SesyNLniULfN0=,MWD2gFh1TT90raYkmNUgbcnXikU=
52,8,p3tyzZQbABdsy/SesyNLniULfN0=,MWD2gFh1TT90raYkmNUgbcnXikU=
57,8,p3tyzZQbABdsy/SesyNLniULfN0=,MWD2gFh1TT90raYkmNUgbcnXikU=
51,3,p3tyzZQbABdsy/SesyNLniULfN0=,MWD2gFh1TT90raYkmNUgbcnXikU=
58,0,p3tyzZQbABdsy/SesyNLniULfN0=,MWD2gFh1TT90raYkmNUgbcnXikU=
53,8,p3tyzZQbABdsy/SesyNLniULfN0=,MWD2gFh1TT90raYkmNUgbcnXikU=
54,8,p3tyzZQbABdsy/SesyNLniULfN0=,MWD2gFh1TT90raYkmNUgbcnXikU=
58,8,p3tyzZQbABdsy/SesyNLniULfN0=,MWD2gFh1TT90raYkmNUgbcnXikU=
56,8,p3tyzZQbABdsy/SesyNLniULfN0=,MWD2gFh1TT90raYkmNUgbcnXikU=
59,8,p3tyzZQbABdsy/SesyNLniULfN0=,MWD2gFh1TT90raYkmNUgbcnXikU=
48,9,p3tyzZQbABdsy/SesyNLniULfN0=,MWD2gFh1TT90raYkmNUgbcnXikU=
63,8,p3tyzZQbABdsy/SesyNLniULfN0=,MWD2gFh1TT90raYkmNUgbcnXikU=
56,1,p3tyzZQbABdsy/SesyNLniULfN0=,MWD2gFh1TT90raYkmNUgbcnXikU=
49,9,p3tyzZQbABdsy/SesyNLniULfN0=,MWD2gFh1TT90raYkmNUgbcnXikU=
50,9,p3tyzZQbABdsy/SesyNLniULfN0=,MWD2gFh1TT90raYkmNUgbcnXikU=
51,9,p3tyzZQbABdsy/SesyNLniULfN0=,MWD2gFh1TT90raYkmNUgbcnXikU=
53,9,p3tyzZQbABdsy/SesyNLniULfN0=,MWD2gFh1TT90raYkmNUgbcnXikU=
52,3,p3tyzZQbABdsy/SesyNLniULfN0=,MWD2gFh1TT90raYkmNUgbcnXikU=
52,9,p3tyzZQbABdsy/SesyNLniULfN0=,MWD2gFh1TT90raYkmNUgbcnXikU=
54,9,p3tyzZQbABdsy/SesyNLniULfN0=,MWD2gFh1TT90raYkmNUgbcnXikU=
62,8,p3tyzZQbABdsy/SesyNLniULfN0=,MWD2gFh1TT90raYkmNUgbcnXikU=
59,0,p3tyzZQbABdsy/SesyNLniULfN0=,MWD2gFh1TT90raYkmNUgbcnXikU=
60,8,p3tyzZQbABdsy/SesyNLniULfN0=,MWD2gFh1TT90raYkmNUgbcnXikU=
56,6,p3tyzZQbABdsy/SesyNLniULfN0=,MWD2gFh1TT90raYkmNUgbcnXikU=
55,9,p3tyzZQbABdsy/SesyNLniULfN0=,MWD2gFh1TT90raYkmNUgbcnXikU=
61,8,p3tyzZQbABdsy/SesyNLniULfN0=,MWD2gFh1TT90raYkmNUgbcnXikU=
55,8,p3tyzZQbABdsy/SesyNLniULfN0=,MWD2gFh1TT90raYkmNUgbcnXikU=
61,6,p3tyzZQbABdsy/SesyNLniULfN0=,MWD2gFh1TT90raYkmNUgbcnXikU=
56,9,p3tyzZQbABdsy/SesyNLniULfN0=,MWD2gFh1TT90raYkmNUgbcnXikU=
