-3,2,an8na260fCenKgjYLzXaMcAIvwU=,DId49tQLOPhu2mDD3rezLcHESiQ=
-16,0,an8na260fCenKgjYLzXaMcAIvwU=,DId49tQLOPhu2mDD3rezLcHESiQ=
-13,0,an8na260fCenKgjYLzXaMcAIvwU=,DId49tQLOPhu2mDD3rezLcHESiQ=
-6,2,an8na260fCenKgjYLzXaMcAIvwU=,DId49tQLOPhu2mDD3rezLcHESiQ=
-7,2,an8na260fCenKgjYLzXaMcAIvwU=,DId49tQLOPhu2mDD3rezLcHESiQ=
-14,1,an8na260fCenKgjYLzXaMcAIvwU=,DId49tQLOPhu2mDD3rezLcHESiQ=
-1,1,MixZkWB/CJuAgXgAsOXnRODVNUw=,DId49tQLOPhu2mDD3rezLcHESiQ=
-4,2,MixZkWB/CJuAgXgAsOXnRODVNUw=,DId49tQLOPhu2mDD3rezLcHESiQ=
-8,2,MixZkWB/CJuAgXgAsOXnRODVNUw=,DId49tQLOPhu2mDD3rezLcHESiQ=
-1,15,MixZkWB/CJuAgXgAsOXnRODVNUw=,DId49tQLOPhu2mDD3rezLcHESiQ=
-5,2,MixZkWB/CJuAgXgAsOXnRODVNUw=,DId49tQLOPhu2mDD3rezLcHESiQ=
-5,3,MixZkWB/CJuAgXgAsOXnRODVNUw=,DId49tQLOPhu2mDD3rezLcHESiQ=
-9,2,MixZkWB/CJuAgXgAsOXnRODVNUw=,DId49tQLOPhu2mDD3rezLcHESiQ=
-10,2,MixZkWB/CJuAgXgAsOXnRODVNUw=,DId49tQLOPhu2mDD3rezLcHESiQ=
-13,1,MixZkWB/CJuAgXgAsOXnRODVNUw=,DId49tQLOPhu2mDD3rezLcHESiQ=
-13,2,MixZkWB/CJuAgXgAsOXnRODVNUw=,DId49tQLOPhu2mDD3rezLcHESiQ=
-11,2,MixZkWB/CJuAgXgAsOXnRODVNUw=,DId49tQLOPhu2mDD3rezLcHESiQ=
-12,2,MixZkWB/CJuAgXgAsOXnRODVNUw=,DId49tQLOPhu2mDD3rezLcHESiQ=
-14,0,MixZkWB/CJuAgXgAsOXnRODVNUw=,DId49tQLOPhu2mDD3rezLcHESiQ=
-14,2,MixZkWB/CJuAgXgAsOXnRODVNUw=,DId49tQLOPhu2mDD3rezLcHESiQ=
-15,2,MixZkWB/CJuAgXgAsOXnRODVNUw=,DId49tQLOPhu2mDD3rezLcHESiQ=
-16,2,MixZkWB/CJuAgXgAsOXnRODVNUw=,DId49tQLOPhu2mDD3rezLcHESiQ=
-6,3,MixZkWB/CJuAgXgAsOXnRODVNUw=,DId49tQLOPhu2mDD3rezLcHESiQ=
-2,15,MixZkWB/CJuAgXgAsOXnRODVNUw=,DId49tQLOPhu2mDD3rezLcHESiQ=
-4,15,MixZkWB/CJuAgXgAsOXnRODVNUw=,DId49tQLOPhu2mDD3rezLcHESiQ=
-5,15,MixZkWB/CJuAgXgAsOXnRODVNUw=,DId49tQLOPhu2mDD3rezLcHESiQ=
-6,15,MixZkWB/CJuAgXgAsOXnRODVNUw=,DId49tQLOPhu2mDD3rezLcHESiQ=
-7,15,MixZkWB/CJuAgXgAsOXnRODVNUw=,DId49tQLOPhu2mDD3rezLcHESiQ=
-8,15,MixZkWB/CJuAgXgAsOXnRODVNUw=,DId49tQLOPhu2mDD3rezLcHESiQ=
-9,15,MixZkWB/CJuAgXgAsOXnRODVNUw=,DId49tQLOPhu2mDD3rezLcHESiQ=
-10,15,MixZkWB/CJuAgXgAsOXnRODVNUw=,DId49tQLOPhu2mDD3rezLcHESiQ=
-12,1,MixZkWB/CJuAgXgAsOXnRODVNUw=,DId49tQLOPhu2mDD3rezLcHESiQ=
-14,15,MixZkWB/CJuAgXgAsOXnRODVNUw=,DId49tQLOPhu2mDD3rezLcHESiQ=
-3,15,MixZkWB/CJuAgXgAsOXnRODVNUw=,DId49tQLOPhu2mDD3rezLcHESiQ=
-16,15,MixZkWB/CJuAgXgAsOXnRODVNUw=,DId49tQLOPhu2mDD3rezLcHESiQ=
-11,1,MixZkWB/CJuAgXgAsOXnRODVNUw=,DId49tQLOPhu2mDD3rezLcHESiQ=
-15,15,MixZkWB/CJuAgXgAsOXnRODVNUw=,DId49tQLOPhu2mDD3rezLcHESiQ=
-11,15,MixZkWB/CJuAgXgAsOXnRODVNUw=,DId49tQLOPhu2mDD3rezLcHESiQ=
-13,15,MixZkWB/CJuAgXgAsOXnRODVNUw=,DId49tQLOPhu2mDD3rezLcHESiQ=
-1,14,MixZkWB/CJuAgXgAsOXnRODVNUw=,DId49tQLOPhu2mDD3rezLcHESiQ=
-15,1,MixZkWB/CJuAgXgAsOXnRODVNUw=,DId49tQLOPhu2mDD3rezLcHESiQ=
-10,1,MixZkWB/CJuAgXgAsOXnRODVNUw=,DId49tQLOPhu2mDD3rezLcHESiQ=
-7,3,MixZkWB/CJuAgXgAsOXnRODVNUw=,DId49tQLOPhu2mDD3rezLcHESiQ=
-12,15,MixZkWB/CJuAgXgAsOXnRODVNUw=,DId49tQLOPhu2mDD3rezLcHESiQ=
-2,14,MixZkWB/CJuAgXgAsOXnRODVNUw=,DId49tQLOPhu2mDD3rezLcHESiQ=
-9,1,MixZkWB/CJuAgXgAsOXnRODVNUw=,DId49tQLOPhu2mDD3rezLcHESiQ=
-8,14,MixZkWB/CJuAgXgAsOXnRODVNUw=,DId49tQLOPhu2mDD3rezLcHESiQ=
-5,14,MixZkWB/CJuAgXgAsOXnRODVNUw=,DId49tQLOPhu2mDD3rezLcHESiQ=
-7,14,MixZkWB/CJuAgXgAsOXnRODVNUw=,DId49tQLOPhu2mDD3rezLcHESiQ=
-3,14,MixZkWB/CJuAgXgAsOXnRODVNUw=,DId49tQLOPhu2mDD3rezLcHESiQ=
-4,14,MixZkWB/CJuAgXgAsOXnRODVNUw=,DId49tQLOPhu2mDD3rezLcHESiQ=
-6,14,MixZkWB/CJuAgXgAsOXnRODVNUw=,DId49tQLOPhu2mDD3rezLcHESiQ=
-8,1,MixZkWB/CJuAgXgAsOXnRODVNUw=,DId49tQLOPhu2mDD3rezLcHESiQ=
-10,14,MixZkWB/CJuAgXgAsOXnRODVNUw=,DId49tQLOPhu2mDD3rezLcHESiQ=
-11,14,MixZkWB/CJuAgXgAsOXnRODVNUw=,DId49tQLOPhu2mDD3rezLcHESiQ=
-9,14,MixZkWB/CJuAgXgAsOXnRODVNUw=,DId49tQLOPhu2mDD3rezLcHESiQ=
-12,14,MixZkWB/CJuAgXgAsOXnRODVNUw=,DId49tQLOPhu2mDD3rezLcHESiQ=
-7,1,MixZkWB/CJuAgXgAsOXnRODVNUw=,DId49tQLOPhu2mDD3rezLcHESiQ=
-15,14,MixZkWB/CJuAgXgAsOXnRODVNUw=,DId49tQLOPhu2mDD3rezLcHESiQ=
-13,14,MixZkWB/CJuAgXgAsOXnRODVNUw=,DId49tQLOPhu2mDD3rezLcHESiQ=
-14,14,MixZkWB/CJuAgXgAsOXnRODVNUw=,DId49tQLOPhu2mDD3rezLcHESiQ=
-6,1,MixZkWB/CJuAgXgAsOXnRODVNUw=,DId49tQLOPhu2mDD3rezLcHESiQ=
-8,3,MixZkWB/CJuAgXgAsOXnRODVNUw=,DId49tQLOPhu2mDD3rezLcHESiQ=
-16,14,MixZkWB/CJuAgXgAsOXnRODVNUw=,DId49tQLOPhu2mDD3rezLcHESiQ=
-2,13,MixZkWB/CJuAgXgAsOXnRODVNUw=,DId49tQLOPhu2mDD3rezLcHESiQ=
-16,1,MixZkWB/CJuAgXgAsOXnRODVNUw=,DId49tQLOPhu2mDD3rezLcHESiQ=
-1,13,MixZkWB/CJuAgXgAsOXnRODVNUw=,DId49tQLOPhu2mDD3rezLcHESiQ=
-3,13,MixZkWB/CJuAgXgAsOXnRODVNUw=,DId49tQLOPhu2mDD3rezLcHESiQ=
-5,1,MixZkWB/CJuAgXgAsOXnRODVNUw=,DId49tQLOPhu2mDD3rezLcHESiQ=
-2,1,MixZkWB/CJuAgXgAsOXnRODVNUw=,DId49tQLOPhu2mDD3rezLcHESiQ=
-4,1,MixZkWB/CJuAgXgAsOXnRODVNUw=,DId49tQLOPhu2mDD3rezLcHESiQ=
-5,13,MixZkWB/CJuAgXgAsOXnRODVNUw=,DId49tQLOPhu2mDD3rezLcHESiQ=
-7,13,MixZkWB/CJuAgXgAsOXnRODVNUw=,DId49tQLOPhu2mDD3rezLcHESiQ=
-11,13,MixZkWB/CJuAgXgAsOXnRODVNUw=,DId49tQLOPhu2mDD3rezLcHESiQ=
-10,13,MixZkWB/CJuAgXgAsOXnRODVNUw=,DId49tQLOPhu2mDD3rezLcHESiQ=
-15,0,MixZkWB/CJuAgXgAsOXnRODVNUw=,DId49tQLOPhu2mDD3rezLcHESiQ=
-12,13,MixZkWB/CJuAgXgAsOXnRODVNUw=,DId49tQLOPhu2mDD3rezLcHESiQ=
-9,13,MixZkWB/CJuAgXgAsOXnRODVNUw=,DId49tQLOPhu2mDD3rezLcHESiQ=
-16,13,MixZkWB/CJuAgXgAsOXnRODVNUw=,DId49tQLOPhu2mDD3rezLcHESiQ=
-15,13,MixZkWB/CJuAgXgAsOXnRODVNUw=,DId49tQLOPhu2mDD3rezLcHESiQ=
-12,0,MixZkWB/CJuAgXgAsOXnRODVNUw=,DId49tQLOPhu2mDD3rezLcHESiQ=
-13,13,MixZkWB/CJuAgXgAsOXnRODVNUw=,DId49tQLOPhu2mDD3rezLcHESiQ=
-9,3,MixZkWB/CJuAgXgAsOXnRODVNUw=,DId49tQLOPhu2mDD3rezLcHESiQ=
-1,0,MixZkWB/CJuAgXgAsOXnRODVNUw=,DId49tQLOPhu2mDD3rezLcHESiQ=
-4,3,MixZkWB/CJuAgXgAsOXnRODVNUw=,DId49tQLOPhu2mDD3rezLcHESiQ=
-8,13,MixZkWB/CJuAgXgAsOXnRODVNUw=,DId49tQLOPhu2mDD3rezLcHESiQ=
-6,13,MixZkWB/CJuAgXgAsOXnRODVNUw=,DId49tQLOPhu2mDD3rezLcHESiQ=
-4,13,MixZkWB/CJuAgXgAsOXnRODVNUw=,DId49tQLOPhu2mDD3rezLcHESiQ=
-14,13,MixZkWB/CJuAgXgAsOXnRODVNUw=,DId49tQLOPhu2mDD3rezLcHESiQ=
-1,12,MixZkWB/CJuAgXgAsOXnRODVNUw=,DId49tQLOPhu2mDD3rezLcHESiQ=
-2,12,MixZkWB/CJuAgXgAsOXnRODVNUw=,DId49tQLOPhu2mDD3rezLcHESiQ=
-4,12,MixZkWB/CJuAgXgAsOXnRODVNUw=,DId49tQLOPhu2mDD3rezLcHESiQ=
-3,12,MixZkWB/CJuAgXgAsOXnRODVNUw=,DId49tQLOPhu2mDD3rezLcHESiQ=
-3,1,MixZkWB/CJuAgXgAsOXnRODVNUw=,DId49tQLOPhu2mDD3rezLcHESiQ=
-5,12,MixZkWB/CJuAgXgAsOXnRODVNUw=,DId49tQLOPhu2mDD3rezLcHESiQ=
-8,12,MixZkWB/CJuAgXgAsOXnRODVNUw=,DId49tQLOPhu2mDD3rezLcHESiQ=
-7,12,MixZkWB/CJuAgXgAsOXnRODVNUw=,DId49tQLOPhu2mDD3rezLcHESiQ=
-6,12,MixZkWB/CJuAgXgAsOXnRODVNUw=,DId49tQLOPhu2mDD3rezLcHESiQ=
-11,0,MixZkWB/CJuAgXgAsOXnRODVNUw=,DId49tQLOPhu2mDD3rezLcHESiQ=
-12,12,MixZkWB/CJuAgXgAsOXnRODVNUw=,DId49tQLOPhu2mDD3rezLcHESiQ=
-10,12,MixZkWB/CJuAgXgAsOXnRODVNUw=,DId49tQLOPhu2mDD3rezLcHESiQ=
-9,12,MixZkWB/CJuAgXgAsOXnRODVNUw=,DId49tQLOPhu2mDD3rezLcHESiQ=
-3,3,MixZkWB/CJuAgXgAsOXnRODVNUw=,DId49tQLOPhu2mDD3rezLcHESiQ=
-11,12,MixZkWB/CJuAgXgAsOXnRODVNUw=,DId49tQLOPhu2mDD3rezLcHESiQ=
-16,12,MixZkWB/CJuAgXgAsOXnRODVNUw=,DId49tQLOPhu2mDD3rezLcHESiQ=
-10,3,MixZkWB/CJuAgXgAsOXnRODVNUw=,DId49tQLOPhu2mDD3rezLcHESiQ=
-15,12,MixZkWB/CJuAgXgAsOXnRODVNUw=,DId49tQLOPhu2mDD3rezLcHESiQ=
-13,12,MixZkWB/CJuAgXgAsOXnRODVNUw=,DId49tQLOPhu2mDD3rezLcHESiQ=
-1,11,MixZkWB/CJuAgXgAsOXnRODVNUw=,DId49tQLOPhu2mDD3rezLcHESiQ=
-14,12,MixZkWB/CJuAgXgAsOXnRODVNUw=,DId49tQLOPhu2mDD3rezLcHESiQ=
-2,2,MixZkWB/CJuAgXgAsOXnRODVNUw=,DId49tQLOPhu2mDD3rezLcHESiQ=
-2,0,MixZkWB/CJuAgXgAsOXnRODVNUw=,DId49tQLOPhu2mDD3rezLcHESiQ=
-4,11,MixZkWB/CJuAgXgAsOXnRODVNUw=,DId49tQLOPhu2mDD3rezLcHESiQ=
-3,11,MixZkWB/CJuAgXgAsOXnRODVNUw=,DId49tQLOPhu2mDD3rezLcHESiQ=
-6,11,MixZkWB/CJuAgXgAsOXnRODVNUw=,DId49tQLOPhu2mDD3rezLcHESiQ=
-10,0,MixZkWB/CJuAgXgAsOXnRODVNUw=,DId49tQLOPhu2mDD3rezLcHESiQ=
-9,11,MixZkWB/CJuAgXgAsOXnRODVNUw=,DId49tQLOPhu2mDD3rezLcHESiQ=
-5,11,MixZkWB/CJuAgXgAsOXnRODVNUw=,DId49tQLOPhu2mDD3rezLcHESiQ=
-2,11,MixZkWB/CJuAgXgAsOXnRODVNUw=,DId49tQLOPhu2mDD3rezLcHESiQ=
-8,11,MixZkWB/CJuAgXgAsOXnRODVNUw=,DId49tQLOPhu2mDD3rezLcHESiQ=
-7,11,MixZkWB/CJuAgXgAsOXnRODVNUw=,DId49tQLOPhu2mDD3rezLcHESiQ=
-12,11,MixZkWB/CJuAgXgAsOXnRODVNUw=,DId49tQLOPhu2mDD3rezLcHESiQ=
-10,11,MixZkWB/CJuAgXgAsOXnRODVNUw=,DId49tQLOPhu2mDD3rezLcHESiQ=
-2,3,MixZkWB/CJuAgXgAsOXnRODVNUw=,DId49tQLOPhu2mDD3rezLcHESiQ=
-11,11,MixZkWB/CJuAgXgAsOXnRODVNUw=,DId49tQLOPhu2mDD3rezLcHESiQ=
-16,11,MixZkWB/CJuAgXgAsOXnRODVNUw=,DId49tQLOPhu2mDD3rezLcHESiQ=
-13,11,MixZkWB/CJuAgXgAsOXnRODVNUw=,DId49tQLOPhu2mDD3rezLcHESiQ=
-1,3,MixZkWB/CJuAgXgAsOXnRODVNUw=,DId49tQLOPhu2mDD3rezLcHESiQ=
-14,11,MixZkWB/CJuAgXgAsOXnRODVNUw=,DId49tQLOPhu2mDD3rezLcHESiQ=
-15,11,MixZkWB/CJuAgXgAsOXnRODVNUw=,DId49tQLOPhu2mDD3rezLcHESiQ=
-11,3,MixZkWB/CJuAgXgAsOXnRODVNUw=,DId49tQLOPhu2mDD3rezLcHESiQ=
-3,10,MixZkWB/CJuAgXgAsOXnRODVNUw=,DId49tQLOPhu2mDD3rezLcHESiQ=
-16,4,MixZkWB/CJuAgXgAsOXnRODVNUw=,DId49tQLOPhu2mDD3rezLcHESiQ=
-1,10,MixZkWB/CJuAgXgAsOXnRODVNUw=,DId49tQLOPhu2mDD3rezLcHESiQ=
-3,0,MixZkWB/CJuAgXgAsOXnRODVNUw=,DId49tQLOPhu2mDD3rezLcHESiQ=
-2,10,MixZkWB/CJuAgXgAsOXnRODVNUw=,DId49tQLOPhu2mDD3rezLcHESiQ=
-5,10,MixZkWB/CJuAgXgAsOXnRODVNUw=,DId49tQLOPhu2mDD3rezLcHESiQ=
-7,10,MixZkWB/CJuAgXgAsOXnRODVNUw=,DId49tQLOPhu2mDD3rezLcHESiQ=
-15,4,MixZkWB/CJuAgXgAsOXnRODVNUw=,DId49tQLOPhu2mDD3rezLcHESiQ=
-6,10,MixZkWB/CJuAgXgAsOXnRODVNUw=,DId49tQLOPhu2mDD3rezLcHESiQ=
-4,10,MixZkWB/CJuAgXgAsOXnRODVNUw=,DId49tQLOPhu2mDD3rezLcHESiQ=
-8,10,MixZkWB/CJuAgXgAsOXnRODVNUw=,DId49tQLOPhu2mDD3rezLcHESiQ=
-14,4,MixZkWB/CJuAgXgAsOXnRODVNUw=,DId49tQLOPhu2mDD3rezLcHESiQ=
-11,10,MixZkWB/CJuAgXgAsOXnRODVNUw=,DId49tQLOPhu2mDD3rezLcHESiQ=
-9,10,MixZkWB/CJuAgXgAsOXnRODVNUw=,DId49tQLOPhu2mDD3rezLcHESiQ=
-12,10,MixZkWB/CJuAgXgAsOXnRODVNUw=,DId49tQLOPhu2mDD3rezLcHESiQ=
-14,10,MixZkWB/CJuAgXgAsOXnRODVNUw=,DId49tQLOPhu2mDD3rezLcHESiQ=
-13,4,MixZkWB/CJuAgXgAsOXnRODVNUw=,DId49tQLOPhu2mDD3rezLcHESiQ=
-4,0,MixZkWB/CJuAgXgAsOXnRODVNUw=,DId49tQLOPhu2mDD3rezLcHESiQ=
-10,10,MixZkWB/CJuAgXgAsOXnRODVNUw=,DId49tQLOPhu2mDD3rezLcHESiQ=
-13,10,MixZkWB/CJuAgXgAsOXnRODVNUw=,DId49tQLOPhu2mDD3rezLcHESiQ=
-16,10,MixZkWB/CJuAgXgAsOXnRODVNUw=,DId49tQLOPhu2mDD3rezLcHESiQ=
-1,9,MixZkWB/CJuAgXgAsOXnRODVNUw=,DId49tQLOPhu2mDD3rezLcHESiQ=
-15,10,MixZkWB/CJuAgXgAsOXnRODVNUw=,DId49tQLOPhu2mDD3rezLcHESiQ=
-12,3,MixZkWB/CJuAgXgAsOXnRODVNUw=,DId49tQLOPhu2mDD3rezLcHESiQ=
-12,4,MixZkWB/CJuAgXgAsOXnRODVNUw=,DId49tQLOPhu2mDD3rezLcHESiQ=
-4,9,MixZkWB/CJuAgXgAsOXnRODVNUw=,DId49tQLOPhu2mDD3rezLcHESiQ=
-3,9,MixZkWB/CJuAgXgAsOXnRODVNUw=,DId49tQLOPhu2mDD3rezLcHESiQ=
-6,9,MixZkWB/CJuAgXgAsOXnRODVNUw=,DId49tQLOPhu2mDD3rezLcHESiQ=
-2,9,MixZkWB/CJuAgXgAsOXnRODVNUw=,DId49tQLOPhu2mDD3rezLcHESiQ=
-5,9,MixZkWB/CJuAgXgAsOXnRODVNUw=,DId49tQLOPhu2mDD3rezLcHESiQ=
-11,4,MixZkWB/CJuAgXgAsOXnRODVNUw=,DId49tQLOPhu2mDD3rezLcHESiQ=
-7,9,MixZkWB/CJuAgXgAsOXnRODVNUw=,DId49tQLOPhu2mDD3rezLcHESiQ=
-8,9,MixZkWB/CJuAgXgAsOXnRODVNUw=,DId49tQLOPhu2mDD3rezLcHESiQ=
-13,9,MixZkWB/CJuAgXgAsOXnRODVNUw=,DId49tQLOPhu2mDD3rezLcHESiQ=
-9,9,MixZkWB/CJuAgXgAsOXnRODVNUw=,DId49tQLOPhu2mDD3rezLcHESiQ=
-11,9,MixZkWB/CJuAgXgAsOXnRODVNUw=,DId49tQLOPhu2mDD3rezLcHESiQ=
-10,4,MixZkWB/CJuAgXgAsOXnRODVNUw=,DId49tQLOPhu2mDD3rezLcHESiQ=
-12,9,MixZkWB/CJuAgXgAsOXnRODVNUw=,DId49tQLOPhu2mDD3rezLcHESiQ=
-14,9,MixZkWB/CJuAgXgAsOXnRODVNUw=,DId49tQLOPhu2mDD3rezLcHESiQ=
-10,9,MixZkWB/CJuAgXgAsOXnRODVNUw=,DId49tQLOPhu2mDD3rezLcHESiQ=
-16,9,MixZkWB/CJuAgXgAsOXnRODVNUw=,DId49tQLOPhu2mDD3rezLcHESiQ=
-15,9,MixZkWB/CJuAgXgAsOXnRODVNUw=,DId49tQLOPhu2mDD3rezLcHESiQ=
-9,4,MixZkWB/CJuAgXgAsOXnRODVNUw=,DId49tQLOPhu2mDD3rezLcHESiQ=
-1,8,MixZkWB/CJuAgXgAsOXnRODVNUw=,DId49tQLOPhu2mDD3rezLcHESiQ=
-2,8,MixZkWB/CJuAgXgAsOXnRODVNUw=,DId49tQLOPhu2mDD3rezLcHESiQ=
-3,8,MixZkWB/CJuAgXgAsOXnRODVNUw=,DId49tQLOPhu2mDD3rezLcHESiQ=
-13,3,MixZkWB/CJuAgXgAsOXnRODVNUw=,DId49tQLOPhu2mDD3rezLcHESiQ=
-6,8,MixZkWB/CJuAgXgAsOXnRODVNUw=,DId49tQLOPhu2mDD3rezLcHESiQ=
-4,8,MixZkWB/CJuAgXgAsOXnRODVNUw=,DId49tQLOPhu2mDD3rezLcHESiQ=
-5,8,MixZkWB/CJuAgXgAsOXnRODVNUw=,DId49tQLOPhu2mDD3rezLcHESiQ=
-7,8,MixZkWB/CJuAgXgAsOXnRODVNUw=,DId49tQLOPhu2mDD3rezLcHESiQ=
-8,4,MixZkWB/CJuAgXgAsOXnRODVNUw=,DId49tQLOPhu2mDD3rezLcHESiQ=
-9,8,MixZkWB/CJuAgXgAsOXnRODVNUw=,DId49tQLOPhu2mDD3rezLcHESiQ=
-5,0,MixZkWB/CJuAgXgAsOXnRODVNUw=,DId49tQLOPhu2mDD3rezLcHESiQ=
-12,8,MixZkWB/CJuAgXgAsOXnRODVNUw=,DId49tQLOPhu2mDD3rezLcHESiQ=
-8,8,MixZkWB/CJuAgXgAsOXnRODVNUw=,DId49tQLOPhu2mDD3rezLcHESiQ=
-10,8,MixZkWB/CJuAgXgAsOXnRODVNUw=,DId49tQLOPhu2mDD3rezLcHESiQ=
-14,8,MixZkWB/CJuAgXgAsOXnRODVNUw=,DId49tQLOPhu2mDD3rezLcHESiQ=
-13,8,MixZkWB/CJuAgXgAsOXnRODVNUw=,DId49tQLOPhu2mDD3rezLcHESiQ=
-15,8,MixZkWB/CJuAgXgAsOXnRODVNUw=,DId49tQLOPhu2mDD3rezLcHESiQ=
-11,8,MixZkWB/CJuAgXgAsOXnRODVNUw=,DId49tQLOPhu2mDD3rezLcHESiQ=
-16,8,MixZkWB/CJuAgXgAsOXnRODVNUw=,DId49tQLOPhu2mDD3rezLcHESiQ=
-7,4,MixZkWB/CJuAgXgAsOXnRODVNUw=,DId49tQLOPhu2mDD3rezLcHESiQ=
-2,7,MixZkWB/CJuAgXgAsOXnRODVNUw=,DId49tQLOPhu2mDD3rezLcHESiQ=
-3,7,MixZkWB/CJuAgXgAsOXnRODVNUw=,DId49tQLOPhu2mDD3rezLcHESiQ=
-1,7,MixZkWB/CJuAgXgAsOXnRODVNUw=,DId49tQLOPhu2mDD3rezLcHESiQ=
-6,0,MixZkWB/CJuAgXgAsOXnRODVNUw=,DId49tQLOPhu2mDD3rezLcHESiQ=
-5,7,MixZkWB/CJuAgXgAsOXnRODVNUw=,DId49tQLOPhu2mDD3rezLcHESiQ=
-4,7,MixZkWB/CJuAgXgAsOXnRODVNUw=,DId49tQLOPhu2mDD3rezLcHESiQ=
-10,7,MixZkWB/CJuAgXgAsOXnRODVNUw=,DId49tQLOPhu2mDD3rezLcHESiQ=
-14,3,MixZkWB/CJuAgXgAsOXnRODVNUw=,DId49tQLOPhu2mDD3rezLcHESiQ=
-6,7,MixZkWB/CJuAgXgAsOXnRODVNUw=,DId49tQLOPhu2mDD3rezLcHESiQ=
-6,4,MixZkWB/CJuAgXgAsOXnRODVNUw=,DId49tQLOPhu2mDD3rezLcHESiQ=
-9,7,MixZkWB/CJuAgXgAsOXnRODVNUw=,DId49tQLOPhu2mDD3rezLcHESiQ=
-8,7,MixZkWB/CJuAgXgAsOXnRODVNUw=,DId49tQLOPhu2mDD3rezLcHESiQ=
-11,7,MixZkWB/CJuAgXgAsOXnRODVNUw=,DId49tQLOPhu2mDD3rezLcHESiQ=
-7,7,MixZkWB/CJuAgXgAsOXnRODVNUw=,DId49tQLOPhu2mDD3rezLcHESiQ=
-14,7,MixZkWB/CJuAgXgAsOXnRODVNUw=,DId49tQLOPhu2mDD3rezLcHESiQ=
-12,7,MixZkWB/CJuAgXgAsOXnRODVNUw=,DId49tQLOPhu2mDD3rezLcHESiQ=
-5,4,MixZkWB/CJuAgXgAsOXnRODVNUw=,DId49tQLOPhu2mDD3rezLcHESiQ=
-13,7,MixZkWB/CJuAgXgAsOXnRODVNUw=,DId49tQLOPhu2mDD3rezLcHESiQ=
-15,7,MixZkWB/CJuAgXgAsOXnRODVNUw=,DId49tQLOPhu2mDD3rezLcHESiQ=
-4,4,MixZkWB/CJuAgXgAsOXnRODVNUw=,DId49tQLOPhu2mDD3rezLcHESiQ=
-1,6,MixZkWB/CJuAgXgAsOXnRODVNUw=,DId49tQLOPhu2mDD3rezLcHESiQ=
-15,3,MixZkWB/CJuAgXgAsOXnRODVNUw=,DId49tQLOPhu2mDD3rezLcHESiQ=
-16,7,MixZkWB/CJuAgXgAsOXnRODVNUw=,DId49tQLOPhu2mDD3rezLcHESiQ=
-7,0,MixZkWB/CJuAgXgAsOXnRODVNUw=,DId49tQLOPhu2mDD3rezLcHESiQ=
-3,6,MixZkWB/CJuAgXgAsOXnRODVNUw=,DId49tQLOPhu2mDD3rezLcHESiQ=
-5,6,MixZkWB/CJuAgXgAsOXnRODVNUw=,DId49tQLOPhu2mDD3rezLcHESiQ=
-2,6,MixZkWB/CJuAgXgAsOXnRODVNUw=,DId49tQLOPhu2mDD3rezLcHESiQ=
-3,4,MixZkWB/CJuAgXgAsOXnRODVNUw=,DId49tQLOPhu2mDD3rezLcHESiQ=
-6,6,MixZkWB/CJuAgXgAsOXnRODVNUw=,DId49tQLOPhu2mDD3rezLcHESiQ=
-7,6,MixZkWB/CJuAgXgAsOXnRODVNUw=,DId49tQLOPhu2mDD3rezLcHESiQ=
-9,6,MixZkWB/CJuAgXgAsOXnRODVNUw=,DId49tQLOPhu2mDD3rezLcHESiQ=
-1,2,MixZkWB/CJuAgXgAsOXnRODVNUw=,DId49tQLOPhu2mDD3rezLcHESiQ=
-4,6,MixZkWB/CJuAgXgAsOXnRODVNUw=,DId49tQLOPhu2mDD3rezLcHESiQ=
-10,6,MixZkWB/CJuAgXgAsOXnRODVNUw=,DId49tQLOPhu2mDD3rezLcHESiQ=
-8,6,MixZkWB/CJuAgXgAsOXnRODVNUw=,DId49tQLOPhu2mDD3rezLcHESiQ=
-13,6,MixZkWB/CJuAgXgAsOXnRODVNUw=,DId49tQLOPhu2mDD3rezLcHESiQ=
-11,6,MixZkWB/CJuAgXgAsOXnRODVNUw=,DId49tQLOPhu2mDD3rezLcHESiQ=
-14,6,MixZkWB/CJuAgXgAsOXnRODVNUw=,DId49tQLOPhu2mDD3rezLcHESiQ=
-12,6,MixZkWB/CJuAgXgAsOXnRODVNUw=,DId49tQLOPhu2mDD3rezLcHESiQ=
-15,6,MixZkWB/CJuAgXgAsOXnRODVNUw=,DId49tQLOPhu2mDD3rezLcHESiQ=
-9,0,MixZkWB/CJuAgXgAsOXnRODVNUw=,DId49tQLOPhu2mDD3rezLcHESiQ=
-2,5,MixZkWB/CJuAgXgAsOXnRODVNUw=,DId49tQLOPhu2mDD3rezLcHESiQ=
-1,5,MixZkWB/CJuAgXgAsOXnRODVNUw=,DId49tQLOPhu2mDD3rezLcHESiQ=
-8,0,MixZkWB/CJuAgXgAsOXnRODVNUw=,DId49tQLOPhu2mDD3rezLcHESiQ=
-16,6,MixZkWB/CJuAgXgAsOXnRODVNUw=,DId49tQLOPhu2mDD3rezLcHESiQ=
-3,5,MixZkWB/CJuAgXgAsOXnRODVNUw=,DId49tQLOPhu2mDD3rezLcHESiQ=
-2,4,MixZkWB/CJuAgXgAsOXnRODVNUw=,DId49tQLOPhu2mDD3rezLcHESiQ=
-16,3,MixZkWB/CJuAgXgAsOXnRODVNUw=,DId49tQLOPhu2mDD3rezLcHESiQ=
-4,5,MixZkWB/CJuAgXgAsOXnRODVNUw=,DId49tQLOPhu2mDD3rezLcHESiQ=
-5,5,MixZkWB/CJuAgXgAsOXnRODVNUw=,DId49tQLOPhu2mDD3rezLcHESiQ=
-1,4,MixZkWB/CJuAgXgAsOXnRODVNUw=,DId49tQLOPhu2mDD3rezLcHESiQ=
-10,5,MixZkWB/CJuAgXgAsOXnRODVNUw=,DId49tQLOPhu2mDD3rezLcHESiQ=
-9,5,MixZkWB/CJuAgXgAsOXnRODVNUw=,DId49tQLOPhu2mDD3rezLcHESiQ=
-6,5,MixZkWB/CJuAgXgAsOXnRODVNUw=,DId49tQLOPhu2mDD3rezLcHESiQ=
-7,5,MixZkWB/CJuAgXgAsOXnRODVNUw=,DId49tQLOPhu2mDD3rezLcHESiQ=
-8,5,MixZkWB/CJuAgXgAsOXnRODVNUw=,DId49tQLOPhu2mDD3rezLcHESiQ=
-16,5,MixZkWB/CJuAgXgAsOXnRODVNUw=,DId49tQLOPhu2mDD3rezLcHESiQ=
-11,5,MixZkWB/CJuAgXgAsOXnRODVNUw=,DId49tQLOPhu2mDD3rezLcHESiQ=
-12,5,MixZkWB/CJuAgXgAsOXnRODVNUw=,DId49tQLOPhu2mDD3rezLcHESiQ=
-13,5,MixZkWB/CJuAgXgAsOXnRODVNUw=,DId49tQLOPhu2mDD3rezLcHESiQ=
-14,5,MixZkWB/CJuAgXgAsOXnRODVNUw=,DId49tQLOPhu2mDD3rezLcHESiQ=
-15,5,MixZkWB/CJuAgXgAsOXnRODVNUw=,DId49tQLOPhu2mDD3rezLcHESiQ=
