-6,-13,YHpi644A00lTyD3cAXAEj2h/gJ8=,YuT+lwHsDpk3Zp6K2yzLdQ8OVpI=
-7,-13,YHpi644A00lTyD3cAXAEj2h/gJ8=,IivUc2VqMhGWQVHJUEP/tbb3yT8=
-5,-12,R3TJkPce27V+QU22trw+KYqRcQI=,RnaDCzAYagl4G83QYnhH7UcswFI=
-5,-13,YHpi644A00lTyD3cAXAEj2h/gJ8=,YuT+lwHsDpk3Zp6K2yzLdQ8OVpI=
-4,-13,YHpi644A00lTyD3cAXAEj2h/gJ8=,A6d3HU5b93WXaSnGKgeeSCy7Ec0=
-7,-12,R3TJkPce27V+QU22trw+KYqRcQI=,vGy291rz3RW0X6k/lUsNNayYXjI=
-6,-12,R3TJkPce27V+QU22trw+KYqRcQI=,RnaDCzAYagl4G83QYnhH7UcswFI=
-4,-12,YHpi644A00lTyD3cAXAEj2h/gJ8=,aqEOM0dVcZVTnKXHXfKnfnK5NHI=
-4,-10,YHpi644A00lTyD3cAXAEj2h/gJ8=,o/sW9T2ZwK+Zq8cP1I5xHu4U1V8=
-4,-11,YHpi644A00lTyD3cAXAEj2h/gJ8=,aqEOM0dVcZVTnKXHXfKnfnK5NHI=
-5,-10,R3TJkPce27V+QU22trw+KYqRcQI=,/OFJEdQmDcjA0eIG5ioZufs/ojY=
-5,-11,R3TJkPce27V+QU22trw+KYqRcQI=,RnaDCzAYagl4G83QYnhH7UcswFI=
-5,-8,oP/NbglD7p/Ow3wjhuqMyDpWx5Y=,PW8DunR48vC/q026T38QuelbVgw=
-4,-8,k/ujlEcHisBYwL0Jafi14NkExM8=,AUlVLqL/9T6XoHurIRWYC99kgzI=
-5,-9,oP/NbglD7p/Ow3wjhuqMyDpWx5Y=,/OFJEdQmDcjA0eIG5ioZufs/ojY=
-4,-9,YHpi644A00lTyD3cAXAEj2h/gJ8=,o/sW9T2ZwK+Zq8cP1I5xHu4U1V8=
-7,-7,R3TJkPce27V+QU22trw+KYqRcQI=,GavXJ/sJCxb8Baoev9jb/K3zp6I=
-7,-6,R3TJkPce27V+QU22trw+KYqRcQI=,WhcDwV3n+0kxiH7i+z+cKM7Xra4=
-6,-7,R3TJkPce27V+QU22trw+KYqRcQI=,PW8DunR48vC/q026T38QuelbVgw=
-6,-6,R3TJkPce27V+QU22trw+KYqRcQI=,TpBaVvHN+yIQwYUgzER1VC4HEmQ=
-4,-6,oP/NbglD7p/Ow3wjhuqMyDpWx5Y=,uaBP8QbCGO9Tgm6PuLh5Px8prHI=
-5,-7,oP/NbglD7p/Ow3wjhuqMyDpWx5Y=,PW8DunR48vC/q026T38QuelbVgw=
-4,-7,k/ujlEcHisBYwL0Jafi14NkExM8=,AUlVLqL/9T6XoHurIRWYC99kgzI=
-5,-6,oP/NbglD7p/Ow3wjhuqMyDpWx5Y=,TpBaVvHN+yIQwYUgzER1VC4HEmQ=
-3,-6,oP/NbglD7p/Ow3wjhuqMyDpWx5Y=,uaBP8QbCGO9Tgm6PuLh5Px8prHI=
-3,-7,k/ujlEcHisBYwL0Jafi14NkExM8=,AUlVLqL/9T6XoHurIRWYC99kgzI=
-2,-7,k/ujlEcHisBYwL0Jafi14NkExM8=,MicOd/UM9Z5MvPLefrqnNEvL4PE=
-2,-6,k/ujlEcHisBYwL0Jafi14NkExM8=,VjpyPeqDdQtD+j4EyWonIeBuhjo=
-3,-5,oP/NbglD7p/Ow3wjhuqMyDpWx5Y=,uaBP8QbCGO9Tgm6PuLh5Px8prHI=
-2,-4,DKopDCDr5H8p+bJymGNTkhtyjo4=,91PQharLDoYM1apj0Sj29ZGVE0g=
-3,-4,DKopDCDr5H8p+bJymGNTkhtyjo4=,Gv2bg7+4Ht7RCo1wkPrC0lIjIB4=
-2,-5,k/ujlEcHisBYwL0Jafi14NkExM8=,VjpyPeqDdQtD+j4EyWonIeBuhjo=
-4,-5,oP/NbglD7p/Ow3wjhuqMyDpWx5Y=,uaBP8QbCGO9Tgm6PuLh5Px8prHI=
-4,-4,DKopDCDr5H8p+bJymGNTkhtyjo4=,Gv2bg7+4Ht7RCo1wkPrC0lIjIB4=
-5,-4,DKopDCDr5H8p+bJymGNTkhtyjo4=,Bua88nIxQGMTwBFkm6PTtrhxIRY=
-5,-5,oP/NbglD7p/Ow3wjhuqMyDpWx5Y=,TpBaVvHN+yIQwYUgzER1VC4HEmQ=
-6,-5,R3TJkPce27V+QU22trw+KYqRcQI=,TpBaVvHN+yIQwYUgzER1VC4HEmQ=
-6,-2,DKopDCDr5H8p+bJymGNTkhtyjo4=,qolUyG1eIBQESOiQjS+GILCOOX4=
-7,-5,R3TJkPce27V+QU22trw+KYqRcQI=,WhcDwV3n+0kxiH7i+z+cKM7Xra4=
-7,-4,R3TJkPce27V+QU22trw+KYqRcQI=,2hVSHCRCENI6b+A30LRnI6xOCsA=
-6,-3,DKopDCDr5H8p+bJymGNTkhtyjo4=,Bua88nIxQGMTwBFkm6PTtrhxIRY=
-6,-4,DKopDCDr5H8p+bJymGNTkhtyjo4=,Bua88nIxQGMTwBFkm6PTtrhxIRY=
-7,-3,R3TJkPce27V+QU22trw+KYqRcQI=,2hVSHCRCENI6b+A30LRnI6xOCsA=
-7,-2,R3TJkPce27V+QU22trw+KYqRcQI=,DHAXXuoh9pS4Ag/zi3btvDkJrhA=
-5,-2,DKopDCDr5H8p+bJymGNTkhtyjo4=,qolUyG1eIBQESOiQjS+GILCOOX4=
-4,-2,DKopDCDr5H8p+bJymGNTkhtyjo4=,QuBV0KrxvkqCWXT4vYGucl0a+jo=
-5,-3,DKopDCDr5H8p+bJymGNTkhtyjo4=,Bua88nIxQGMTwBFkm6PTtrhxIRY=
-4,-3,DKopDCDr5H8p+bJymGNTkhtyjo4=,Gv2bg7+4Ht7RCo1wkPrC0lIjIB4=
-3,-2,DKopDCDr5H8p+bJymGNTkhtyjo4=,QuBV0KrxvkqCWXT4vYGucl0a+jo=
-3,-3,DKopDCDr5H8p+bJymGNTkhtyjo4=,Gv2bg7+4Ht7RCo1wkPrC0lIjIB4=
-2,-2,dueNJMf1MoMi/Rmkq6V4JXl28v8=,/sUhAw4Wo1JQlEqe2ufcLultDfk=
-2,-3,DKopDCDr5H8p+bJymGNTkhtyjo4=,91PQharLDoYM1apj0Sj29ZGVE0g=
-12,-2,R3TJkPce27V+QU22trw+KYqRcQI=,Xv691GGtXE+WIxjdw5iYhzkD0tw=
-12,-3,R3TJkPce27V+QU22trw+KYqRcQI=,4BfuN0IciFrkqxlm8T7JMTo4efc=
-13,-3,R3TJkPce27V+QU22trw+KYqRcQI=,wU46B7uENIZVB0lADDhcMCL2IiE=
-13,-2,R3TJkPce27V+QU22trw+KYqRcQI=,FDE2YYv1AH8qOqDnxTVdRJiW0iI=
-11,-3,R3TJkPce27V+QU22trw+KYqRcQI=,4BfuN0IciFrkqxlm8T7JMTo4efc=
-9,-2,R3TJkPce27V+QU22trw+KYqRcQI=,tnHOaALVOBW+hi6FHdZ8xPw7WXM=
-10,-2,R3TJkPce27V+QU22trw+KYqRcQI=,tnHOaALVOBW+hi6FHdZ8xPw7WXM=
-11,-2,R3TJkPce27V+QU22trw+KYqRcQI=,Xv691GGtXE+WIxjdw5iYhzkD0tw=
-8,-2,R3TJkPce27V+QU22trw+KYqRcQI=,DHAXXuoh9pS4Ag/zi3btvDkJrhA=
-9,-3,R3TJkPce27V+QU22trw+KYqRcQI=,9PUd4FWU0qEpd9TK0VmWYRgrfIE=
-8,-3,R3TJkPce27V+QU22trw+KYqRcQI=,2hVSHCRCENI6b+A30LRnI6xOCsA=
-10,-3,R3TJkPce27V+QU22trw+KYqRcQI=,9PUd4FWU0qEpd9TK0VmWYRgrfIE=
-8,-5,R3TJkPce27V+QU22trw+KYqRcQI=,WhcDwV3n+0kxiH7i+z+cKM7Xra4=
-8,-4,R3TJkPce27V+QU22trw+KYqRcQI=,2hVSHCRCENI6b+A30LRnI6xOCsA=
-9,-4,R3TJkPce27V+QU22trw+KYqRcQI=,9PUd4FWU0qEpd9TK0VmWYRgrfIE=
-9,-5,R3TJkPce27V+QU22trw+KYqRcQI=,1yU0z36BQgyyes4rC6W2Py5SBNw=
-12,-4,R3TJkPce27V+QU22trw+KYqRcQI=,4BfuN0IciFrkqxlm8T7JMTo4efc=
-13,-4,R3TJkPce27V+QU22trw+KYqRcQI=,wU46B7uENIZVB0lADDhcMCL2IiE=
-13,-5,R3TJkPce27V+QU22trw+KYqRcQI=,XFAoRGbH7KTzWEYdGe5ZrNEv1E4=
-12,-5,R3TJkPce27V+QU22trw+KYqRcQI=,5Sc3U5pkFAgjqvZtvVnJsZxBA5Y=
-8,-6,R3TJkPce27V+QU22trw+KYqRcQI=,WhcDwV3n+0kxiH7i+z+cKM7Xra4=
-11,-4,R3TJkPce27V+QU22trw+KYqRcQI=,4BfuN0IciFrkqxlm8T7JMTo4efc=
-9,-7,R3TJkPce27V+QU22trw+KYqRcQI=,uF+/3cE6tMVcItb/LayrQ62WUSA=
-11,-5,R3TJkPce27V+QU22trw+KYqRcQI=,5Sc3U5pkFAgjqvZtvVnJsZxBA5Y=
-8,-7,R3TJkPce27V+QU22trw+KYqRcQI=,GavXJ/sJCxb8Baoev9jb/K3zp6I=
-10,-4,R3TJkPce27V+QU22trw+KYqRcQI=,9PUd4FWU0qEpd9TK0VmWYRgrfIE=
-9,-6,R3TJkPce27V+QU22trw+KYqRcQI=,1yU0z36BQgyyes4rC6W2Py5SBNw=
-10,-5,R3TJkPce27V+QU22trw+KYqRcQI=,1yU0z36BQgyyes4rC6W2Py5SBNw=
-7,-10,R3TJkPce27V+QU22trw+KYqRcQI=,wHG55JhEAW3CAtPS3nffpluFnqc=
-6,-9,R3TJkPce27V+QU22trw+KYqRcQI=,/OFJEdQmDcjA0eIG5ioZufs/ojY=
-7,-8,R3TJkPce27V+QU22trw+KYqRcQI=,GavXJ/sJCxb8Baoev9jb/K3zp6I=
-6,-10,R3TJkPce27V+QU22trw+KYqRcQI=,/OFJEdQmDcjA0eIG5ioZufs/ojY=
-7,-11,R3TJkPce27V+QU22trw+KYqRcQI=,vGy291rz3RW0X6k/lUsNNayYXjI=
-7,-9,R3TJkPce27V+QU22trw+KYqRcQI=,wHG55JhEAW3CAtPS3nffpluFnqc=
-6,-8,R3TJkPce27V+QU22trw+KYqRcQI=,PW8DunR48vC/q026T38QuelbVgw=
-6,-11,R3TJkPce27V+QU22trw+KYqRcQI=,RnaDCzAYagl4G83QYnhH7UcswFI=
-8,-11,R3TJkPce27V+QU22trw+KYqRcQI=,vGy291rz3RW0X6k/lUsNNayYXjI=
-8,-10,R3TJkPce27V+QU22trw+KYqRcQI=,wHG55JhEAW3CAtPS3nffpluFnqc=
-9,-11,R3TJkPce27V+QU22trw+KYqRcQI=,FGMH/N4l0/FEphDuaGsogfSY2Hs=
-9,-10,R3TJkPce27V+QU22trw+KYqRcQI=,XuqHO4pia8ytGAceBFdg9vzKqI0=
-8,-9,R3TJkPce27V+QU22trw+KYqRcQI=,wHG55JhEAW3CAtPS3nffpluFnqc=
-8,-12,R3TJkPce27V+QU22trw+KYqRcQI=,vGy291rz3RW0X6k/lUsNNayYXjI=
-9,-12,R3TJkPce27V+QU22trw+KYqRcQI=,FGMH/N4l0/FEphDuaGsogfSY2Hs=
-8,-13,VpoQ+/rpMWyP4EDYgitfBpJkQl0=,IivUc2VqMhGWQVHJUEP/tbb3yT8=
-8,-8,R3TJkPce27V+QU22trw+KYqRcQI=,GavXJ/sJCxb8Baoev9jb/K3zp6I=
-9,-8,R3TJkPce27V+QU22trw+KYqRcQI=,uF+/3cE6tMVcItb/LayrQ62WUSA=
-9,-9,R3TJkPce27V+QU22trw+KYqRcQI=,XuqHO4pia8ytGAceBFdg9vzKqI0=
-10,-12,R3TJkPce27V+QU22trw+KYqRcQI=,FGMH/N4l0/FEphDuaGsogfSY2Hs=
-11,-12,R3TJkPce27V+QU22trw+KYqRcQI=,lECl+eDkzN6YFhRxej5O+4ClHO4=
-3,-12,VpoQ+/rpMWyP4EDYgitfBpJkQl0=,aqEOM0dVcZVTnKXHXfKnfnK5NHI=
-3,-13,VpoQ+/rpMWyP4EDYgitfBpJkQl0=,A6d3HU5b93WXaSnGKgeeSCy7Ec0=
-11,-7,R3TJkPce27V+QU22trw+KYqRcQI=,13Ioc5jV9ZKcRoogGZKd/WP41eU=
-10,-7,R3TJkPce27V+QU22trw+KYqRcQI=,uF+/3cE6tMVcItb/LayrQ62WUSA=
-10,-6,R3TJkPce27V+QU22trw+KYqRcQI=,1yU0z36BQgyyes4rC6W2Py5SBNw=
-12,-6,R3TJkPce27V+QU22trw+KYqRcQI=,5Sc3U5pkFAgjqvZtvVnJsZxBA5Y=
-13,-7,R3TJkPce27V+QU22trw+KYqRcQI=,FLWkzL4qeHy5C9hPAWA8Ylnom1A=
-14,-4,R3TJkPce27V+QU22trw+KYqRcQI=,wU46B7uENIZVB0lADDhcMCL2IiE=
-11,-6,R3TJkPce27V+QU22trw+KYqRcQI=,5Sc3U5pkFAgjqvZtvVnJsZxBA5Y=
-15,-5,R3TJkPce27V+QU22trw+KYqRcQI=,E+TtLUbsRWd27m3gP83XGrTrsTc=
-12,-7,R3TJkPce27V+QU22trw+KYqRcQI=,13Ioc5jV9ZKcRoogGZKd/WP41eU=
-14,-5,R3TJkPce27V+QU22trw+KYqRcQI=,XFAoRGbH7KTzWEYdGe5ZrNEv1E4=
-16,-5,R3TJkPce27V+QU22trw+KYqRcQI=,E+TtLUbsRWd27m3gP83XGrTrsTc=
-13,-6,R3TJkPce27V+QU22trw+KYqRcQI=,XFAoRGbH7KTzWEYdGe5ZrNEv1E4=
-10,-10,R3TJkPce27V+QU22trw+KYqRcQI=,XuqHO4pia8ytGAceBFdg9vzKqI0=
-13,-8,R3TJkPce27V+QU22trw+KYqRcQI=,FLWkzL4qeHy5C9hPAWA8Ylnom1A=
-12,-11,R3TJkPce27V+QU22trw+KYqRcQI=,lECl+eDkzN6YFhRxej5O+4ClHO4=
-10,-9,R3TJkPce27V+QU22trw+KYqRcQI=,XuqHO4pia8ytGAceBFdg9vzKqI0=
-12,-9,R3TJkPce27V+QU22trw+KYqRcQI=,IZ+SL9MEu8sfjxZa9k5ygVqTgws=
-12,-10,R3TJkPce27V+QU22trw+KYqRcQI=,IZ+SL9MEu8sfjxZa9k5ygVqTgws=
-10,-8,R3TJkPce27V+QU22trw+KYqRcQI=,uF+/3cE6tMVcItb/LayrQ62WUSA=
-10,-11,R3TJkPce27V+QU22trw+KYqRcQI=,FGMH/N4l0/FEphDuaGsogfSY2Hs=
-11,-8,R3TJkPce27V+QU22trw+KYqRcQI=,13Ioc5jV9ZKcRoogGZKd/WP41eU=
-11,-10,R3TJkPce27V+QU22trw+KYqRcQI=,IZ+SL9MEu8sfjxZa9k5ygVqTgws=
-11,-11,R3TJkPce27V+QU22trw+KYqRcQI=,lECl+eDkzN6YFhRxej5O+4ClHO4=
-11,-9,R3TJkPce27V+QU22trw+KYqRcQI=,IZ+SL9MEu8sfjxZa9k5ygVqTgws=
-12,-8,R3TJkPce27V+QU22trw+KYqRcQI=,13Ioc5jV9ZKcRoogGZKd/WP41eU=
-6,-1,DKopDCDr5H8p+bJymGNTkhtyjo4=,qolUyG1eIBQESOiQjS+GILCOOX4=
-7,-1,R3TJkPce27V+QU22trw+KYqRcQI=,DHAXXuoh9pS4Ag/zi3btvDkJrhA=
-16,-6,R3TJkPce27V+QU22trw+KYqRcQI=,E+TtLUbsRWd27m3gP83XGrTrsTc=
-5,-14,VpoQ+/rpMWyP4EDYgitfBpJkQl0=,YuT+lwHsDpk3Zp6K2yzLdQ8OVpI=
-14,-8,R3TJkPce27V+QU22trw+KYqRcQI=,FLWkzL4qeHy5C9hPAWA8Ylnom1A=
-16,-8,R3TJkPce27V+QU22trw+KYqRcQI=,571oOj90byTwAMgNgu+3KDT35y0=
-15,-6,R3TJkPce27V+QU22trw+KYqRcQI=,E+TtLUbsRWd27m3gP83XGrTrsTc=
-16,-7,R3TJkPce27V+QU22trw+KYqRcQI=,571oOj90byTwAMgNgu+3KDT35y0=
-15,-8,R3TJkPce27V+QU22trw+KYqRcQI=,571oOj90byTwAMgNgu+3KDT35y0=
-7,-14,VpoQ+/rpMWyP4EDYgitfBpJkQl0=,IivUc2VqMhGWQVHJUEP/tbb3yT8=
-15,-7,R3TJkPce27V+QU22trw+KYqRcQI=,571oOj90byTwAMgNgu+3KDT35y0=
-14,-6,R3TJkPce27V+QU22trw+KYqRcQI=,XFAoRGbH7KTzWEYdGe5ZrNEv1E4=
-7,-16,VpoQ+/rpMWyP4EDYgitfBpJkQl0=,4ZCU78Ps9C8bM15edT0tTApquys=
-5,-15,VpoQ+/rpMWyP4EDYgitfBpJkQl0=,tZM9j0YJacq+B8Mw7UJMtBEvt5U=
-6,-16,VpoQ+/rpMWyP4EDYgitfBpJkQl0=,tZM9j0YJacq+B8Mw7UJMtBEvt5U=
-7,-15,VpoQ+/rpMWyP4EDYgitfBpJkQl0=,4ZCU78Ps9C8bM15edT0tTApquys=
-4,-14,VpoQ+/rpMWyP4EDYgitfBpJkQl0=,A6d3HU5b93WXaSnGKgeeSCy7Ec0=
-5,-16,VpoQ+/rpMWyP4EDYgitfBpJkQl0=,tZM9j0YJacq+B8Mw7UJMtBEvt5U=
-4,-1,DKopDCDr5H8p+bJymGNTkhtyjo4=,QuBV0KrxvkqCWXT4vYGucl0a+jo=
-14,-7,R3TJkPce27V+QU22trw+KYqRcQI=,FLWkzL4qeHy5C9hPAWA8Ylnom1A=
-5,-1,DKopDCDr5H8p+bJymGNTkhtyjo4=,qolUyG1eIBQESOiQjS+GILCOOX4=
-6,-14,VpoQ+/rpMWyP4EDYgitfBpJkQl0=,YuT+lwHsDpk3Zp6K2yzLdQ8OVpI=
-1,-4,DKopDCDr5H8p+bJymGNTkhtyjo4=,91PQharLDoYM1apj0Sj29ZGVE0g=
-6,-15,VpoQ+/rpMWyP4EDYgitfBpJkQl0=,tZM9j0YJacq+B8Mw7UJMtBEvt5U=
-1,-3,DKopDCDr5H8p+bJymGNTkhtyjo4=,91PQharLDoYM1apj0Sj29ZGVE0g=
-3,-1,DKopDCDr5H8p+bJymGNTkhtyjo4=,QuBV0KrxvkqCWXT4vYGucl0a+jo=
-1,-7,k/ujlEcHisBYwL0Jafi14NkExM8=,MicOd/UM9Z5MvPLefrqnNEvL4PE=
-12,-1,R3TJkPce27V+QU22trw+KYqRcQI=,Xv691GGtXE+WIxjdw5iYhzkD0tw=
-14,-3,R3TJkPce27V+QU22trw+KYqRcQI=,wU46B7uENIZVB0lADDhcMCL2IiE=
-14,-2,R3TJkPce27V+QU22trw+KYqRcQI=,FDE2YYv1AH8qOqDnxTVdRJiW0iI=
-2,-1,dueNJMf1MoMi/Rmkq6V4JXl28v8=,/sUhAw4Wo1JQlEqe2ufcLultDfk=
-3,-14,VpoQ+/rpMWyP4EDYgitfBpJkQl0=,A6d3HU5b93WXaSnGKgeeSCy7Ec0=
-12,-12,R3TJkPce27V+QU22trw+KYqRcQI=,lECl+eDkzN6YFhRxej5O+4ClHO4=
-13,-1,R3TJkPce27V+QU22trw+KYqRcQI=,FDE2YYv1AH8qOqDnxTVdRJiW0iI=
-1,-5,k/ujlEcHisBYwL0Jafi14NkExM8=,VjpyPeqDdQtD+j4EyWonIeBuhjo=
-1,-2,dueNJMf1MoMi/Rmkq6V4JXl28v8=,/sUhAw4Wo1JQlEqe2ufcLultDfk=
-8,-14,VpoQ+/rpMWyP4EDYgitfBpJkQl0=,IivUc2VqMhGWQVHJUEP/tbb3yT8=
-14,-1,R3TJkPce27V+QU22trw+KYqRcQI=,FDE2YYv1AH8qOqDnxTVdRJiW0iI=
-8,-15,VpoQ+/rpMWyP4EDYgitfBpJkQl0=,4ZCU78Ps9C8bM15edT0tTApquys=
-8,-16,VpoQ+/rpMWyP4EDYgitfBpJkQl0=,4ZCU78Ps9C8bM15edT0tTApquys=
-1,-6,k/ujlEcHisBYwL0Jafi14NkExM8=,VjpyPeqDdQtD+j4EyWonIeBuhjo=
-9,-1,R3TJkPce27V+QU22trw+KYqRcQI=,tnHOaALVOBW+hi6FHdZ8xPw7WXM=
-8,-1,R3TJkPce27V+QU22trw+KYqRcQI=,DHAXXuoh9pS4Ag/zi3btvDkJrhA=
-10,-1,R3TJkPce27V+QU22trw+KYqRcQI=,tnHOaALVOBW+hi6FHdZ8xPw7WXM=
-11,-1,R3TJkPce27V+QU22trw+KYqRcQI=,Xv691GGtXE+WIxjdw5iYhzkD0tw=
-1,-1,dueNJMf1MoMi/Rmkq6V4JXl28v8=,/sUhAw4Wo1JQlEqe2ufcLultDfk=
-1,-10,VpoQ+/rpMWyP4EDYgitfBpJkQl0=,oKHc6h/CMw22ErH/Hx8Gcl/23kU=
-2,-10,VpoQ+/rpMWyP4EDYgitfBpJkQl0=,oKHc6h/CMw22ErH/Hx8Gcl/23kU=
-3,-11,VpoQ+/rpMWyP4EDYgitfBpJkQl0=,aqEOM0dVcZVTnKXHXfKnfnK5NHI=
-2,-8,k/ujlEcHisBYwL0Jafi14NkExM8=,MicOd/UM9Z5MvPLefrqnNEvL4PE=
-1,-9,VpoQ+/rpMWyP4EDYgitfBpJkQl0=,oKHc6h/CMw22ErH/Hx8Gcl/23kU=
-3,-8,k/ujlEcHisBYwL0Jafi14NkExM8=,AUlVLqL/9T6XoHurIRWYC99kgzI=
-1,-8,k/ujlEcHisBYwL0Jafi14NkExM8=,MicOd/UM9Z5MvPLefrqnNEvL4PE=
-2,-9,VpoQ+/rpMWyP4EDYgitfBpJkQl0=,oKHc6h/CMw22ErH/Hx8Gcl/23kU=
-3,-10,VpoQ+/rpMWyP4EDYgitfBpJkQl0=,o/sW9T2ZwK+Zq8cP1I5xHu4U1V8=
-3,-9,VpoQ+/rpMWyP4EDYgitfBpJkQl0=,o/sW9T2ZwK+Zq8cP1I5xHu4U1V8=
-5,-18,52D5uDwUNzHerxMEHH1Nol0Sky4=,sHpM8fqmk8giKN2R5PjfczG6mqU=
-5,-19,52D5uDwUNzHerxMEHH1Nol0Sky4=,pRvJv+dbriVyaNtzv4w39iXYBfM=
-8,-17,52D5uDwUNzHerxMEHH1Nol0Sky4=,AQtkDYo8grWg4sVCqiLaLQTz3SQ=
-5,-20,52D5uDwUNzHerxMEHH1Nol0Sky4=,pRvJv+dbriVyaNtzv4w39iXYBfM=
-5,-17,52D5uDwUNzHerxMEHH1Nol0Sky4=,sHpM8fqmk8giKN2R5PjfczG6mqU=
-7,-17,52D5uDwUNzHerxMEHH1Nol0Sky4=,AQtkDYo8grWg4sVCqiLaLQTz3SQ=
-6,-17,52D5uDwUNzHerxMEHH1Nol0Sky4=,sHpM8fqmk8giKN2R5PjfczG6mqU=
-7,-22,52D5uDwUNzHerxMEHH1Nol0Sky4=,7zYVYZVUr+vnC7iAeOHVdXYTp4U=
-8,-22,52D5uDwUNzHerxMEHH1Nol0Sky4=,7zYVYZVUr+vnC7iAeOHVdXYTp4U=
-8,-18,52D5uDwUNzHerxMEHH1Nol0Sky4=,AQtkDYo8grWg4sVCqiLaLQTz3SQ=
-6,-19,52D5uDwUNzHerxMEHH1Nol0Sky4=,pRvJv+dbriVyaNtzv4w39iXYBfM=
-7,-19,52D5uDwUNzHerxMEHH1Nol0Sky4=,Osd/RZGaDkuPoEzL0RPLDFqcdu4=
-8,-21,52D5uDwUNzHerxMEHH1Nol0Sky4=,7zYVYZVUr+vnC7iAeOHVdXYTp4U=
-8,-19,52D5uDwUNzHerxMEHH1Nol0Sky4=,Osd/RZGaDkuPoEzL0RPLDFqcdu4=
-6,-20,52D5uDwUNzHerxMEHH1Nol0Sky4=,pRvJv+dbriVyaNtzv4w39iXYBfM=
-6,-18,52D5uDwUNzHerxMEHH1Nol0Sky4=,sHpM8fqmk8giKN2R5PjfczG6mqU=
-7,-18,52D5uDwUNzHerxMEHH1Nol0Sky4=,AQtkDYo8grWg4sVCqiLaLQTz3SQ=
-7,-21,52D5uDwUNzHerxMEHH1Nol0Sky4=,7zYVYZVUr+vnC7iAeOHVdXYTp4U=
-8,-20,52D5uDwUNzHerxMEHH1Nol0Sky4=,Osd/RZGaDkuPoEzL0RPLDFqcdu4=
-7,-20,52D5uDwUNzHerxMEHH1Nol0Sky4=,Osd/RZGaDkuPoEzL0RPLDFqcdu4=
-21,-7,GW6oTQmSXvL38R331QxanoVKpTY=,JTRGI/z6gTdEI9oeGO+OSdgixi4=
-20,-7,GW6oTQmSXvL38R331QxanoVKpTY=,jK1H+k0OsYrR9XeS1823KcTK204=
-22,-8,GW6oTQmSXvL38R331QxanoVKpTY=,JTRGI/z6gTdEI9oeGO+OSdgixi4=
-25,-8,GW6oTQmSXvL38R331QxanoVKpTY=,1zKmVJBgNT5sb31H7cvmvpVBV28=
-23,-7,GW6oTQmSXvL38R331QxanoVKpTY=,W+zwxIbldeSlZFU3dnFWPgnKCFU=
-24,-8,GW6oTQmSXvL38R331QxanoVKpTY=,W+zwxIbldeSlZFU3dnFWPgnKCFU=
-25,-7,GW6oTQmSXvL38R331QxanoVKpTY=,1zKmVJBgNT5sb31H7cvmvpVBV28=
-24,-7,GW6oTQmSXvL38R331QxanoVKpTY=,W+zwxIbldeSlZFU3dnFWPgnKCFU=
-23,-8,GW6oTQmSXvL38R331QxanoVKpTY=,W+zwxIbldeSlZFU3dnFWPgnKCFU=
-22,-7,GW6oTQmSXvL38R331QxanoVKpTY=,JTRGI/z6gTdEI9oeGO+OSdgixi4=
-29,-2,GW6oTQmSXvL38R331QxanoVKpTY=,WDLmHvSMhrhdCLTCP5AlBD+USa4=
-29,-1,GW6oTQmSXvL38R331QxanoVKpTY=,WDLmHvSMhrhdCLTCP5AlBD+USa4=
-20,-8,GW6oTQmSXvL38R331QxanoVKpTY=,jK1H+k0OsYrR9XeS1823KcTK204=
-21,-8,GW6oTQmSXvL38R331QxanoVKpTY=,JTRGI/z6gTdEI9oeGO+OSdgixi4=
-28,-7,GW6oTQmSXvL38R331QxanoVKpTY=,yCc4oFga/4MdWHk/uEYYqUtaL7k=
-27,-8,GW6oTQmSXvL38R331QxanoVKpTY=,yCc4oFga/4MdWHk/uEYYqUtaL7k=
-28,-8,GW6oTQmSXvL38R331QxanoVKpTY=,yCc4oFga/4MdWHk/uEYYqUtaL7k=
-27,-7,GW6oTQmSXvL38R331QxanoVKpTY=,yCc4oFga/4MdWHk/uEYYqUtaL7k=
-26,-8,GW6oTQmSXvL38R331QxanoVKpTY=,1zKmVJBgNT5sb31H7cvmvpVBV28=
-26,-7,GW6oTQmSXvL38R331QxanoVKpTY=,1zKmVJBgNT5sb31H7cvmvpVBV28=
-18,-8,oP/NbglD7p/Ow3wjhuqMyDpWx5Y=,GuUdB/9yKx2J42NoK1vNZuQPIDc=
-17,-7,oP/NbglD7p/Ow3wjhuqMyDpWx5Y=,GuUdB/9yKx2J42NoK1vNZuQPIDc=
-17,-8,oP/NbglD7p/Ow3wjhuqMyDpWx5Y=,GuUdB/9yKx2J42NoK1vNZuQPIDc=
-19,-7,GW6oTQmSXvL38R331QxanoVKpTY=,jK1H+k0OsYrR9XeS1823KcTK204=
-19,-8,GW6oTQmSXvL38R331QxanoVKpTY=,jK1H+k0OsYrR9XeS1823KcTK204=
-30,-2,GW6oTQmSXvL38R331QxanoVKpTY=,WDLmHvSMhrhdCLTCP5AlBD+USa4=
-18,-7,oP/NbglD7p/Ow3wjhuqMyDpWx5Y=,GuUdB/9yKx2J42NoK1vNZuQPIDc=
-32,-2,GW6oTQmSXvL38R331QxanoVKpTY=,z5Yn0i+t6zv2GmwskrlY4/GKWjQ=
-31,-2,GW6oTQmSXvL38R331QxanoVKpTY=,z5Yn0i+t6zv2GmwskrlY4/GKWjQ=
-32,-1,GW6oTQmSXvL38R331QxanoVKpTY=,z5Yn0i+t6zv2GmwskrlY4/GKWjQ=
-30,-1,GW6oTQmSXvL38R331QxanoVKpTY=,WDLmHvSMhrhdCLTCP5AlBD+USa4=
-31,-1,GW6oTQmSXvL38R331QxanoVKpTY=,z5Yn0i+t6zv2GmwskrlY4/GKWjQ=
-16,-10,R3TJkPce27V+QU22trw+KYqRcQI=,RCdrulu8c1Enff8Lv1b5rksayCQ=
-16,-11,R3TJkPce27V+QU22trw+KYqRcQI=,xPFqDS9IYxwDLnBdXFtZXbWlpGg=
-15,-10,R3TJkPce27V+QU22trw+KYqRcQI=,RCdrulu8c1Enff8Lv1b5rksayCQ=
-14,-12,R3TJkPce27V+QU22trw+KYqRcQI=,qV/zekA2dCVarm4yt6cRUzehdZk=
-15,-11,R3TJkPce27V+QU22trw+KYqRcQI=,xPFqDS9IYxwDLnBdXFtZXbWlpGg=
-16,-13,R3TJkPce27V+QU22trw+KYqRcQI=,GqKOjh/AlCtD+5VITiXXGUxD3pE=
-13,-12,R3TJkPce27V+QU22trw+KYqRcQI=,qV/zekA2dCVarm4yt6cRUzehdZk=
-15,-14,R3TJkPce27V+QU22trw+KYqRcQI=,GqKOjh/AlCtD+5VITiXXGUxD3pE=
-13,-11,R3TJkPce27V+QU22trw+KYqRcQI=,qV/zekA2dCVarm4yt6cRUzehdZk=
-14,-11,R3TJkPce27V+QU22trw+KYqRcQI=,qV/zekA2dCVarm4yt6cRUzehdZk=
-15,-13,R3TJkPce27V+QU22trw+KYqRcQI=,GqKOjh/AlCtD+5VITiXXGUxD3pE=
-16,-12,R3TJkPce27V+QU22trw+KYqRcQI=,xPFqDS9IYxwDLnBdXFtZXbWlpGg=
-16,-14,R3TJkPce27V+QU22trw+KYqRcQI=,GqKOjh/AlCtD+5VITiXXGUxD3pE=
-15,-12,R3TJkPce27V+QU22trw+KYqRcQI=,xPFqDS9IYxwDLnBdXFtZXbWlpGg=
-15,-9,R3TJkPce27V+QU22trw+KYqRcQI=,RCdrulu8c1Enff8Lv1b5rksayCQ=
-16,-9,R3TJkPce27V+QU22trw+KYqRcQI=,RCdrulu8c1Enff8Lv1b5rksayCQ=
-21,-12,oP/NbglD7p/Ow3wjhuqMyDpWx5Y=,U3o/4nXjxbq3O/uxGeR/lxtpiQ4=
-20,-13,oP/NbglD7p/Ow3wjhuqMyDpWx5Y=,K6w/LGlv74qZSVvGU13HuBOq79E=
-20,-12,oP/NbglD7p/Ow3wjhuqMyDpWx5Y=,mQ1lGXvNX2pLPTbeY+n3dTCGK6s=
-21,-13,oP/NbglD7p/Ow3wjhuqMyDpWx5Y=,Lt7RP1jyROro5J9ab9JjwL3k2eg=
-21,-14,oP/NbglD7p/Ow3wjhuqMyDpWx5Y=,Lt7RP1jyROro5J9ab9JjwL3k2eg=
-21,-15,oP/NbglD7p/Ow3wjhuqMyDpWx5Y=,PSur9GY39p3+wbZ949GPE7ABIqs=
-20,-14,oP/NbglD7p/Ow3wjhuqMyDpWx5Y=,K6w/LGlv74qZSVvGU13HuBOq79E=
-20,-15,oP/NbglD7p/Ow3wjhuqMyDpWx5Y=,HodgEEfHiqt8UZmjEVReG3/9xc8=
-17,-15,oP/NbglD7p/Ow3wjhuqMyDpWx5Y=,4exSonxf7vt+60IU9+1Vjhe37Og=
-18,-15,oP/NbglD7p/Ow3wjhuqMyDpWx5Y=,4exSonxf7vt+60IU9+1Vjhe37Og=
-19,-13,oP/NbglD7p/Ow3wjhuqMyDpWx5Y=,K6w/LGlv74qZSVvGU13HuBOq79E=
-19,-12,oP/NbglD7p/Ow3wjhuqMyDpWx5Y=,mQ1lGXvNX2pLPTbeY+n3dTCGK6s=
-22,-10,oP/NbglD7p/Ow3wjhuqMyDpWx5Y=,NwEeDHJxtvNxSskwehTTr9aDyrg=
-24,-14,oP/NbglD7p/Ow3wjhuqMyDpWx5Y=,h72ogM414OjkRjk+AoODjeVnE1c=
-19,-14,oP/NbglD7p/Ow3wjhuqMyDpWx5Y=,K6w/LGlv74qZSVvGU13HuBOq79E=
-18,-13,oP/NbglD7p/Ow3wjhuqMyDpWx5Y=,F0eNw0rqNrFVH2RlxjDhRCzvsZw=
-22,-13,oP/NbglD7p/Ow3wjhuqMyDpWx5Y=,Lt7RP1jyROro5J9ab9JjwL3k2eg=
-22,-11,oP/NbglD7p/Ow3wjhuqMyDpWx5Y=,U3o/4nXjxbq3O/uxGeR/lxtpiQ4=
-17,-14,oP/NbglD7p/Ow3wjhuqMyDpWx5Y=,F0eNw0rqNrFVH2RlxjDhRCzvsZw=
-19,-15,oP/NbglD7p/Ow3wjhuqMyDpWx5Y=,HodgEEfHiqt8UZmjEVReG3/9xc8=
-23,-14,oP/NbglD7p/Ow3wjhuqMyDpWx5Y=,h72ogM414OjkRjk+AoODjeVnE1c=
-18,-14,oP/NbglD7p/Ow3wjhuqMyDpWx5Y=,F0eNw0rqNrFVH2RlxjDhRCzvsZw=
-22,-12,oP/NbglD7p/Ow3wjhuqMyDpWx5Y=,U3o/4nXjxbq3O/uxGeR/lxtpiQ4=
-25,-13,oP/NbglD7p/Ow3wjhuqMyDpWx5Y=,RdwfASNnQJnf8/3AtTTpRHATu6Y=
-25,-14,oP/NbglD7p/Ow3wjhuqMyDpWx5Y=,RdwfASNnQJnf8/3AtTTpRHATu6Y=
-24,-12,oP/NbglD7p/Ow3wjhuqMyDpWx5Y=,a20jgkoW7vXMPe5sGOAp+JAJMSY=
-23,-13,oP/NbglD7p/Ow3wjhuqMyDpWx5Y=,h72ogM414OjkRjk+AoODjeVnE1c=
-24,-13,oP/NbglD7p/Ow3wjhuqMyDpWx5Y=,h72ogM414OjkRjk+AoODjeVnE1c=
-17,-13,oP/NbglD7p/Ow3wjhuqMyDpWx5Y=,F0eNw0rqNrFVH2RlxjDhRCzvsZw=
-23,-11,oP/NbglD7p/Ow3wjhuqMyDpWx5Y=,a20jgkoW7vXMPe5sGOAp+JAJMSY=
-22,-15,oP/NbglD7p/Ow3wjhuqMyDpWx5Y=,PSur9GY39p3+wbZ949GPE7ABIqs=
-23,-12,oP/NbglD7p/Ow3wjhuqMyDpWx5Y=,a20jgkoW7vXMPe5sGOAp+JAJMSY=
-22,-14,oP/NbglD7p/Ow3wjhuqMyDpWx5Y=,Lt7RP1jyROro5J9ab9JjwL3k2eg=
-18,-16,oP/NbglD7p/Ow3wjhuqMyDpWx5Y=,4exSonxf7vt+60IU9+1Vjhe37Og=
-22,-9,oP/NbglD7p/Ow3wjhuqMyDpWx5Y=,NwEeDHJxtvNxSskwehTTr9aDyrg=
-17,-16,oP/NbglD7p/Ow3wjhuqMyDpWx5Y=,4exSonxf7vt+60IU9+1Vjhe37Og=
-17,-10,oP/NbglD7p/Ow3wjhuqMyDpWx5Y=,qq2hZ+SfybPVSnEXP1w7CRAPc34=
-21,-16,oP/NbglD7p/Ow3wjhuqMyDpWx5Y=,PSur9GY39p3+wbZ949GPE7ABIqs=
-24,-11,oP/NbglD7p/Ow3wjhuqMyDpWx5Y=,a20jgkoW7vXMPe5sGOAp+JAJMSY=
-26,-14,oP/NbglD7p/Ow3wjhuqMyDpWx5Y=,RdwfASNnQJnf8/3AtTTpRHATu6Y=
-22,-16,oP/NbglD7p/Ow3wjhuqMyDpWx5Y=,PSur9GY39p3+wbZ949GPE7ABIqs=
-19,-16,oP/NbglD7p/Ow3wjhuqMyDpWx5Y=,HodgEEfHiqt8UZmjEVReG3/9xc8=
-20,-16,oP/NbglD7p/Ow3wjhuqMyDpWx5Y=,HodgEEfHiqt8UZmjEVReG3/9xc8=
-26,-13,oP/NbglD7p/Ow3wjhuqMyDpWx5Y=,RdwfASNnQJnf8/3AtTTpRHATu6Y=
-17,-9,oP/NbglD7p/Ow3wjhuqMyDpWx5Y=,qq2hZ+SfybPVSnEXP1w7CRAPc34=
-21,-9,oP/NbglD7p/Ow3wjhuqMyDpWx5Y=,NwEeDHJxtvNxSskwehTTr9aDyrg=
-19,-11,oP/NbglD7p/Ow3wjhuqMyDpWx5Y=,mQ1lGXvNX2pLPTbeY+n3dTCGK6s=
-20,-9,oP/NbglD7p/Ow3wjhuqMyDpWx5Y=,K8Zl7KcT8UhxBq90Z8D0+nRJvXM=
-21,-10,oP/NbglD7p/Ow3wjhuqMyDpWx5Y=,NwEeDHJxtvNxSskwehTTr9aDyrg=
-20,-11,oP/NbglD7p/Ow3wjhuqMyDpWx5Y=,mQ1lGXvNX2pLPTbeY+n3dTCGK6s=
-21,-11,oP/NbglD7p/Ow3wjhuqMyDpWx5Y=,U3o/4nXjxbq3O/uxGeR/lxtpiQ4=
-19,-9,oP/NbglD7p/Ow3wjhuqMyDpWx5Y=,K8Zl7KcT8UhxBq90Z8D0+nRJvXM=
-20,-10,oP/NbglD7p/Ow3wjhuqMyDpWx5Y=,K8Zl7KcT8UhxBq90Z8D0+nRJvXM=
-18,-10,oP/NbglD7p/Ow3wjhuqMyDpWx5Y=,qq2hZ+SfybPVSnEXP1w7CRAPc34=
-19,-10,oP/NbglD7p/Ow3wjhuqMyDpWx5Y=,K8Zl7KcT8UhxBq90Z8D0+nRJvXM=
-18,-9,oP/NbglD7p/Ow3wjhuqMyDpWx5Y=,qq2hZ+SfybPVSnEXP1w7CRAPc34=
