17,-9,52D5uDwUNzHerxMEHH1Nol0Sky4=,mlsaeMPu3vXDXDxiHzEqCxLJyEo=
19,-11,52D5uDwUNzHerxMEHH1Nol0Sky4=,lye744hWgaPfoW7hxtzkbZKXDMg=
16,-9,52D5uDwUNzHerxMEHH1Nol0Sky4=,mlsaeMPu3vXDXDxiHzEqCxLJyEo=
19,-12,52D5uDwUNzHerxMEHH1Nol0Sky4=,lye744hWgaPfoW7hxtzkbZKXDMg=
17,-10,52D5uDwUNzHerxMEHH1Nol0Sky4=,mlsaeMPu3vXDXDxiHzEqCxLJyEo=
16,-12,52D5uDwUNzHerxMEHH1Nol0Sky4=,C08Z0ZHJwlfkD4//R4HqZoy86EU=
18,-11,52D5uDwUNzHerxMEHH1Nol0Sky4=,lye744hWgaPfoW7hxtzkbZKXDMg=
18,-12,52D5uDwUNzHerxMEHH1Nol0Sky4=,lye744hWgaPfoW7hxtzkbZKXDMg=
16,-10,52D5uDwUNzHerxMEHH1Nol0Sky4=,mlsaeMPu3vXDXDxiHzEqCxLJyEo=
17,-11,52D5uDwUNzHerxMEHH1Nol0Sky4=,C08Z0ZHJwlfkD4//R4HqZoy86EU=
16,-11,52D5uDwUNzHerxMEHH1Nol0Sky4=,C08Z0ZHJwlfkD4//R4HqZoy86EU=
17,-12,52D5uDwUNzHerxMEHH1Nol0Sky4=,C08Z0ZHJwlfkD4//R4HqZoy86EU=
4,-7,GW6oTQmSXvL38R331QxanoVKpTY=,LqgjayCbWmLwFoTdgKp9HAKEdf0=
3,-7,GW6oTQmSXvL38R331QxanoVKpTY=,xTsm8UqQ3RMxgm6EqGm3VFO7vO4=
4,-6,GW6oTQmSXvL38R331QxanoVKpTY=,qEaompjeJbK3snE/z22ouGnOHXE=
3,-6,k/ujlEcHisBYwL0Jafi14NkExM8=,O5w2ziYsdI/d57ow3lUe2fkw6ro=
3,-5,k/ujlEcHisBYwL0Jafi14NkExM8=,O5w2ziYsdI/d57ow3lUe2fkw6ro=
4,-4,TjLND7Yf9bDgN/EYVIqucC9ArLw=,p8rc5tDaT2S+KtLA9E4I4NzFV7Y=
3,-4,k/ujlEcHisBYwL0Jafi14NkExM8=,anEl8Q09tZXcy0it3o8rP13E/Fg=
4,-5,GW6oTQmSXvL38R331QxanoVKpTY=,qEaompjeJbK3snE/z22ouGnOHXE=
1,-5,k/ujlEcHisBYwL0Jafi14NkExM8=,4So6Rr3I0gVAsT2WCT5Nttjyjh0=
1,-4,oP/NbglD7p/Ow3wjhuqMyDpWx5Y=,aIGmfEakpsfCbc5ju4/JD/Nb/U0=
2,-5,k/ujlEcHisBYwL0Jafi14NkExM8=,O5w2ziYsdI/d57ow3lUe2fkw6ro=
2,-4,k/ujlEcHisBYwL0Jafi14NkExM8=,anEl8Q09tZXcy0it3o8rP13E/Fg=
3,-3,k/ujlEcHisBYwL0Jafi14NkExM8=,anEl8Q09tZXcy0it3o8rP13E/Fg=
4,-1,TjLND7Yf9bDgN/EYVIqucC9ArLw=,R7vthzsL/G5Psi1Wqnmbhc1Alhw=
4,-2,TjLND7Yf9bDgN/EYVIqucC9ArLw=,R7vthzsL/G5Psi1Wqnmbhc1Alhw=
3,-1,TjLND7Yf9bDgN/EYVIqucC9ArLw=,pkFO+/IduLH5/19WrIAtAZOXfuQ=
3,-2,TjLND7Yf9bDgN/EYVIqucC9ArLw=,pkFO+/IduLH5/19WrIAtAZOXfuQ=
4,-3,TjLND7Yf9bDgN/EYVIqucC9ArLw=,p8rc5tDaT2S+KtLA9E4I4NzFV7Y=
11,-7,GW6oTQmSXvL38R331QxanoVKpTY=,JLKl2PBcSzCL7oXdaA251aiMk2o=
12,-6,GW6oTQmSXvL38R331QxanoVKpTY=,hsMTMSVdIlRPiXmRGiUBXFymmkA=
10,-7,GW6oTQmSXvL38R331QxanoVKpTY=,JLKl2PBcSzCL7oXdaA251aiMk2o=
9,-7,GW6oTQmSXvL38R331QxanoVKpTY=,Jcd+hcGhsz7IGV005Q46goEJ0K8=
10,-6,GW6oTQmSXvL38R331QxanoVKpTY=,wMzrvzBPgicGvEI/xPP++Xduh+U=
12,-7,GW6oTQmSXvL38R331QxanoVKpTY=,vFiD/kUezPoUu4X5r4NQhGOATSs=
9,-6,GW6oTQmSXvL38R331QxanoVKpTY=,fV/M0al7VNn8KQvdJ7/hH+Jgm9k=
11,-6,GW6oTQmSXvL38R331QxanoVKpTY=,wMzrvzBPgicGvEI/xPP++Xduh+U=
14,-5,GW6oTQmSXvL38R331QxanoVKpTY=,fA4SMWhiDyjRe1Bsx6w0XoF4VF0=
13,-5,GW6oTQmSXvL38R331QxanoVKpTY=,hsMTMSVdIlRPiXmRGiUBXFymmkA=
15,-5,GW6oTQmSXvL38R331QxanoVKpTY=,fA4SMWhiDyjRe1Bsx6w0XoF4VF0=
15,-7,GW6oTQmSXvL38R331QxanoVKpTY=,LWgcdudQHNzAGWPgres81pcVznM=
14,-6,GW6oTQmSXvL38R331QxanoVKpTY=,fA4SMWhiDyjRe1Bsx6w0XoF4VF0=
15,-6,GW6oTQmSXvL38R331QxanoVKpTY=,fA4SMWhiDyjRe1Bsx6w0XoF4VF0=
13,-7,GW6oTQmSXvL38R331QxanoVKpTY=,vFiD/kUezPoUu4X5r4NQhGOATSs=
9,-8,GW6oTQmSXvL38R331QxanoVKpTY=,Jcd+hcGhsz7IGV005Q46goEJ0K8=
15,-10,GW6oTQmSXvL38R331QxanoVKpTY=,ZcEN3hDlULcBRzeuSQTFjrpFZT0=
14,-9,GW6oTQmSXvL38R331QxanoVKpTY=,ZcEN3hDlULcBRzeuSQTFjrpFZT0=
11,-8,GW6oTQmSXvL38R331QxanoVKpTY=,JLKl2PBcSzCL7oXdaA251aiMk2o=
12,-8,GW6oTQmSXvL38R331QxanoVKpTY=,vFiD/kUezPoUu4X5r4NQhGOATSs=
13,-8,GW6oTQmSXvL38R331QxanoVKpTY=,vFiD/kUezPoUu4X5r4NQhGOATSs=
10,-8,GW6oTQmSXvL38R331QxanoVKpTY=,JLKl2PBcSzCL7oXdaA251aiMk2o=
14,-10,GW6oTQmSXvL38R331QxanoVKpTY=,ZcEN3hDlULcBRzeuSQTFjrpFZT0=
5,-4,TjLND7Yf9bDgN/EYVIqucC9ArLw=,p8rc5tDaT2S+KtLA9E4I4NzFV7Y=
5,-5,GW6oTQmSXvL38R331QxanoVKpTY=,qEaompjeJbK3snE/z22ouGnOHXE=
14,-7,GW6oTQmSXvL38R331QxanoVKpTY=,LWgcdudQHNzAGWPgres81pcVznM=
13,-6,GW6oTQmSXvL38R331QxanoVKpTY=,hsMTMSVdIlRPiXmRGiUBXFymmkA=
6,-5,GW6oTQmSXvL38R331QxanoVKpTY=,WeMFXu1c5xnlDedTPgyhfFFkfVs=
8,-5,GW6oTQmSXvL38R331QxanoVKpTY=,fV/M0al7VNn8KQvdJ7/hH+Jgm9k=
11,-5,GW6oTQmSXvL38R331QxanoVKpTY=,wMzrvzBPgicGvEI/xPP++Xduh+U=
7,-5,GW6oTQmSXvL38R331QxanoVKpTY=,WeMFXu1c5xnlDedTPgyhfFFkfVs=
9,-5,GW6oTQmSXvL38R331QxanoVKpTY=,fV/M0al7VNn8KQvdJ7/hH+Jgm9k=
15,-9,GW6oTQmSXvL38R331QxanoVKpTY=,ZcEN3hDlULcBRzeuSQTFjrpFZT0=
12,-5,GW6oTQmSXvL38R331QxanoVKpTY=,hsMTMSVdIlRPiXmRGiUBXFymmkA=
10,-5,GW6oTQmSXvL38R331QxanoVKpTY=,wMzrvzBPgicGvEI/xPP++Xduh+U=
15,-8,GW6oTQmSXvL38R331QxanoVKpTY=,LWgcdudQHNzAGWPgres81pcVznM=
14,-8,GW6oTQmSXvL38R331QxanoVKpTY=,LWgcdudQHNzAGWPgres81pcVznM=
8,-7,GW6oTQmSXvL38R331QxanoVKpTY=,Jcd+hcGhsz7IGV005Q46goEJ0K8=
5,-8,GW6oTQmSXvL38R331QxanoVKpTY=,LqgjayCbWmLwFoTdgKp9HAKEdf0=
8,-8,GW6oTQmSXvL38R331QxanoVKpTY=,Jcd+hcGhsz7IGV005Q46goEJ0K8=
6,-6,GW6oTQmSXvL38R331QxanoVKpTY=,WeMFXu1c5xnlDedTPgyhfFFkfVs=
6,-8,GW6oTQmSXvL38R331QxanoVKpTY=,OfPvtdfG9KZBjtMYKMnGbHVkwqI=
7,-8,GW6oTQmSXvL38R331QxanoVKpTY=,OfPvtdfG9KZBjtMYKMnGbHVkwqI=
6,-7,GW6oTQmSXvL38R331QxanoVKpTY=,OfPvtdfG9KZBjtMYKMnGbHVkwqI=
7,-6,GW6oTQmSXvL38R331QxanoVKpTY=,WeMFXu1c5xnlDedTPgyhfFFkfVs=
7,-7,GW6oTQmSXvL38R331QxanoVKpTY=,OfPvtdfG9KZBjtMYKMnGbHVkwqI=
5,-6,GW6oTQmSXvL38R331QxanoVKpTY=,qEaompjeJbK3snE/z22ouGnOHXE=
8,-6,GW6oTQmSXvL38R331QxanoVKpTY=,fV/M0al7VNn8KQvdJ7/hH+Jgm9k=
5,-7,GW6oTQmSXvL38R331QxanoVKpTY=,LqgjayCbWmLwFoTdgKp9HAKEdf0=
4,-8,GW6oTQmSXvL38R331QxanoVKpTY=,LqgjayCbWmLwFoTdgKp9HAKEdf0=
3,-9,GW6oTQmSXvL38R331QxanoVKpTY=,oLIFYknryOH2db+gVftwd+fw8Z8=
3,-8,GW6oTQmSXvL38R331QxanoVKpTY=,xTsm8UqQ3RMxgm6EqGm3VFO7vO4=
5,-2,TjLND7Yf9bDgN/EYVIqucC9ArLw=,R7vthzsL/G5Psi1Wqnmbhc1Alhw=
5,-1,TjLND7Yf9bDgN/EYVIqucC9ArLw=,R7vthzsL/G5Psi1Wqnmbhc1Alhw=
3,-10,GW6oTQmSXvL38R331QxanoVKpTY=,oLIFYknryOH2db+gVftwd+fw8Z8=
5,-3,TjLND7Yf9bDgN/EYVIqucC9ArLw=,p8rc5tDaT2S+KtLA9E4I4NzFV7Y=
0,-5,k/ujlEcHisBYwL0Jafi14NkExM8=,4So6Rr3I0gVAsT2WCT5Nttjyjh0=
0,-4,oP/NbglD7p/Ow3wjhuqMyDpWx5Y=,aIGmfEakpsfCbc5ju4/JD/Nb/U0=
2,-10,GW6oTQmSXvL38R331QxanoVKpTY=,oLIFYknryOH2db+gVftwd+fw8Z8=
1,-10,GW6oTQmSXvL38R331QxanoVKpTY=,jY0aKTmRt7cX72AjhoEmZkpr8As=
0,-10,GW6oTQmSXvL38R331QxanoVKpTY=,jY0aKTmRt7cX72AjhoEmZkpr8As=
1,-1,w1tM24v/m4pnvAAB+dWYkGI1SXs=,ft2mZhNvSYD7JYN6ulUKkSH+QLc=
1,-2,w1tM24v/m4pnvAAB+dWYkGI1SXs=,ft2mZhNvSYD7JYN6ulUKkSH+QLc=
1,-3,oP/NbglD7p/Ow3wjhuqMyDpWx5Y=,aIGmfEakpsfCbc5ju4/JD/Nb/U0=
0,-2,w1tM24v/m4pnvAAB+dWYkGI1SXs=,ft2mZhNvSYD7JYN6ulUKkSH+QLc=
2,-2,TjLND7Yf9bDgN/EYVIqucC9ArLw=,pkFO+/IduLH5/19WrIAtAZOXfuQ=
0,-1,w1tM24v/m4pnvAAB+dWYkGI1SXs=,ft2mZhNvSYD7JYN6ulUKkSH+QLc=
2,-1,TjLND7Yf9bDgN/EYVIqucC9ArLw=,pkFO+/IduLH5/19WrIAtAZOXfuQ=
2,-3,k/ujlEcHisBYwL0Jafi14NkExM8=,anEl8Q09tZXcy0it3o8rP13E/Fg=
0,-3,oP/NbglD7p/Ow3wjhuqMyDpWx5Y=,aIGmfEakpsfCbc5ju4/JD/Nb/U0=
2,-9,GW6oTQmSXvL38R331QxanoVKpTY=,oLIFYknryOH2db+gVftwd+fw8Z8=
1,-6,k/ujlEcHisBYwL0Jafi14NkExM8=,4So6Rr3I0gVAsT2WCT5Nttjyjh0=
2,-7,GW6oTQmSXvL38R331QxanoVKpTY=,xTsm8UqQ3RMxgm6EqGm3VFO7vO4=
1,-8,k/ujlEcHisBYwL0Jafi14NkExM8=,35KWcltqI2uSo1BpFpYAiGlNr58=
0,-6,k/ujlEcHisBYwL0Jafi14NkExM8=,4So6Rr3I0gVAsT2WCT5Nttjyjh0=
1,-7,k/ujlEcHisBYwL0Jafi14NkExM8=,35KWcltqI2uSo1BpFpYAiGlNr58=
2,-6,k/ujlEcHisBYwL0Jafi14NkExM8=,O5w2ziYsdI/d57ow3lUe2fkw6ro=
0,-9,GW6oTQmSXvL38R331QxanoVKpTY=,jY0aKTmRt7cX72AjhoEmZkpr8As=
1,-9,GW6oTQmSXvL38R331QxanoVKpTY=,jY0aKTmRt7cX72AjhoEmZkpr8As=
2,-8,GW6oTQmSXvL38R331QxanoVKpTY=,xTsm8UqQ3RMxgm6EqGm3VFO7vO4=
0,-8,k/ujlEcHisBYwL0Jafi14NkExM8=,35KWcltqI2uSo1BpFpYAiGlNr58=
0,-7,k/ujlEcHisBYwL0Jafi14NkExM8=,35KWcltqI2uSo1BpFpYAiGlNr58=
21,-2,kF4NbB+RA/501bpp9AMT+XlScsQ=,mvCvqqx4kRVlP1tKSxxCNIrjHvs=
21,-3,kF4NbB+RA/501bpp9AMT+XlScsQ=,lbCYulGw6o8gRoEqNIL5maQBwow=
22,-3,kF4NbB+RA/501bpp9AMT+XlScsQ=,4bA7xU0t9/53U+yedDJbvqta8qk=
19,-1,kF4NbB+RA/501bpp9AMT+XlScsQ=,I025diK7PcsOqO7pfnFBhuwpvgQ=
21,-4,kF4NbB+RA/501bpp9AMT+XlScsQ=,lbCYulGw6o8gRoEqNIL5maQBwow=
20,-1,kF4NbB+RA/501bpp9AMT+XlScsQ=,mvCvqqx4kRVlP1tKSxxCNIrjHvs=
21,-1,kF4NbB+RA/501bpp9AMT+XlScsQ=,mvCvqqx4kRVlP1tKSxxCNIrjHvs=
22,-4,kF4NbB+RA/501bpp9AMT+XlScsQ=,4bA7xU0t9/53U+yedDJbvqta8qk=
20,-4,kF4NbB+RA/501bpp9AMT+XlScsQ=,lbCYulGw6o8gRoEqNIL5maQBwow=
20,-3,kF4NbB+RA/501bpp9AMT+XlScsQ=,lbCYulGw6o8gRoEqNIL5maQBwow=
19,-4,kF4NbB+RA/501bpp9AMT+XlScsQ=,VU1ZY+3JQpRT0231dkPa3JbWBlY=
20,-2,kF4NbB+RA/501bpp9AMT+XlScsQ=,mvCvqqx4kRVlP1tKSxxCNIrjHvs=
19,-3,kF4NbB+RA/501bpp9AMT+XlScsQ=,VU1ZY+3JQpRT0231dkPa3JbWBlY=
19,-2,kF4NbB+RA/501bpp9AMT+XlScsQ=,I025diK7PcsOqO7pfnFBhuwpvgQ=
16,-1,kF4NbB+RA/501bpp9AMT+XlScsQ=,eMVFfEbg+JuM2nPb0HlSClGZ38s=
18,-1,kF4NbB+RA/501bpp9AMT+XlScsQ=,I025diK7PcsOqO7pfnFBhuwpvgQ=
17,-1,kF4NbB+RA/501bpp9AMT+XlScsQ=,eMVFfEbg+JuM2nPb0HlSClGZ38s=
18,-4,kF4NbB+RA/501bpp9AMT+XlScsQ=,VU1ZY+3JQpRT0231dkPa3JbWBlY=
18,-3,kF4NbB+RA/501bpp9AMT+XlScsQ=,VU1ZY+3JQpRT0231dkPa3JbWBlY=
16,-4,kF4NbB+RA/501bpp9AMT+XlScsQ=,ZOIzWTMyvjFz3jJB+Q2j2E5l6ds=
18,-2,kF4NbB+RA/501bpp9AMT+XlScsQ=,I025diK7PcsOqO7pfnFBhuwpvgQ=
17,-4,kF4NbB+RA/501bpp9AMT+XlScsQ=,ZOIzWTMyvjFz3jJB+Q2j2E5l6ds=
17,-2,kF4NbB+RA/501bpp9AMT+XlScsQ=,eMVFfEbg+JuM2nPb0HlSClGZ38s=
17,-3,kF4NbB+RA/501bpp9AMT+XlScsQ=,ZOIzWTMyvjFz3jJB+Q2j2E5l6ds=
16,-2,kF4NbB+RA/501bpp9AMT+XlScsQ=,eMVFfEbg+JuM2nPb0HlSClGZ38s=
24,-5,kF4NbB+RA/501bpp9AMT+XlScsQ=,zs2KdaN+vPU+IjRt8HaKnAs/+nc=
16,-3,kF4NbB+RA/501bpp9AMT+XlScsQ=,ZOIzWTMyvjFz3jJB+Q2j2E5l6ds=
24,-4,kF4NbB+RA/501bpp9AMT+XlScsQ=,MGokwbBRdRyZpI3TNBi3LtHTCOY=
23,-4,kF4NbB+RA/501bpp9AMT+XlScsQ=,4bA7xU0t9/53U+yedDJbvqta8qk=
24,-3,kF4NbB+RA/501bpp9AMT+XlScsQ=,MGokwbBRdRyZpI3TNBi3LtHTCOY=
23,-3,kF4NbB+RA/501bpp9AMT+XlScsQ=,4bA7xU0t9/53U+yedDJbvqta8qk=
24,-6,kF4NbB+RA/501bpp9AMT+XlScsQ=,zs2KdaN+vPU+IjRt8HaKnAs/+nc=
26,-3,kF4NbB+RA/501bpp9AMT+XlScsQ=,QcBvU7uYchRl9xKY3mkhGEa0jvY=
27,-3,kF4NbB+RA/501bpp9AMT+XlScsQ=,QcBvU7uYchRl9xKY3mkhGEa0jvY=
29,-4,kF4NbB+RA/501bpp9AMT+XlScsQ=,kiRjlCCGlgfC2LZPfuEfPMO8PwY=
25,-3,kF4NbB+RA/501bpp9AMT+XlScsQ=,MGokwbBRdRyZpI3TNBi3LtHTCOY=
28,-3,kF4NbB+RA/501bpp9AMT+XlScsQ=,kiRjlCCGlgfC2LZPfuEfPMO8PwY=
29,-3,kF4NbB+RA/501bpp9AMT+XlScsQ=,kiRjlCCGlgfC2LZPfuEfPMO8PwY=
25,-4,kF4NbB+RA/501bpp9AMT+XlScsQ=,MGokwbBRdRyZpI3TNBi3LtHTCOY=
28,-4,kF4NbB+RA/501bpp9AMT+XlScsQ=,kiRjlCCGlgfC2LZPfuEfPMO8PwY=
26,-6,kF4NbB+RA/501bpp9AMT+XlScsQ=,qLGAxcDB1z7YoP29aV5iLYpg04c=
25,-5,kF4NbB+RA/501bpp9AMT+XlScsQ=,zs2KdaN+vPU+IjRt8HaKnAs/+nc=
27,-4,kF4NbB+RA/501bpp9AMT+XlScsQ=,QcBvU7uYchRl9xKY3mkhGEa0jvY=
27,-6,kF4NbB+RA/501bpp9AMT+XlScsQ=,qLGAxcDB1z7YoP29aV5iLYpg04c=
25,-6,kF4NbB+RA/501bpp9AMT+XlScsQ=,zs2KdaN+vPU+IjRt8HaKnAs/+nc=
27,-5,kF4NbB+RA/501bpp9AMT+XlScsQ=,qLGAxcDB1z7YoP29aV5iLYpg04c=
26,-5,kF4NbB+RA/501bpp9AMT+XlScsQ=,qLGAxcDB1z7YoP29aV5iLYpg04c=
26,-4,kF4NbB+RA/501bpp9AMT+XlScsQ=,QcBvU7uYchRl9xKY3mkhGEa0jvY=
8,-3,TjLND7Yf9bDgN/EYVIqucC9ArLw=,sLDD6fdPvT8OE/ZPCC76/dlZxLg=
7,-3,TjLND7Yf9bDgN/EYVIqucC9ArLw=,m6TuSY629XmGoUenGQ5r/uNiC7U=
7,-2,TjLND7Yf9bDgN/EYVIqucC9ArLw=,WHSoxE8GDdIMJeAytqvwUDXwpeo=
8,-2,TjLND7Yf9bDgN/EYVIqucC9ArLw=,lNwa9rAD8ViE4UMj8ObhSF+D6pI=
6,-3,TjLND7Yf9bDgN/EYVIqucC9ArLw=,m6TuSY629XmGoUenGQ5r/uNiC7U=
6,-2,TjLND7Yf9bDgN/EYVIqucC9ArLw=,WHSoxE8GDdIMJeAytqvwUDXwpeo=
6,-4,TjLND7Yf9bDgN/EYVIqucC9ArLw=,m6TuSY629XmGoUenGQ5r/uNiC7U=
13,-3,TjLND7Yf9bDgN/EYVIqucC9ArLw=,m9sYEb9ctU7PQSqoUaj8XoisuLY=
14,-3,TjLND7Yf9bDgN/EYVIqucC9ArLw=,8RZWqVNkrV8J9qqIvL+YGJvK3V8=
13,-2,TjLND7Yf9bDgN/EYVIqucC9ArLw=,+HDAEsY2LdisQQcJLBtDpaYu84A=
14,-4,TjLND7Yf9bDgN/EYVIqucC9ArLw=,8RZWqVNkrV8J9qqIvL+YGJvK3V8=
7,-1,TjLND7Yf9bDgN/EYVIqucC9ArLw=,WHSoxE8GDdIMJeAytqvwUDXwpeo=
12,-4,TjLND7Yf9bDgN/EYVIqucC9ArLw=,m9sYEb9ctU7PQSqoUaj8XoisuLY=
8,-1,TjLND7Yf9bDgN/EYVIqucC9ArLw=,lNwa9rAD8ViE4UMj8ObhSF+D6pI=
6,-1,TjLND7Yf9bDgN/EYVIqucC9ArLw=,WHSoxE8GDdIMJeAytqvwUDXwpeo=
13,-4,TjLND7Yf9bDgN/EYVIqucC9ArLw=,m9sYEb9ctU7PQSqoUaj8XoisuLY=
9,-4,TjLND7Yf9bDgN/EYVIqucC9ArLw=,sLDD6fdPvT8OE/ZPCC76/dlZxLg=
13,-1,TjLND7Yf9bDgN/EYVIqucC9ArLw=,+HDAEsY2LdisQQcJLBtDpaYu84A=
8,-4,TjLND7Yf9bDgN/EYVIqucC9ArLw=,sLDD6fdPvT8OE/ZPCC76/dlZxLg=
14,-1,TjLND7Yf9bDgN/EYVIqucC9ArLw=,W8f7QioU5lQwlXd5sPmVuL7fQ/M=
7,-4,TjLND7Yf9bDgN/EYVIqucC9ArLw=,m6TuSY629XmGoUenGQ5r/uNiC7U=
14,-2,TjLND7Yf9bDgN/EYVIqucC9ArLw=,W8f7QioU5lQwlXd5sPmVuL7fQ/M=
15,-2,TjLND7Yf9bDgN/EYVIqucC9ArLw=,W8f7QioU5lQwlXd5sPmVuL7fQ/M=
11,-2,TjLND7Yf9bDgN/EYVIqucC9ArLw=,jHhcoMatIfCSOgMlKPl8WjIT7rs=
10,-2,TjLND7Yf9bDgN/EYVIqucC9ArLw=,jHhcoMatIfCSOgMlKPl8WjIT7rs=
15,-1,TjLND7Yf9bDgN/EYVIqucC9ArLw=,W8f7QioU5lQwlXd5sPmVuL7fQ/M=
15,-4,TjLND7Yf9bDgN/EYVIqucC9ArLw=,8RZWqVNkrV8J9qqIvL+YGJvK3V8=
15,-3,TjLND7Yf9bDgN/EYVIqucC9ArLw=,8RZWqVNkrV8J9qqIvL+YGJvK3V8=
10,-1,TjLND7Yf9bDgN/EYVIqucC9ArLw=,jHhcoMatIfCSOgMlKPl8WjIT7rs=
9,-1,TjLND7Yf9bDgN/EYVIqucC9ArLw=,lNwa9rAD8ViE4UMj8ObhSF+D6pI=
9,-3,TjLND7Yf9bDgN/EYVIqucC9ArLw=,sLDD6fdPvT8OE/ZPCC76/dlZxLg=
12,-3,TjLND7Yf9bDgN/EYVIqucC9ArLw=,m9sYEb9ctU7PQSqoUaj8XoisuLY=
9,-2,TjLND7Yf9bDgN/EYVIqucC9ArLw=,lNwa9rAD8ViE4UMj8ObhSF+D6pI=
12,-1,TjLND7Yf9bDgN/EYVIqucC9ArLw=,+HDAEsY2LdisQQcJLBtDpaYu84A=
12,-2,TjLND7Yf9bDgN/EYVIqucC9ArLw=,+HDAEsY2LdisQQcJLBtDpaYu84A=
11,-1,TjLND7Yf9bDgN/EYVIqucC9ArLw=,jHhcoMatIfCSOgMlKPl8WjIT7rs=
