1,-1,wMF/Uxgumyf2oPejXUNdABzYHy4=,+jNe+jhN1fagbFr1O85TSk5SEhE=
0,-2,wMF/Uxgumyf2oPejXUNdABzYHy4=,+jNe+jhN1fagbFr1O85TSk5SEhE=
1,-2,F0XjT6jXIvT5HD0QsqnU4BNx6LQ=,+jNe+jhN1fagbFr1O85TSk5SEhE=
0,-1,wMF/Uxgumyf2oPejXUNdABzYHy4=,+jNe+jhN1fagbFr1O85TSk5SEhE=
3,-3,wMF/Uxgumyf2oPejXUNdABzYHy4=,cb+W4+CfBhScWJ3P7a8kRsgzsc8=
3,-2,wMF/Uxgumyf2oPejXUNdABzYHy4=,xUUQOEve3IkdTxRpSON2ibfBKco=
4,-2,F0XjT6jXIvT5HD0QsqnU4BNx6LQ=,emMZX99SA2G7CkW4EqCJTAJnn/w=
4,-3,wMF/Uxgumyf2oPejXUNdABzYHy4=,WaIcUOAwrVAlRTZBLr1XGJOh1Rw=
6,-4,wMF/Uxgumyf2oPejXUNdABzYHy4=,GKspT3ampWkSHj7agRB9g9Uq/j8=
6,-5,wMF/Uxgumyf2oPejXUNdABzYHy4=,eGBg3dgGdyQvzJ8ITDRiS1f5JIM=
5,-4,wMF/Uxgumyf2oPejXUNdABzYHy4=,WaIcUOAwrVAlRTZBLr1XGJOh1Rw=
5,-5,wMF/Uxgumyf2oPejXUNdABzYHy4=,D5HLdaMkAmotmpmbN4WrCWN4yxE=
6,-2,gQXHwa7i1jG7O8EbG254XQA8vHY=,B8pKiQc4N1ysLiNE3WKPmhkjeO4=
5,-3,wMF/Uxgumyf2oPejXUNdABzYHy4=,WaIcUOAwrVAlRTZBLr1XGJOh1Rw=
5,-2,wMF/Uxgumyf2oPejXUNdABzYHy4=,emMZX99SA2G7CkW4EqCJTAJnn/w=
6,-3,wMF/Uxgumyf2oPejXUNdABzYHy4=,GKspT3ampWkSHj7agRB9g9Uq/j8=
7,-3,wMF/Uxgumyf2oPejXUNdABzYHy4=,GKspT3ampWkSHj7agRB9g9Uq/j8=
8,-2,gQXHwa7i1jG7O8EbG254XQA8vHY=,uLAisXo5YUwATjULvfZztZtExbY=
7,-2,gQXHwa7i1jG7O8EbG254XQA8vHY=,B8pKiQc4N1ysLiNE3WKPmhkjeO4=
8,-3,gQXHwa7i1jG7O8EbG254XQA8vHY=,/hFACaClOLMgPVmdiLfAQbGcoZc=
11,-3,gQXHwa7i1jG7O8EbG254XQA8vHY=,zyNrGIsunbLprj0syyOgqjQj4wU=
12,-3,gQXHwa7i1jG7O8EbG254XQA8vHY=,yrgBuKfx8t6NOenxKxvTnbjOidI=
10,-3,gQXHwa7i1jG7O8EbG254XQA8vHY=,zyNrGIsunbLprj0syyOgqjQj4wU=
11,-5,gQXHwa7i1jG7O8EbG254XQA8vHY=,67nO2d5N64l8O8a6F2RR5z3zzZE=
12,-5,gQXHwa7i1jG7O8EbG254XQA8vHY=,gu0mwbcTCm5IgKf/0oPnNRc+xoE=
9,-3,gQXHwa7i1jG7O8EbG254XQA8vHY=,/hFACaClOLMgPVmdiLfAQbGcoZc=
11,-2,gQXHwa7i1jG7O8EbG254XQA8vHY=,a80UUEod1IdYptM5a21nWLEUVQw=
11,-4,gQXHwa7i1jG7O8EbG254XQA8vHY=,zyNrGIsunbLprj0syyOgqjQj4wU=
9,-2,gQXHwa7i1jG7O8EbG254XQA8vHY=,uLAisXo5YUwATjULvfZztZtExbY=
12,-4,gQXHwa7i1jG7O8EbG254XQA8vHY=,yrgBuKfx8t6NOenxKxvTnbjOidI=
10,-2,gQXHwa7i1jG7O8EbG254XQA8vHY=,a80UUEod1IdYptM5a21nWLEUVQw=
13,-5,gQXHwa7i1jG7O8EbG254XQA8vHY=,gu0mwbcTCm5IgKf/0oPnNRc+xoE=
14,-4,gQXHwa7i1jG7O8EbG254XQA8vHY=,dFbN3Xw6P9mYENZmJ18KT8NO2UA=
13,-4,gQXHwa7i1jG7O8EbG254XQA8vHY=,yrgBuKfx8t6NOenxKxvTnbjOidI=
14,-5,gQXHwa7i1jG7O8EbG254XQA8vHY=,927zQ6s/8iqxHJWrs8fUGFSY2nI=
14,-7,gQXHwa7i1jG7O8EbG254XQA8vHY=,h4MsKZbVp1O/SoxSlsvCZpS/1TQ=
11,-6,gQXHwa7i1jG7O8EbG254XQA8vHY=,67nO2d5N64l8O8a6F2RR5z3zzZE=
13,-6,gQXHwa7i1jG7O8EbG254XQA8vHY=,gu0mwbcTCm5IgKf/0oPnNRc+xoE=
14,-6,gQXHwa7i1jG7O8EbG254XQA8vHY=,927zQ6s/8iqxHJWrs8fUGFSY2nI=
13,-7,gQXHwa7i1jG7O8EbG254XQA8vHY=,La4/RgNVqmvJutxAiZ+urfUOzFs=
12,-6,gQXHwa7i1jG7O8EbG254XQA8vHY=,gu0mwbcTCm5IgKf/0oPnNRc+xoE=
12,-7,gQXHwa7i1jG7O8EbG254XQA8vHY=,La4/RgNVqmvJutxAiZ+urfUOzFs=
15,-7,gQXHwa7i1jG7O8EbG254XQA8vHY=,h4MsKZbVp1O/SoxSlsvCZpS/1TQ=
15,-6,gQXHwa7i1jG7O8EbG254XQA8vHY=,927zQ6s/8iqxHJWrs8fUGFSY2nI=
12,-9,gQXHwa7i1jG7O8EbG254XQA8vHY=,kAhEF8MUFE+TO35OdpwXtVE7L6A=
12,-8,gQXHwa7i1jG7O8EbG254XQA8vHY=,La4/RgNVqmvJutxAiZ+urfUOzFs=
12,-11,gQXHwa7i1jG7O8EbG254XQA8vHY=,1miYEGh+NUsyYZOR9hC0kW8gcMg=
14,-8,gQXHwa7i1jG7O8EbG254XQA8vHY=,h4MsKZbVp1O/SoxSlsvCZpS/1TQ=
15,-8,gQXHwa7i1jG7O8EbG254XQA8vHY=,h4MsKZbVp1O/SoxSlsvCZpS/1TQ=
12,-10,gQXHwa7i1jG7O8EbG254XQA8vHY=,kAhEF8MUFE+TO35OdpwXtVE7L6A=
14,-9,gQXHwa7i1jG7O8EbG254XQA8vHY=,x+s1mnA7XA0CwRCxg11yOzIiO1M=
13,-11,gQXHwa7i1jG7O8EbG254XQA8vHY=,1miYEGh+NUsyYZOR9hC0kW8gcMg=
13,-8,gQXHwa7i1jG7O8EbG254XQA8vHY=,La4/RgNVqmvJutxAiZ+urfUOzFs=
15,-10,gQXHwa7i1jG7O8EbG254XQA8vHY=,x+s1mnA7XA0CwRCxg11yOzIiO1M=
13,-9,gQXHwa7i1jG7O8EbG254XQA8vHY=,kAhEF8MUFE+TO35OdpwXtVE7L6A=
14,-10,gQXHwa7i1jG7O8EbG254XQA8vHY=,x+s1mnA7XA0CwRCxg11yOzIiO1M=
15,-9,gQXHwa7i1jG7O8EbG254XQA8vHY=,x+s1mnA7XA0CwRCxg11yOzIiO1M=
13,-10,gQXHwa7i1jG7O8EbG254XQA8vHY=,kAhEF8MUFE+TO35OdpwXtVE7L6A=
3,-5,F0XjT6jXIvT5HD0QsqnU4BNx6LQ=,vl3atY+oF7ta17ve650hFXLM+Sc=
4,-6,wMF/Uxgumyf2oPejXUNdABzYHy4=,D5HLdaMkAmotmpmbN4WrCWN4yxE=
4,-5,F0XjT6jXIvT5HD0QsqnU4BNx6LQ=,D5HLdaMkAmotmpmbN4WrCWN4yxE=
3,-6,wMF/Uxgumyf2oPejXUNdABzYHy4=,vl3atY+oF7ta17ve650hFXLM+Sc=
3,-4,F0XjT6jXIvT5HD0QsqnU4BNx6LQ=,cb+W4+CfBhScWJ3P7a8kRsgzsc8=
4,-4,F0XjT6jXIvT5HD0QsqnU4BNx6LQ=,WaIcUOAwrVAlRTZBLr1XGJOh1Rw=
5,-1,wMF/Uxgumyf2oPejXUNdABzYHy4=,emMZX99SA2G7CkW4EqCJTAJnn/w=
7,-1,gQXHwa7i1jG7O8EbG254XQA8vHY=,B8pKiQc4N1ysLiNE3WKPmhkjeO4=
15,-5,gQXHwa7i1jG7O8EbG254XQA8vHY=,927zQ6s/8iqxHJWrs8fUGFSY2nI=
8,-1,gQXHwa7i1jG7O8EbG254XQA8vHY=,uLAisXo5YUwATjULvfZztZtExbY=
3,-1,wMF/Uxgumyf2oPejXUNdABzYHy4=,xUUQOEve3IkdTxRpSON2ibfBKco=
15,-4,gQXHwa7i1jG7O8EbG254XQA8vHY=,dFbN3Xw6P9mYENZmJ18KT8NO2UA=
13,-3,gQXHwa7i1jG7O8EbG254XQA8vHY=,yrgBuKfx8t6NOenxKxvTnbjOidI=
14,-3,gQXHwa7i1jG7O8EbG254XQA8vHY=,dFbN3Xw6P9mYENZmJ18KT8NO2UA=
4,-1,wMF/Uxgumyf2oPejXUNdABzYHy4=,emMZX99SA2G7CkW4EqCJTAJnn/w=
7,-5,wMF/Uxgumyf2oPejXUNdABzYHy4=,eGBg3dgGdyQvzJ8ITDRiS1f5JIM=
6,-6,wMF/Uxgumyf2oPejXUNdABzYHy4=,eGBg3dgGdyQvzJ8ITDRiS1f5JIM=
10,-5,gQXHwa7i1jG7O8EbG254XQA8vHY=,67nO2d5N64l8O8a6F2RR5z3zzZE=
8,-4,gQXHwa7i1jG7O8EbG254XQA8vHY=,/hFACaClOLMgPVmdiLfAQbGcoZc=
9,-4,gQXHwa7i1jG7O8EbG254XQA8vHY=,/hFACaClOLMgPVmdiLfAQbGcoZc=
10,-6,gQXHwa7i1jG7O8EbG254XQA8vHY=,67nO2d5N64l8O8a6F2RR5z3zzZE=
7,-6,wMF/Uxgumyf2oPejXUNdABzYHy4=,eGBg3dgGdyQvzJ8ITDRiS1f5JIM=
6,-1,gQXHwa7i1jG7O8EbG254XQA8vHY=,B8pKiQc4N1ysLiNE3WKPmhkjeO4=
7,-4,wMF/Uxgumyf2oPejXUNdABzYHy4=,GKspT3ampWkSHj7agRB9g9Uq/j8=
10,-1,gQXHwa7i1jG7O8EbG254XQA8vHY=,a80UUEod1IdYptM5a21nWLEUVQw=
9,-1,gQXHwa7i1jG7O8EbG254XQA8vHY=,uLAisXo5YUwATjULvfZztZtExbY=
11,-1,gQXHwa7i1jG7O8EbG254XQA8vHY=,a80UUEod1IdYptM5a21nWLEUVQw=
10,-4,gQXHwa7i1jG7O8EbG254XQA8vHY=,zyNrGIsunbLprj0syyOgqjQj4wU=
12,-12,gQXHwa7i1jG7O8EbG254XQA8vHY=,1miYEGh+NUsyYZOR9hC0kW8gcMg=
5,-6,wMF/Uxgumyf2oPejXUNdABzYHy4=,D5HLdaMkAmotmpmbN4WrCWN4yxE=
15,-3,gQXHwa7i1jG7O8EbG254XQA8vHY=,dFbN3Xw6P9mYENZmJ18KT8NO2UA=
2,-6,wMF/Uxgumyf2oPejXUNdABzYHy4=,vl3atY+oF7ta17ve650hFXLM+Sc=
13,-12,gQXHwa7i1jG7O8EbG254XQA8vHY=,1miYEGh+NUsyYZOR9hC0kW8gcMg=
0,-4,wMF/Uxgumyf2oPejXUNdABzYHy4=,7TfdOmjXive7dCL7lmHbXzi5oOU=
2,-5,wMF/Uxgumyf2oPejXUNdABzYHy4=,vl3atY+oF7ta17ve650hFXLM+Sc=
1,-4,wMF/Uxgumyf2oPejXUNdABzYHy4=,7TfdOmjXive7dCL7lmHbXzi5oOU=
2,-4,wMF/Uxgumyf2oPejXUNdABzYHy4=,cb+W4+CfBhScWJ3P7a8kRsgzsc8=
1,-3,F0XjT6jXIvT5HD0QsqnU4BNx6LQ=,7TfdOmjXive7dCL7lmHbXzi5oOU=
2,-1,wMF/Uxgumyf2oPejXUNdABzYHy4=,xUUQOEve3IkdTxRpSON2ibfBKco=
0,-3,wMF/Uxgumyf2oPejXUNdABzYHy4=,7TfdOmjXive7dCL7lmHbXzi5oOU=
2,-2,F0XjT6jXIvT5HD0QsqnU4BNx6LQ=,xUUQOEve3IkdTxRpSON2ibfBKco=
2,-3,F0XjT6jXIvT5HD0QsqnU4BNx6LQ=,cb+W4+CfBhScWJ3P7a8kRsgzsc8=
19,-9,5Sz1ULP63TsYy283j7PMiUchTYU=,WwnuvcnLAOYQFuBKW7yUijNm9yM=
19,-10,5Sz1ULP63TsYy283j7PMiUchTYU=,WwnuvcnLAOYQFuBKW7yUijNm9yM=
17,-7,5Sz1ULP63TsYy283j7PMiUchTYU=,Bv+U3JSOvbar8UxCIpcOybDrE0s=
16,-7,5Sz1ULP63TsYy283j7PMiUchTYU=,Bv+U3JSOvbar8UxCIpcOybDrE0s=
16,-10,5Sz1ULP63TsYy283j7PMiUchTYU=,8cWOLHGtM20EVoB8IsEfEUERJOg=
17,-10,5Sz1ULP63TsYy283j7PMiUchTYU=,8cWOLHGtM20EVoB8IsEfEUERJOg=
16,-9,5Sz1ULP63TsYy283j7PMiUchTYU=,8cWOLHGtM20EVoB8IsEfEUERJOg=
18,-10,5Sz1ULP63TsYy283j7PMiUchTYU=,WwnuvcnLAOYQFuBKW7yUijNm9yM=
17,-9,5Sz1ULP63TsYy283j7PMiUchTYU=,8cWOLHGtM20EVoB8IsEfEUERJOg=
18,-9,5Sz1ULP63TsYy283j7PMiUchTYU=,WwnuvcnLAOYQFuBKW7yUijNm9yM=
17,-8,5Sz1ULP63TsYy283j7PMiUchTYU=,Bv+U3JSOvbar8UxCIpcOybDrE0s=
16,-8,5Sz1ULP63TsYy283j7PMiUchTYU=,Bv+U3JSOvbar8UxCIpcOybDrE0s=
4,-8,wMF/Uxgumyf2oPejXUNdABzYHy4=,bde2IBEas/XKp3Wj4fpQHFEY7TA=
4,-7,wMF/Uxgumyf2oPejXUNdABzYHy4=,bde2IBEas/XKp3Wj4fpQHFEY7TA=
5,-8,wMF/Uxgumyf2oPejXUNdABzYHy4=,bde2IBEas/XKp3Wj4fpQHFEY7TA=
7,-7,wMF/Uxgumyf2oPejXUNdABzYHy4=,dVxY3FScdkRpOnbC0goxvCOItAQ=
5,-7,wMF/Uxgumyf2oPejXUNdABzYHy4=,bde2IBEas/XKp3Wj4fpQHFEY7TA=
7,-8,wMF/Uxgumyf2oPejXUNdABzYHy4=,dVxY3FScdkRpOnbC0goxvCOItAQ=
6,-7,wMF/Uxgumyf2oPejXUNdABzYHy4=,dVxY3FScdkRpOnbC0goxvCOItAQ=
6,-8,wMF/Uxgumyf2oPejXUNdABzYHy4=,dVxY3FScdkRpOnbC0goxvCOItAQ=
