11,3,6DSrzc2DZEV+hTe0EnElwASbP3g=,OaSsyCHYGAYEfiuNxQUY0ONLbB8=
10,4,6DSrzc2DZEV+hTe0EnElwASbP3g=,OaSsyCHYGAYEfiuNxQUY0ONLbB8=
12,5,6DSrzc2DZEV+hTe0EnElwASbP3g=,OaSsyCHYGAYEfiuNxQUY0ONLbB8=
11,2,6DSrzc2DZEV+hTe0EnElwASbP3g=,OaSsyCHYGAYEfiuNxQUY0ONLbB8=
10,3,6DSrzc2DZEV+hTe0EnElwASbP3g=,OaSsyCHYGAYEfiuNxQUY0ONLbB8=
11,6,6DSrzc2DZEV+hTe0EnElwASbP3g=,OaSsyCHYGAYEfiuNxQUY0ONLbB8=
11,1,6DSrzc2DZEV+hTe0EnElwASbP3g=,OaSsyCHYGAYEfiuNxQUY0ONLbB8=
10,1,6DSrzc2DZEV+hTe0EnElwASbP3g=,OaSsyCHYGAYEfiuNxQUY0ONLbB8=
10,6,6DSrzc2DZEV+hTe0EnElwASbP3g=,OaSsyCHYGAYEfiuNxQUY0ONLbB8=
9,1,6DSrzc2DZEV+hTe0EnElwASbP3g=,OaSsyCHYGAYEfiuNxQUY0ONLbB8=
12,4,6DSrzc2DZEV+hTe0EnElwASbP3g=,OaSsyCHYGAYEfiuNxQUY0ONLbB8=
10,5,6DSrzc2DZEV+hTe0EnElwASbP3g=,OaSsyCHYGAYEfiuNxQUY0ONLbB8=
9,3,6DSrzc2DZEV+hTe0EnElwASbP3g=,OaSsyCHYGAYEfiuNxQUY0ONLbB8=
11,5,6DSrzc2DZEV+hTe0EnElwASbP3g=,OaSsyCHYGAYEfiuNxQUY0ONLbB8=
9,4,6DSrzc2DZEV+hTe0EnElwASbP3g=,OaSsyCHYGAYEfiuNxQUY0ONLbB8=
10,2,6DSrzc2DZEV+hTe0EnElwASbP3g=,OaSsyCHYGAYEfiuNxQUY0ONLbB8=
14,3,6DSrzc2DZEV+hTe0EnElwASbP3g=,OaSsyCHYGAYEfiuNxQUY0ONLbB8=
14,2,6DSrzc2DZEV+hTe0EnElwASbP3g=,OaSsyCHYGAYEfiuNxQUY0ONLbB8=
12,2,6DSrzc2DZEV+hTe0EnElwASbP3g=,OaSsyCHYGAYEfiuNxQUY0ONLbB8=
13,4,6DSrzc2DZEV+hTe0EnElwASbP3g=,OaSsyCHYGAYEfiuNxQUY0ONLbB8=
9,2,6DSrzc2DZEV+hTe0EnElwASbP3g=,OaSsyCHYGAYEfiuNxQUY0ONLbB8=
13,2,6DSrzc2DZEV+hTe0EnElwASbP3g=,OaSsyCHYGAYEfiuNxQUY0ONLbB8=
14,5,6DSrzc2DZEV+hTe0EnElwASbP3g=,OaSsyCHYGAYEfiuNxQUY0ONLbB8=
12,6,6DSrzc2DZEV+hTe0EnElwASbP3g=,OaSsyCHYGAYEfiuNxQUY0ONLbB8=
13,5,6DSrzc2DZEV+hTe0EnElwASbP3g=,OaSsyCHYGAYEfiuNxQUY0ONLbB8=
13,6,6DSrzc2DZEV+hTe0EnElwASbP3g=,OaSsyCHYGAYEfiuNxQUY0ONLbB8=
14,1,6DSrzc2DZEV+hTe0EnElwASbP3g=,OaSsyCHYGAYEfiuNxQUY0ONLbB8=
13,3,6DSrzc2DZEV+hTe0EnElwASbP3g=,OaSsyCHYGAYEfiuNxQUY0ONLbB8=
14,6,6DSrzc2DZEV+hTe0EnElwASbP3g=,OaSsyCHYGAYEfiuNxQUY0ONLbB8=
14,4,6DSrzc2DZEV+hTe0EnElwASbP3g=,OaSsyCHYGAYEfiuNxQUY0ONLbB8=
13,1,6DSrzc2DZEV+hTe0EnElwASbP3g=,OaSsyCHYGAYEfiuNxQUY0ONLbB8=
9,5,6DSrzc2DZEV+hTe0EnElwASbP3g=,OaSsyCHYGAYEfiuNxQUY0ONLbB8=
11,4,6DSrzc2DZEV+hTe0EnElwASbP3g=,OaSsyCHYGAYEfiuNxQUY0ONLbB8=
12,3,6DSrzc2DZEV+hTe0EnElwASbP3g=,OaSsyCHYGAYEfiuNxQUY0ONLbB8=
9,6,6DSrzc2DZEV+hTe0EnElwASbP3g=,OaSsyCHYGAYEfiuNxQUY0ONLbB8=
12,1,6DSrzc2DZEV+hTe0EnElwASbP3g=,OaSsyCHYGAYEfiuNxQUY0ONLbB8=
15,4,6DSrzc2DZEV+hTe0EnElwASbP3g=,OaSsyCHYGAYEfiuNxQUY0ONLbB8=
15,3,6DSrzc2DZEV+hTe0EnElwASbP3g=,OaSsyCHYGAYEfiuNxQUY0ONLbB8=
15,6,6DSrzc2DZEV+hTe0EnElwASbP3g=,OaSsyCHYGAYEfiuNxQUY0ONLbB8=
15,1,6DSrzc2DZEV+hTe0EnElwASbP3g=,OaSsyCHYGAYEfiuNxQUY0ONLbB8=
15,5,6DSrzc2DZEV+hTe0EnElwASbP3g=,OaSsyCHYGAYEfiuNxQUY0ONLbB8=
15,2,6DSrzc2DZEV+hTe0EnElwASbP3g=,OaSsyCHYGAYEfiuNxQUY0ONLbB8=
9,0,6DSrzc2DZEV+hTe0EnElwASbP3g=,OaSsyCHYGAYEfiuNxQUY0ONLbB8=
11,0,6DSrzc2DZEV+hTe0EnElwASbP3g=,OaSsyCHYGAYEfiuNxQUY0ONLbB8=
12,0,6DSrzc2DZEV+hTe0EnElwASbP3g=,OaSsyCHYGAYEfiuNxQUY0ONLbB8=
13,0,6DSrzc2DZEV+hTe0EnElwASbP3g=,OaSsyCHYGAYEfiuNxQUY0ONLbB8=
14,0,6DSrzc2DZEV+hTe0EnElwASbP3g=,OaSsyCHYGAYEfiuNxQUY0ONLbB8=
10,0,6DSrzc2DZEV+hTe0EnElwASbP3g=,OaSsyCHYGAYEfiuNxQUY0ONLbB8=
15,0,6DSrzc2DZEV+hTe0EnElwASbP3g=,OaSsyCHYGAYEfiuNxQUY0ONLbB8=
12,12,6DSrzc2DZEV+hTe0EnElwASbP3g=,Gwhs0qdFoy2qYatP6sTNA6Yn9jw=
11,7,6DSrzc2DZEV+hTe0EnElwASbP3g=,OaSsyCHYGAYEfiuNxQUY0ONLbB8=
10,14,6DSrzc2DZEV+hTe0EnElwASbP3g=,Gwhs0qdFoy2qYatP6sTNA6Yn9jw=
11,14,F8kQrLvTj1gjKsT0KhCQRIq1bUQ=,Gwhs0qdFoy2qYatP6sTNA6Yn9jw=
11,9,F8kQrLvTj1gjKsT0KhCQRIq1bUQ=,Gwhs0qdFoy2qYatP6sTNA6Yn9jw=
15,7,F8kQrLvTj1gjKsT0KhCQRIq1bUQ=,OaSsyCHYGAYEfiuNxQUY0ONLbB8=
11,12,F8kQrLvTj1gjKsT0KhCQRIq1bUQ=,Gwhs0qdFoy2qYatP6sTNA6Yn9jw=
15,13,F8kQrLvTj1gjKsT0KhCQRIq1bUQ=,Gwhs0qdFoy2qYatP6sTNA6Yn9jw=
12,14,F8kQrLvTj1gjKsT0KhCQRIq1bUQ=,Gwhs0qdFoy2qYatP6sTNA6Yn9jw=
10,12,F8kQrLvTj1gjKsT0KhCQRIq1bUQ=,Gwhs0qdFoy2qYatP6sTNA6Yn9jw=
9,14,F8kQrLvTj1gjKsT0KhCQRIq1bUQ=,Gwhs0qdFoy2qYatP6sTNA6Yn9jw=
9,9,F8kQrLvTj1gjKsT0KhCQRIq1bUQ=,Gwhs0qdFoy2qYatP6sTNA6Yn9jw=
10,9,F8kQrLvTj1gjKsT0KhCQRIq1bUQ=,Gwhs0qdFoy2qYatP6sTNA6Yn9jw=
11,11,F8kQrLvTj1gjKsT0KhCQRIq1bUQ=,Gwhs0qdFoy2qYatP6sTNA6Yn9jw=
15,8,F8kQrLvTj1gjKsT0KhCQRIq1bUQ=,Gwhs0qdFoy2qYatP6sTNA6Yn9jw=
10,11,F8kQrLvTj1gjKsT0KhCQRIq1bUQ=,Gwhs0qdFoy2qYatP6sTNA6Yn9jw=
14,7,F8kQrLvTj1gjKsT0KhCQRIq1bUQ=,OaSsyCHYGAYEfiuNxQUY0ONLbB8=
14,13,F8kQrLvTj1gjKsT0KhCQRIq1bUQ=,Gwhs0qdFoy2qYatP6sTNA6Yn9jw=
14,8,F8kQrLvTj1gjKsT0KhCQRIq1bUQ=,Gwhs0qdFoy2qYatP6sTNA6Yn9jw=
15,10,F8kQrLvTj1gjKsT0KhCQRIq1bUQ=,Gwhs0qdFoy2qYatP6sTNA6Yn9jw=
12,15,F8kQrLvTj1gjKsT0KhCQRIq1bUQ=,Gwhs0qdFoy2qYatP6sTNA6Yn9jw=
14,10,F8kQrLvTj1gjKsT0KhCQRIq1bUQ=,Gwhs0qdFoy2qYatP6sTNA6Yn9jw=
9,12,F8kQrLvTj1gjKsT0KhCQRIq1bUQ=,Gwhs0qdFoy2qYatP6sTNA6Yn9jw=
13,10,F8kQrLvTj1gjKsT0KhCQRIq1bUQ=,Gwhs0qdFoy2qYatP6sTNA6Yn9jw=
15,11,F8kQrLvTj1gjKsT0KhCQRIq1bUQ=,Gwhs0qdFoy2qYatP6sTNA6Yn9jw=
13,13,F8kQrLvTj1gjKsT0KhCQRIq1bUQ=,Gwhs0qdFoy2qYatP6sTNA6Yn9jw=
12,13,F8kQrLvTj1gjKsT0KhCQRIq1bUQ=,Gwhs0qdFoy2qYatP6sTNA6Yn9jw=
13,14,F8kQrLvTj1gjKsT0KhCQRIq1bUQ=,Gwhs0qdFoy2qYatP6sTNA6Yn9jw=
10,7,F8kQrLvTj1gjKsT0KhCQRIq1bUQ=,OaSsyCHYGAYEfiuNxQUY0ONLbB8=
11,13,F8kQrLvTj1gjKsT0KhCQRIq1bUQ=,Gwhs0qdFoy2qYatP6sTNA6Yn9jw=
10,13,F8kQrLvTj1gjKsT0KhCQRIq1bUQ=,Gwhs0qdFoy2qYatP6sTNA6Yn9jw=
10,15,F8kQrLvTj1gjKsT0KhCQRIq1bUQ=,Gwhs0qdFoy2qYatP6sTNA6Yn9jw=
9,7,F8kQrLvTj1gjKsT0KhCQRIq1bUQ=,OaSsyCHYGAYEfiuNxQUY0ONLbB8=
10,10,F8kQrLvTj1gjKsT0KhCQRIq1bUQ=,Gwhs0qdFoy2qYatP6sTNA6Yn9jw=
11,10,F8kQrLvTj1gjKsT0KhCQRIq1bUQ=,Gwhs0qdFoy2qYatP6sTNA6Yn9jw=
14,11,F8kQrLvTj1gjKsT0KhCQRIq1bUQ=,Gwhs0qdFoy2qYatP6sTNA6Yn9jw=
13,7,F8kQrLvTj1gjKsT0KhCQRIq1bUQ=,OaSsyCHYGAYEfiuNxQUY0ONLbB8=
9,15,F8kQrLvTj1gjKsT0KhCQRIq1bUQ=,Gwhs0qdFoy2qYatP6sTNA6Yn9jw=
11,15,F8kQrLvTj1gjKsT0KhCQRIq1bUQ=,Gwhs0qdFoy2qYatP6sTNA6Yn9jw=
14,14,F8kQrLvTj1gjKsT0KhCQRIq1bUQ=,Gwhs0qdFoy2qYatP6sTNA6Yn9jw=
9,10,F8kQrLvTj1gjKsT0KhCQRIq1bUQ=,Gwhs0qdFoy2qYatP6sTNA6Yn9jw=
13,11,F8kQrLvTj1gjKsT0KhCQRIq1bUQ=,Gwhs0qdFoy2qYatP6sTNA6Yn9jw=
9,11,F8kQrLvTj1gjKsT0KhCQRIq1bUQ=,Gwhs0qdFoy2qYatP6sTNA6Yn9jw=
10,8,F8kQrLvTj1gjKsT0KhCQRIq1bUQ=,Gwhs0qdFoy2qYatP6sTNA6Yn9jw=
12,8,F8kQrLvTj1gjKsT0KhCQRIq1bUQ=,Gwhs0qdFoy2qYatP6sTNA6Yn9jw=
13,15,F8kQrLvTj1gjKsT0KhCQRIq1bUQ=,Gwhs0qdFoy2qYatP6sTNA6Yn9jw=
15,14,F8kQrLvTj1gjKsT0KhCQRIq1bUQ=,Gwhs0qdFoy2qYatP6sTNA6Yn9jw=
11,8,F8kQrLvTj1gjKsT0KhCQRIq1bUQ=,Gwhs0qdFoy2qYatP6sTNA6Yn9jw=
9,8,F8kQrLvTj1gjKsT0KhCQRIq1bUQ=,Gwhs0qdFoy2qYatP6sTNA6Yn9jw=
15,9,F8kQrLvTj1gjKsT0KhCQRIq1bUQ=,Gwhs0qdFoy2qYatP6sTNA6Yn9jw=
13,12,F8kQrLvTj1gjKsT0KhCQRIq1bUQ=,Gwhs0qdFoy2qYatP6sTNA6Yn9jw=
12,11,F8kQrLvTj1gjKsT0KhCQRIq1bUQ=,Gwhs0qdFoy2qYatP6sTNA6Yn9jw=
2,13,Cp1jn9Y+aA/VGPyegP1xjfH0I3g=,4NFzOPymHaEoc3UpIaD3CeAXKI4=
14,9,F8kQrLvTj1gjKsT0KhCQRIq1bUQ=,Gwhs0qdFoy2qYatP6sTNA6Yn9jw=
14,12,F8kQrLvTj1gjKsT0KhCQRIq1bUQ=,Gwhs0qdFoy2qYatP6sTNA6Yn9jw=
12,7,F8kQrLvTj1gjKsT0KhCQRIq1bUQ=,OaSsyCHYGAYEfiuNxQUY0ONLbB8=
2,11,Cp1jn9Y+aA/VGPyegP1xjfH0I3g=,4NFzOPymHaEoc3UpIaD3CeAXKI4=
14,15,F8kQrLvTj1gjKsT0KhCQRIq1bUQ=,Gwhs0qdFoy2qYatP6sTNA6Yn9jw=
2,15,Cp1jn9Y+aA/VGPyegP1xjfH0I3g=,4NFzOPymHaEoc3UpIaD3CeAXKI4=
1,14,Cp1jn9Y+aA/VGPyegP1xjfH0I3g=,4NFzOPymHaEoc3UpIaD3CeAXKI4=
12,9,F8kQrLvTj1gjKsT0KhCQRIq1bUQ=,Gwhs0qdFoy2qYatP6sTNA6Yn9jw=
13,9,F8kQrLvTj1gjKsT0KhCQRIq1bUQ=,Gwhs0qdFoy2qYatP6sTNA6Yn9jw=
12,10,F8kQrLvTj1gjKsT0KhCQRIq1bUQ=,Gwhs0qdFoy2qYatP6sTNA6Yn9jw=
15,15,F8kQrLvTj1gjKsT0KhCQRIq1bUQ=,Gwhs0qdFoy2qYatP6sTNA6Yn9jw=
1,15,Cp1jn9Y+aA/VGPyegP1xjfH0I3g=,4NFzOPymHaEoc3UpIaD3CeAXKI4=
2,10,Cp1jn9Y+aA/VGPyegP1xjfH0I3g=,4NFzOPymHaEoc3UpIaD3CeAXKI4=
0,13,Cp1jn9Y+aA/VGPyegP1xjfH0I3g=,4NFzOPymHaEoc3UpIaD3CeAXKI4=
0,15,Cp1jn9Y+aA/VGPyegP1xjfH0I3g=,4NFzOPymHaEoc3UpIaD3CeAXKI4=
3,13,Cp1jn9Y+aA/VGPyegP1xjfH0I3g=,4NFzOPymHaEoc3UpIaD3CeAXKI4=
6,12,Cp1jn9Y+aA/VGPyegP1xjfH0I3g=,4NFzOPymHaEoc3UpIaD3CeAXKI4=
7,12,Cp1jn9Y+aA/VGPyegP1xjfH0I3g=,4NFzOPymHaEoc3UpIaD3CeAXKI4=
5,12,Cp1jn9Y+aA/VGPyegP1xjfH0I3g=,4NFzOPymHaEoc3UpIaD3CeAXKI4=
8,14,F8kQrLvTj1gjKsT0KhCQRIq1bUQ=,Gwhs0qdFoy2qYatP6sTNA6Yn9jw=
8,9,F8kQrLvTj1gjKsT0KhCQRIq1bUQ=,Gwhs0qdFoy2qYatP6sTNA6Yn9jw=
2,14,Cp1jn9Y+aA/VGPyegP1xjfH0I3g=,4NFzOPymHaEoc3UpIaD3CeAXKI4=
0,11,Cp1jn9Y+aA/VGPyegP1xjfH0I3g=,4NFzOPymHaEoc3UpIaD3CeAXKI4=
7,14,Cp1jn9Y+aA/VGPyegP1xjfH0I3g=,4NFzOPymHaEoc3UpIaD3CeAXKI4=
3,15,Cp1jn9Y+aA/VGPyegP1xjfH0I3g=,4NFzOPymHaEoc3UpIaD3CeAXKI4=
7,10,Cp1jn9Y+aA/VGPyegP1xjfH0I3g=,4NFzOPymHaEoc3UpIaD3CeAXKI4=
0,14,Cp1jn9Y+aA/VGPyegP1xjfH0I3g=,4NFzOPymHaEoc3UpIaD3CeAXKI4=
4,13,Cp1jn9Y+aA/VGPyegP1xjfH0I3g=,4NFzOPymHaEoc3UpIaD3CeAXKI4=
8,12,F8kQrLvTj1gjKsT0KhCQRIq1bUQ=,Gwhs0qdFoy2qYatP6sTNA6Yn9jw=
6,10,Cp1jn9Y+aA/VGPyegP1xjfH0I3g=,4NFzOPymHaEoc3UpIaD3CeAXKI4=
1,10,Cp1jn9Y+aA/VGPyegP1xjfH0I3g=,4NFzOPymHaEoc3UpIaD3CeAXKI4=
8,11,F8kQrLvTj1gjKsT0KhCQRIq1bUQ=,Gwhs0qdFoy2qYatP6sTNA6Yn9jw=
3,14,Cp1jn9Y+aA/VGPyegP1xjfH0I3g=,4NFzOPymHaEoc3UpIaD3CeAXKI4=
0,10,Cp1jn9Y+aA/VGPyegP1xjfH0I3g=,4NFzOPymHaEoc3UpIaD3CeAXKI4=
3,12,Cp1jn9Y+aA/VGPyegP1xjfH0I3g=,4NFzOPymHaEoc3UpIaD3CeAXKI4=
3,11,Cp1jn9Y+aA/VGPyegP1xjfH0I3g=,4NFzOPymHaEoc3UpIaD3CeAXKI4=
1,11,Cp1jn9Y+aA/VGPyegP1xjfH0I3g=,4NFzOPymHaEoc3UpIaD3CeAXKI4=
2,12,Cp1jn9Y+aA/VGPyegP1xjfH0I3g=,4NFzOPymHaEoc3UpIaD3CeAXKI4=
6,9,Cp1jn9Y+aA/VGPyegP1xjfH0I3g=,4NFzOPymHaEoc3UpIaD3CeAXKI4=
6,14,Cp1jn9Y+aA/VGPyegP1xjfH0I3g=,4NFzOPymHaEoc3UpIaD3CeAXKI4=
3,10,Cp1jn9Y+aA/VGPyegP1xjfH0I3g=,4NFzOPymHaEoc3UpIaD3CeAXKI4=
7,9,Cp1jn9Y+aA/VGPyegP1xjfH0I3g=,4NFzOPymHaEoc3UpIaD3CeAXKI4=
6,15,Cp1jn9Y+aA/VGPyegP1xjfH0I3g=,4NFzOPymHaEoc3UpIaD3CeAXKI4=
5,9,Cp1jn9Y+aA/VGPyegP1xjfH0I3g=,4NFzOPymHaEoc3UpIaD3CeAXKI4=
5,14,Cp1jn9Y+aA/VGPyegP1xjfH0I3g=,4NFzOPymHaEoc3UpIaD3CeAXKI4=
7,15,Cp1jn9Y+aA/VGPyegP1xjfH0I3g=,4NFzOPymHaEoc3UpIaD3CeAXKI4=
5,10,Cp1jn9Y+aA/VGPyegP1xjfH0I3g=,4NFzOPymHaEoc3UpIaD3CeAXKI4=
4,11,Cp1jn9Y+aA/VGPyegP1xjfH0I3g=,4NFzOPymHaEoc3UpIaD3CeAXKI4=
1,13,Cp1jn9Y+aA/VGPyegP1xjfH0I3g=,4NFzOPymHaEoc3UpIaD3CeAXKI4=
2,9,Cp1jn9Y+aA/VGPyegP1xjfH0I3g=,4NFzOPymHaEoc3UpIaD3CeAXKI4=
5,11,Cp1jn9Y+aA/VGPyegP1xjfH0I3g=,4NFzOPymHaEoc3UpIaD3CeAXKI4=
1,12,Cp1jn9Y+aA/VGPyegP1xjfH0I3g=,4NFzOPymHaEoc3UpIaD3CeAXKI4=
3,9,Cp1jn9Y+aA/VGPyegP1xjfH0I3g=,4NFzOPymHaEoc3UpIaD3CeAXKI4=
5,15,Cp1jn9Y+aA/VGPyegP1xjfH0I3g=,4NFzOPymHaEoc3UpIaD3CeAXKI4=
4,14,Cp1jn9Y+aA/VGPyegP1xjfH0I3g=,4NFzOPymHaEoc3UpIaD3CeAXKI4=
8,15,F8kQrLvTj1gjKsT0KhCQRIq1bUQ=,Gwhs0qdFoy2qYatP6sTNA6Yn9jw=
7,13,Cp1jn9Y+aA/VGPyegP1xjfH0I3g=,4NFzOPymHaEoc3UpIaD3CeAXKI4=
4,9,Cp1jn9Y+aA/VGPyegP1xjfH0I3g=,4NFzOPymHaEoc3UpIaD3CeAXKI4=
4,12,Cp1jn9Y+aA/VGPyegP1xjfH0I3g=,4NFzOPymHaEoc3UpIaD3CeAXKI4=
1,9,Cp1jn9Y+aA/VGPyegP1xjfH0I3g=,4NFzOPymHaEoc3UpIaD3CeAXKI4=
8,13,F8kQrLvTj1gjKsT0KhCQRIq1bUQ=,Gwhs0qdFoy2qYatP6sTNA6Yn9jw=
0,12,Cp1jn9Y+aA/VGPyegP1xjfH0I3g=,4NFzOPymHaEoc3UpIaD3CeAXKI4=
5,13,Cp1jn9Y+aA/VGPyegP1xjfH0I3g=,4NFzOPymHaEoc3UpIaD3CeAXKI4=
4,15,Cp1jn9Y+aA/VGPyegP1xjfH0I3g=,4NFzOPymHaEoc3UpIaD3CeAXKI4=
8,10,F8kQrLvTj1gjKsT0KhCQRIq1bUQ=,Gwhs0qdFoy2qYatP6sTNA6Yn9jw=
6,13,Cp1jn9Y+aA/VGPyegP1xjfH0I3g=,4NFzOPymHaEoc3UpIaD3CeAXKI4=
0,9,Cp1jn9Y+aA/VGPyegP1xjfH0I3g=,4NFzOPymHaEoc3UpIaD3CeAXKI4=
4,10,Cp1jn9Y+aA/VGPyegP1xjfH0I3g=,4NFzOPymHaEoc3UpIaD3CeAXKI4=
13,8,F8kQrLvTj1gjKsT0KhCQRIq1bUQ=,Gwhs0qdFoy2qYatP6sTNA6Yn9jw=
7,11,Cp1jn9Y+aA/VGPyegP1xjfH0I3g=,4NFzOPymHaEoc3UpIaD3CeAXKI4=
9,13,F8kQrLvTj1gjKsT0KhCQRIq1bUQ=,Gwhs0qdFoy2qYatP6sTNA6Yn9jw=
6,11,Cp1jn9Y+aA/VGPyegP1xjfH0I3g=,4NFzOPymHaEoc3UpIaD3CeAXKI4=
15,12,F8kQrLvTj1gjKsT0KhCQRIq1bUQ=,Gwhs0qdFoy2qYatP6sTNA6Yn9jw=
2,4,qURRFTFg2/CRDSJxMG2xJgBWKYs=,5iHbZC48jzASM75T/SqC46rQe9E=
1,8,Cp1jn9Y+aA/VGPyegP1xjfH0I3g=,4NFzOPymHaEoc3UpIaD3CeAXKI4=
3,2,qURRFTFg2/CRDSJxMG2xJgBWKYs=,5iHbZC48jzASM75T/SqC46rQe9E=
7,0,qURRFTFg2/CRDSJxMG2xJgBWKYs=,5iHbZC48jzASM75T/SqC46rQe9E=
7,7,qURRFTFg2/CRDSJxMG2xJgBWKYs=,5iHbZC48jzASM75T/SqC46rQe9E=
1,6,qURRFTFg2/CRDSJxMG2xJgBWKYs=,5iHbZC48jzASM75T/SqC46rQe9E=
3,0,qURRFTFg2/CRDSJxMG2xJgBWKYs=,5iHbZC48jzASM75T/SqC46rQe9E=
0,8,Cp1jn9Y+aA/VGPyegP1xjfH0I3g=,4NFzOPymHaEoc3UpIaD3CeAXKI4=
3,4,qURRFTFg2/CRDSJxMG2xJgBWKYs=,5iHbZC48jzASM75T/SqC46rQe9E=
1,7,qURRFTFg2/CRDSJxMG2xJgBWKYs=,5iHbZC48jzASM75T/SqC46rQe9E=
1,4,qURRFTFg2/CRDSJxMG2xJgBWKYs=,5iHbZC48jzASM75T/SqC46rQe9E=
0,0,qURRFTFg2/CRDSJxMG2xJgBWKYs=,5iHbZC48jzASM75T/SqC46rQe9E=
7,3,qURRFTFg2/CRDSJxMG2xJgBWKYs=,5iHbZC48jzASM75T/SqC46rQe9E=
8,1,F8kQrLvTj1gjKsT0KhCQRIq1bUQ=,OaSsyCHYGAYEfiuNxQUY0ONLbB8=
1,2,qURRFTFg2/CRDSJxMG2xJgBWKYs=,5iHbZC48jzASM75T/SqC46rQe9E=
0,6,qURRFTFg2/CRDSJxMG2xJgBWKYs=,5iHbZC48jzASM75T/SqC46rQe9E=
8,3,F8kQrLvTj1gjKsT0KhCQRIq1bUQ=,OaSsyCHYGAYEfiuNxQUY0ONLbB8=
5,5,qURRFTFg2/CRDSJxMG2xJgBWKYs=,5iHbZC48jzASM75T/SqC46rQe9E=
1,5,qURRFTFg2/CRDSJxMG2xJgBWKYs=,5iHbZC48jzASM75T/SqC46rQe9E=
6,5,qURRFTFg2/CRDSJxMG2xJgBWKYs=,5iHbZC48jzASM75T/SqC46rQe9E=
7,5,qURRFTFg2/CRDSJxMG2xJgBWKYs=,5iHbZC48jzASM75T/SqC46rQe9E=
0,7,qURRFTFg2/CRDSJxMG2xJgBWKYs=,5iHbZC48jzASM75T/SqC46rQe9E=
8,6,F8kQrLvTj1gjKsT0KhCQRIq1bUQ=,OaSsyCHYGAYEfiuNxQUY0ONLbB8=
2,2,qURRFTFg2/CRDSJxMG2xJgBWKYs=,5iHbZC48jzASM75T/SqC46rQe9E=
3,3,qURRFTFg2/CRDSJxMG2xJgBWKYs=,5iHbZC48jzASM75T/SqC46rQe9E=
3,5,qURRFTFg2/CRDSJxMG2xJgBWKYs=,5iHbZC48jzASM75T/SqC46rQe9E=
7,6,qURRFTFg2/CRDSJxMG2xJgBWKYs=,5iHbZC48jzASM75T/SqC46rQe9E=
2,8,Cp1jn9Y+aA/VGPyegP1xjfH0I3g=,4NFzOPymHaEoc3UpIaD3CeAXKI4=
6,7,qURRFTFg2/CRDSJxMG2xJgBWKYs=,5iHbZC48jzASM75T/SqC46rQe9E=
6,6,qURRFTFg2/CRDSJxMG2xJgBWKYs=,5iHbZC48jzASM75T/SqC46rQe9E=
5,7,qURRFTFg2/CRDSJxMG2xJgBWKYs=,5iHbZC48jzASM75T/SqC46rQe9E=
2,7,qURRFTFg2/CRDSJxMG2xJgBWKYs=,5iHbZC48jzASM75T/SqC46rQe9E=
7,4,qURRFTFg2/CRDSJxMG2xJgBWKYs=,5iHbZC48jzASM75T/SqC46rQe9E=
4,3,qURRFTFg2/CRDSJxMG2xJgBWKYs=,5iHbZC48jzASM75T/SqC46rQe9E=
4,1,qURRFTFg2/CRDSJxMG2xJgBWKYs=,5iHbZC48jzASM75T/SqC46rQe9E=
8,7,F8kQrLvTj1gjKsT0KhCQRIq1bUQ=,OaSsyCHYGAYEfiuNxQUY0ONLbB8=
5,1,qURRFTFg2/CRDSJxMG2xJgBWKYs=,5iHbZC48jzASM75T/SqC46rQe9E=
6,3,qURRFTFg2/CRDSJxMG2xJgBWKYs=,5iHbZC48jzASM75T/SqC46rQe9E=
0,3,qURRFTFg2/CRDSJxMG2xJgBWKYs=,5iHbZC48jzASM75T/SqC46rQe9E=
1,3,qURRFTFg2/CRDSJxMG2xJgBWKYs=,5iHbZC48jzASM75T/SqC46rQe9E=
2,3,qURRFTFg2/CRDSJxMG2xJgBWKYs=,5iHbZC48jzASM75T/SqC46rQe9E=
5,0,qURRFTFg2/CRDSJxMG2xJgBWKYs=,5iHbZC48jzASM75T/SqC46rQe9E=
0,4,qURRFTFg2/CRDSJxMG2xJgBWKYs=,5iHbZC48jzASM75T/SqC46rQe9E=
5,6,qURRFTFg2/CRDSJxMG2xJgBWKYs=,5iHbZC48jzASM75T/SqC46rQe9E=
4,6,qURRFTFg2/CRDSJxMG2xJgBWKYs=,5iHbZC48jzASM75T/SqC46rQe9E=
5,4,qURRFTFg2/CRDSJxMG2xJgBWKYs=,5iHbZC48jzASM75T/SqC46rQe9E=
4,5,qURRFTFg2/CRDSJxMG2xJgBWKYs=,5iHbZC48jzASM75T/SqC46rQe9E=
2,0,qURRFTFg2/CRDSJxMG2xJgBWKYs=,5iHbZC48jzASM75T/SqC46rQe9E=
7,2,qURRFTFg2/CRDSJxMG2xJgBWKYs=,5iHbZC48jzASM75T/SqC46rQe9E=
3,1,qURRFTFg2/CRDSJxMG2xJgBWKYs=,5iHbZC48jzASM75T/SqC46rQe9E=
3,6,qURRFTFg2/CRDSJxMG2xJgBWKYs=,5iHbZC48jzASM75T/SqC46rQe9E=
7,8,Cp1jn9Y+aA/VGPyegP1xjfH0I3g=,4NFzOPymHaEoc3UpIaD3CeAXKI4=
0,5,qURRFTFg2/CRDSJxMG2xJgBWKYs=,5iHbZC48jzASM75T/SqC46rQe9E=
5,3,qURRFTFg2/CRDSJxMG2xJgBWKYs=,5iHbZC48jzASM75T/SqC46rQe9E=
8,2,F8kQrLvTj1gjKsT0KhCQRIq1bUQ=,OaSsyCHYGAYEfiuNxQUY0ONLbB8=
0,2,qURRFTFg2/CRDSJxMG2xJgBWKYs=,5iHbZC48jzASM75T/SqC46rQe9E=
6,4,qURRFTFg2/CRDSJxMG2xJgBWKYs=,5iHbZC48jzASM75T/SqC46rQe9E=
3,8,Cp1jn9Y+aA/VGPyegP1xjfH0I3g=,4NFzOPymHaEoc3UpIaD3CeAXKI4=
4,7,qURRFTFg2/CRDSJxMG2xJgBWKYs=,5iHbZC48jzASM75T/SqC46rQe9E=
6,8,Cp1jn9Y+aA/VGPyegP1xjfH0I3g=,4NFzOPymHaEoc3UpIaD3CeAXKI4=
6,2,qURRFTFg2/CRDSJxMG2xJgBWKYs=,5iHbZC48jzASM75T/SqC46rQe9E=
5,2,qURRFTFg2/CRDSJxMG2xJgBWKYs=,5iHbZC48jzASM75T/SqC46rQe9E=
1,1,qURRFTFg2/CRDSJxMG2xJgBWKYs=,5iHbZC48jzASM75T/SqC46rQe9E=
2,1,qURRFTFg2/CRDSJxMG2xJgBWKYs=,5iHbZC48jzASM75T/SqC46rQe9E=
8,8,F8kQrLvTj1gjKsT0KhCQRIq1bUQ=,Gwhs0qdFoy2qYatP6sTNA6Yn9jw=
4,2,qURRFTFg2/CRDSJxMG2xJgBWKYs=,5iHbZC48jzASM75T/SqC46rQe9E=
6,1,qURRFTFg2/CRDSJxMG2xJgBWKYs=,5iHbZC48jzASM75T/SqC46rQe9E=
5,8,Cp1jn9Y+aA/VGPyegP1xjfH0I3g=,4NFzOPymHaEoc3UpIaD3CeAXKI4=
0,1,qURRFTFg2/CRDSJxMG2xJgBWKYs=,5iHbZC48jzASM75T/SqC46rQe9E=
4,4,qURRFTFg2/CRDSJxMG2xJgBWKYs=,5iHbZC48jzASM75T/SqC46rQe9E=
8,0,F8kQrLvTj1gjKsT0KhCQRIq1bUQ=,OaSsyCHYGAYEfiuNxQUY0ONLbB8=
2,5,qURRFTFg2/CRDSJxMG2xJgBWKYs=,5iHbZC48jzASM75T/SqC46rQe9E=
8,4,F8kQrLvTj1gjKsT0KhCQRIq1bUQ=,OaSsyCHYGAYEfiuNxQUY0ONLbB8=
7,1,qURRFTFg2/CRDSJxMG2xJgBWKYs=,5iHbZC48jzASM75T/SqC46rQe9E=
3,7,qURRFTFg2/CRDSJxMG2xJgBWKYs=,5iHbZC48jzASM75T/SqC46rQe9E=
8,5,F8kQrLvTj1gjKsT0KhCQRIq1bUQ=,OaSsyCHYGAYEfiuNxQUY0ONLbB8=
1,0,qURRFTFg2/CRDSJxMG2xJgBWKYs=,5iHbZC48jzASM75T/SqC46rQe9E=
4,8,Cp1jn9Y+aA/VGPyegP1xjfH0I3g=,4NFzOPymHaEoc3UpIaD3CeAXKI4=
6,0,qURRFTFg2/CRDSJxMG2xJgBWKYs=,5iHbZC48jzASM75T/SqC46rQe9E=
4,0,qURRFTFg2/CRDSJxMG2xJgBWKYs=,5iHbZC48jzASM75T/SqC46rQe9E=
2,6,qURRFTFg2/CRDSJxMG2xJgBWKYs=,5iHbZC48jzASM75T/SqC46rQe9E=
1,25,Cp1jn9Y+aA/VGPyegP1xjfH0I3g=,A9Hgi25JvH6hI3sq+k6G5wdDSsk=
5,30,Cp1jn9Y+aA/VGPyegP1xjfH0I3g=,A9Hgi25JvH6hI3sq+k6G5wdDSsk=
2,25,Cp1jn9Y+aA/VGPyegP1xjfH0I3g=,A9Hgi25JvH6hI3sq+k6G5wdDSsk=
6,30,Cp1jn9Y+aA/VGPyegP1xjfH0I3g=,A9Hgi25JvH6hI3sq+k6G5wdDSsk=
3,30,Cp1jn9Y+aA/VGPyegP1xjfH0I3g=,A9Hgi25JvH6hI3sq+k6G5wdDSsk=
4,30,Cp1jn9Y+aA/VGPyegP1xjfH0I3g=,A9Hgi25JvH6hI3sq+k6G5wdDSsk=
3,25,Cp1jn9Y+aA/VGPyegP1xjfH0I3g=,A9Hgi25JvH6hI3sq+k6G5wdDSsk=
3,29,Cp1jn9Y+aA/VGPyegP1xjfH0I3g=,A9Hgi25JvH6hI3sq+k6G5wdDSsk=
2,30,Cp1jn9Y+aA/VGPyegP1xjfH0I3g=,A9Hgi25JvH6hI3sq+k6G5wdDSsk=
1,30,Cp1jn9Y+aA/VGPyegP1xjfH0I3g=,A9Hgi25JvH6hI3sq+k6G5wdDSsk=
4,25,Cp1jn9Y+aA/VGPyegP1xjfH0I3g=,A9Hgi25JvH6hI3sq+k6G5wdDSsk=
4,29,Cp1jn9Y+aA/VGPyegP1xjfH0I3g=,A9Hgi25JvH6hI3sq+k6G5wdDSsk=
2,29,Cp1jn9Y+aA/VGPyegP1xjfH0I3g=,A9Hgi25JvH6hI3sq+k6G5wdDSsk=
5,29,Cp1jn9Y+aA/VGPyegP1xjfH0I3g=,A9Hgi25JvH6hI3sq+k6G5wdDSsk=
6,29,Cp1jn9Y+aA/VGPyegP1xjfH0I3g=,A9Hgi25JvH6hI3sq+k6G5wdDSsk=
6,28,Cp1jn9Y+aA/VGPyegP1xjfH0I3g=,A9Hgi25JvH6hI3sq+k6G5wdDSsk=
5,28,Cp1jn9Y+aA/VGPyegP1xjfH0I3g=,A9Hgi25JvH6hI3sq+k6G5wdDSsk=
4,28,Cp1jn9Y+aA/VGPyegP1xjfH0I3g=,A9Hgi25JvH6hI3sq+k6G5wdDSsk=
5,25,Cp1jn9Y+aA/VGPyegP1xjfH0I3g=,A9Hgi25JvH6hI3sq+k6G5wdDSsk=
3,28,Cp1jn9Y+aA/VGPyegP1xjfH0I3g=,A9Hgi25JvH6hI3sq+k6G5wdDSsk=
2,28,Cp1jn9Y+aA/VGPyegP1xjfH0I3g=,A9Hgi25JvH6hI3sq+k6G5wdDSsk=
6,25,Cp1jn9Y+aA/VGPyegP1xjfH0I3g=,A9Hgi25JvH6hI3sq+k6G5wdDSsk=
1,26,Cp1jn9Y+aA/VGPyegP1xjfH0I3g=,A9Hgi25JvH6hI3sq+k6G5wdDSsk=
1,28,Cp1jn9Y+aA/VGPyegP1xjfH0I3g=,A9Hgi25JvH6hI3sq+k6G5wdDSsk=
5,27,Cp1jn9Y+aA/VGPyegP1xjfH0I3g=,A9Hgi25JvH6hI3sq+k6G5wdDSsk=
2,26,Cp1jn9Y+aA/VGPyegP1xjfH0I3g=,A9Hgi25JvH6hI3sq+k6G5wdDSsk=
4,27,Cp1jn9Y+aA/VGPyegP1xjfH0I3g=,A9Hgi25JvH6hI3sq+k6G5wdDSsk=
3,27,Cp1jn9Y+aA/VGPyegP1xjfH0I3g=,A9Hgi25JvH6hI3sq+k6G5wdDSsk=
6,26,Cp1jn9Y+aA/VGPyegP1xjfH0I3g=,A9Hgi25JvH6hI3sq+k6G5wdDSsk=
1,27,Cp1jn9Y+aA/VGPyegP1xjfH0I3g=,A9Hgi25JvH6hI3sq+k6G5wdDSsk=
4,26,Cp1jn9Y+aA/VGPyegP1xjfH0I3g=,A9Hgi25JvH6hI3sq+k6G5wdDSsk=
5,26,Cp1jn9Y+aA/VGPyegP1xjfH0I3g=,A9Hgi25JvH6hI3sq+k6G5wdDSsk=
1,29,Cp1jn9Y+aA/VGPyegP1xjfH0I3g=,A9Hgi25JvH6hI3sq+k6G5wdDSsk=
6,27,Cp1jn9Y+aA/VGPyegP1xjfH0I3g=,A9Hgi25JvH6hI3sq+k6G5wdDSsk=
3,26,Cp1jn9Y+aA/VGPyegP1xjfH0I3g=,A9Hgi25JvH6hI3sq+k6G5wdDSsk=
2,27,Cp1jn9Y+aA/VGPyegP1xjfH0I3g=,A9Hgi25JvH6hI3sq+k6G5wdDSsk=
4,31,Cp1jn9Y+aA/VGPyegP1xjfH0I3g=,A9Hgi25JvH6hI3sq+k6G5wdDSsk=
5,31,Cp1jn9Y+aA/VGPyegP1xjfH0I3g=,A9Hgi25JvH6hI3sq+k6G5wdDSsk=
3,31,Cp1jn9Y+aA/VGPyegP1xjfH0I3g=,A9Hgi25JvH6hI3sq+k6G5wdDSsk=
2,31,Cp1jn9Y+aA/VGPyegP1xjfH0I3g=,A9Hgi25JvH6hI3sq+k6G5wdDSsk=
6,31,Cp1jn9Y+aA/VGPyegP1xjfH0I3g=,A9Hgi25JvH6hI3sq+k6G5wdDSsk=
1,31,Cp1jn9Y+aA/VGPyegP1xjfH0I3g=,A9Hgi25JvH6hI3sq+k6G5wdDSsk=
0,30,Cp1jn9Y+aA/VGPyegP1xjfH0I3g=,A9Hgi25JvH6hI3sq+k6G5wdDSsk=
0,25,Cp1jn9Y+aA/VGPyegP1xjfH0I3g=,A9Hgi25JvH6hI3sq+k6G5wdDSsk=
0,29,Cp1jn9Y+aA/VGPyegP1xjfH0I3g=,A9Hgi25JvH6hI3sq+k6G5wdDSsk=
0,28,Cp1jn9Y+aA/VGPyegP1xjfH0I3g=,A9Hgi25JvH6hI3sq+k6G5wdDSsk=
0,26,Cp1jn9Y+aA/VGPyegP1xjfH0I3g=,A9Hgi25JvH6hI3sq+k6G5wdDSsk=
0,27,Cp1jn9Y+aA/VGPyegP1xjfH0I3g=,A9Hgi25JvH6hI3sq+k6G5wdDSsk=
0,31,Cp1jn9Y+aA/VGPyegP1xjfH0I3g=,A9Hgi25JvH6hI3sq+k6G5wdDSsk=
4,23,Cp1jn9Y+aA/VGPyegP1xjfH0I3g=,xKwqZMsRxOn6YqKnEia4DCG4PSI=
3,23,Cp1jn9Y+aA/VGPyegP1xjfH0I3g=,xKwqZMsRxOn6YqKnEia4DCG4PSI=
6,21,Cp1jn9Y+aA/VGPyegP1xjfH0I3g=,xKwqZMsRxOn6YqKnEia4DCG4PSI=
3,18,Cp1jn9Y+aA/VGPyegP1xjfH0I3g=,xKwqZMsRxOn6YqKnEia4DCG4PSI=
5,22,Cp1jn9Y+aA/VGPyegP1xjfH0I3g=,xKwqZMsRxOn6YqKnEia4DCG4PSI=
4,22,Cp1jn9Y+aA/VGPyegP1xjfH0I3g=,xKwqZMsRxOn6YqKnEia4DCG4PSI=
5,23,Cp1jn9Y+aA/VGPyegP1xjfH0I3g=,xKwqZMsRxOn6YqKnEia4DCG4PSI=
6,20,Cp1jn9Y+aA/VGPyegP1xjfH0I3g=,xKwqZMsRxOn6YqKnEia4DCG4PSI=
3,17,Cp1jn9Y+aA/VGPyegP1xjfH0I3g=,xKwqZMsRxOn6YqKnEia4DCG4PSI=
1,16,Cp1jn9Y+aA/VGPyegP1xjfH0I3g=,xKwqZMsRxOn6YqKnEia4DCG4PSI=
5,20,Cp1jn9Y+aA/VGPyegP1xjfH0I3g=,xKwqZMsRxOn6YqKnEia4DCG4PSI=
2,18,Cp1jn9Y+aA/VGPyegP1xjfH0I3g=,xKwqZMsRxOn6YqKnEia4DCG4PSI=
6,22,Cp1jn9Y+aA/VGPyegP1xjfH0I3g=,xKwqZMsRxOn6YqKnEia4DCG4PSI=
6,23,Cp1jn9Y+aA/VGPyegP1xjfH0I3g=,xKwqZMsRxOn6YqKnEia4DCG4PSI=
4,21,Cp1jn9Y+aA/VGPyegP1xjfH0I3g=,xKwqZMsRxOn6YqKnEia4DCG4PSI=
3,16,Cp1jn9Y+aA/VGPyegP1xjfH0I3g=,xKwqZMsRxOn6YqKnEia4DCG4PSI=
0,24,Cp1jn9Y+aA/VGPyegP1xjfH0I3g=,A9Hgi25JvH6hI3sq+k6G5wdDSsk=
1,24,Cp1jn9Y+aA/VGPyegP1xjfH0I3g=,A9Hgi25JvH6hI3sq+k6G5wdDSsk=
4,17,Cp1jn9Y+aA/VGPyegP1xjfH0I3g=,xKwqZMsRxOn6YqKnEia4DCG4PSI=
3,21,Cp1jn9Y+aA/VGPyegP1xjfH0I3g=,xKwqZMsRxOn6YqKnEia4DCG4PSI=
1,19,Cp1jn9Y+aA/VGPyegP1xjfH0I3g=,xKwqZMsRxOn6YqKnEia4DCG4PSI=
0,21,Cp1jn9Y+aA/VGPyegP1xjfH0I3g=,xKwqZMsRxOn6YqKnEia4DCG4PSI=
5,21,Cp1jn9Y+aA/VGPyegP1xjfH0I3g=,xKwqZMsRxOn6YqKnEia4DCG4PSI=
0,22,Cp1jn9Y+aA/VGPyegP1xjfH0I3g=,xKwqZMsRxOn6YqKnEia4DCG4PSI=
2,24,Cp1jn9Y+aA/VGPyegP1xjfH0I3g=,A9Hgi25JvH6hI3sq+k6G5wdDSsk=
4,20,Cp1jn9Y+aA/VGPyegP1xjfH0I3g=,xKwqZMsRxOn6YqKnEia4DCG4PSI=
2,19,Cp1jn9Y+aA/VGPyegP1xjfH0I3g=,xKwqZMsRxOn6YqKnEia4DCG4PSI=
2,20,Cp1jn9Y+aA/VGPyegP1xjfH0I3g=,xKwqZMsRxOn6YqKnEia4DCG4PSI=
3,22,Cp1jn9Y+aA/VGPyegP1xjfH0I3g=,xKwqZMsRxOn6YqKnEia4DCG4PSI=
0,18,Cp1jn9Y+aA/VGPyegP1xjfH0I3g=,xKwqZMsRxOn6YqKnEia4DCG4PSI=
3,24,Cp1jn9Y+aA/VGPyegP1xjfH0I3g=,A9Hgi25JvH6hI3sq+k6G5wdDSsk=
2,17,Cp1jn9Y+aA/VGPyegP1xjfH0I3g=,xKwqZMsRxOn6YqKnEia4DCG4PSI=
0,19,Cp1jn9Y+aA/VGPyegP1xjfH0I3g=,xKwqZMsRxOn6YqKnEia4DCG4PSI=
2,23,Cp1jn9Y+aA/VGPyegP1xjfH0I3g=,xKwqZMsRxOn6YqKnEia4DCG4PSI=
6,19,Cp1jn9Y+aA/VGPyegP1xjfH0I3g=,xKwqZMsRxOn6YqKnEia4DCG4PSI=
3,19,Cp1jn9Y+aA/VGPyegP1xjfH0I3g=,xKwqZMsRxOn6YqKnEia4DCG4PSI=
3,20,Cp1jn9Y+aA/VGPyegP1xjfH0I3g=,xKwqZMsRxOn6YqKnEia4DCG4PSI=
2,21,Cp1jn9Y+aA/VGPyegP1xjfH0I3g=,xKwqZMsRxOn6YqKnEia4DCG4PSI=
1,17,Cp1jn9Y+aA/VGPyegP1xjfH0I3g=,xKwqZMsRxOn6YqKnEia4DCG4PSI=
1,23,Cp1jn9Y+aA/VGPyegP1xjfH0I3g=,xKwqZMsRxOn6YqKnEia4DCG4PSI=
1,21,Cp1jn9Y+aA/VGPyegP1xjfH0I3g=,xKwqZMsRxOn6YqKnEia4DCG4PSI=
4,24,Cp1jn9Y+aA/VGPyegP1xjfH0I3g=,A9Hgi25JvH6hI3sq+k6G5wdDSsk=
2,22,Cp1jn9Y+aA/VGPyegP1xjfH0I3g=,xKwqZMsRxOn6YqKnEia4DCG4PSI=
5,24,Cp1jn9Y+aA/VGPyegP1xjfH0I3g=,A9Hgi25JvH6hI3sq+k6G5wdDSsk=
0,17,Cp1jn9Y+aA/VGPyegP1xjfH0I3g=,xKwqZMsRxOn6YqKnEia4DCG4PSI=
5,17,Cp1jn9Y+aA/VGPyegP1xjfH0I3g=,xKwqZMsRxOn6YqKnEia4DCG4PSI=
1,22,Cp1jn9Y+aA/VGPyegP1xjfH0I3g=,xKwqZMsRxOn6YqKnEia4DCG4PSI=
6,24,Cp1jn9Y+aA/VGPyegP1xjfH0I3g=,A9Hgi25JvH6hI3sq+k6G5wdDSsk=
6,17,Cp1jn9Y+aA/VGPyegP1xjfH0I3g=,xKwqZMsRxOn6YqKnEia4DCG4PSI=
0,23,Cp1jn9Y+aA/VGPyegP1xjfH0I3g=,xKwqZMsRxOn6YqKnEia4DCG4PSI=
0,20,Cp1jn9Y+aA/VGPyegP1xjfH0I3g=,xKwqZMsRxOn6YqKnEia4DCG4PSI=
5,19,Cp1jn9Y+aA/VGPyegP1xjfH0I3g=,xKwqZMsRxOn6YqKnEia4DCG4PSI=
4,19,Cp1jn9Y+aA/VGPyegP1xjfH0I3g=,xKwqZMsRxOn6YqKnEia4DCG4PSI=
1,20,Cp1jn9Y+aA/VGPyegP1xjfH0I3g=,xKwqZMsRxOn6YqKnEia4DCG4PSI=
6,18,Cp1jn9Y+aA/VGPyegP1xjfH0I3g=,xKwqZMsRxOn6YqKnEia4DCG4PSI=
2,16,Cp1jn9Y+aA/VGPyegP1xjfH0I3g=,xKwqZMsRxOn6YqKnEia4DCG4PSI=
1,18,Cp1jn9Y+aA/VGPyegP1xjfH0I3g=,xKwqZMsRxOn6YqKnEia4DCG4PSI=
6,16,Cp1jn9Y+aA/VGPyegP1xjfH0I3g=,xKwqZMsRxOn6YqKnEia4DCG4PSI=
4,18,Cp1jn9Y+aA/VGPyegP1xjfH0I3g=,xKwqZMsRxOn6YqKnEia4DCG4PSI=
4,16,Cp1jn9Y+aA/VGPyegP1xjfH0I3g=,xKwqZMsRxOn6YqKnEia4DCG4PSI=
0,16,Cp1jn9Y+aA/VGPyegP1xjfH0I3g=,xKwqZMsRxOn6YqKnEia4DCG4PSI=
5,18,Cp1jn9Y+aA/VGPyegP1xjfH0I3g=,xKwqZMsRxOn6YqKnEia4DCG4PSI=
5,16,Cp1jn9Y+aA/VGPyegP1xjfH0I3g=,xKwqZMsRxOn6YqKnEia4DCG4PSI=
7,30,Cp1jn9Y+aA/VGPyegP1xjfH0I3g=,A9Hgi25JvH6hI3sq+k6G5wdDSsk=
11,29,Cp1jn9Y+aA/VGPyegP1xjfH0I3g=,OcMFiEe3uckYYIf9EmK5OlSBDsE=
15,28,Cp1jn9Y+aA/VGPyegP1xjfH0I3g=,OcMFiEe3uckYYIf9EmK5OlSBDsE=
14,28,Cp1jn9Y+aA/VGPyegP1xjfH0I3g=,OcMFiEe3uckYYIf9EmK5OlSBDsE=
12,29,Cp1jn9Y+aA/VGPyegP1xjfH0I3g=,OcMFiEe3uckYYIf9EmK5OlSBDsE=
8,29,Cp1jn9Y+aA/VGPyegP1xjfH0I3g=,OcMFiEe3uckYYIf9EmK5OlSBDsE=
9,29,Cp1jn9Y+aA/VGPyegP1xjfH0I3g=,OcMFiEe3uckYYIf9EmK5OlSBDsE=
10,29,Cp1jn9Y+aA/VGPyegP1xjfH0I3g=,OcMFiEe3uckYYIf9EmK5OlSBDsE=
12,28,Cp1jn9Y+aA/VGPyegP1xjfH0I3g=,OcMFiEe3uckYYIf9EmK5OlSBDsE=
13,28,Cp1jn9Y+aA/VGPyegP1xjfH0I3g=,OcMFiEe3uckYYIf9EmK5OlSBDsE=
9,28,Cp1jn9Y+aA/VGPyegP1xjfH0I3g=,OcMFiEe3uckYYIf9EmK5OlSBDsE=
7,29,Cp1jn9Y+aA/VGPyegP1xjfH0I3g=,A9Hgi25JvH6hI3sq+k6G5wdDSsk=
13,29,Cp1jn9Y+aA/VGPyegP1xjfH0I3g=,OcMFiEe3uckYYIf9EmK5OlSBDsE=
11,28,Cp1jn9Y+aA/VGPyegP1xjfH0I3g=,OcMFiEe3uckYYIf9EmK5OlSBDsE=
14,27,Cp1jn9Y+aA/VGPyegP1xjfH0I3g=,OcMFiEe3uckYYIf9EmK5OlSBDsE=
15,27,Cp1jn9Y+aA/VGPyegP1xjfH0I3g=,OcMFiEe3uckYYIf9EmK5OlSBDsE=
10,28,Cp1jn9Y+aA/VGPyegP1xjfH0I3g=,OcMFiEe3uckYYIf9EmK5OlSBDsE=
8,28,Cp1jn9Y+aA/VGPyegP1xjfH0I3g=,OcMFiEe3uckYYIf9EmK5OlSBDsE=
14,29,Cp1jn9Y+aA/VGPyegP1xjfH0I3g=,OcMFiEe3uckYYIf9EmK5OlSBDsE=
13,27,Cp1jn9Y+aA/VGPyegP1xjfH0I3g=,OcMFiEe3uckYYIf9EmK5OlSBDsE=
8,27,Cp1jn9Y+aA/VGPyegP1xjfH0I3g=,OcMFiEe3uckYYIf9EmK5OlSBDsE=
7,28,Cp1jn9Y+aA/VGPyegP1xjfH0I3g=,A9Hgi25JvH6hI3sq+k6G5wdDSsk=
11,27,Cp1jn9Y+aA/VGPyegP1xjfH0I3g=,OcMFiEe3uckYYIf9EmK5OlSBDsE=
12,27,Cp1jn9Y+aA/VGPyegP1xjfH0I3g=,OcMFiEe3uckYYIf9EmK5OlSBDsE=
7,27,Cp1jn9Y+aA/VGPyegP1xjfH0I3g=,A9Hgi25JvH6hI3sq+k6G5wdDSsk=
15,26,Cp1jn9Y+aA/VGPyegP1xjfH0I3g=,OcMFiEe3uckYYIf9EmK5OlSBDsE=
15,29,Cp1jn9Y+aA/VGPyegP1xjfH0I3g=,OcMFiEe3uckYYIf9EmK5OlSBDsE=
14,26,Cp1jn9Y+aA/VGPyegP1xjfH0I3g=,OcMFiEe3uckYYIf9EmK5OlSBDsE=
13,26,Cp1jn9Y+aA/VGPyegP1xjfH0I3g=,OcMFiEe3uckYYIf9EmK5OlSBDsE=
9,27,Cp1jn9Y+aA/VGPyegP1xjfH0I3g=,OcMFiEe3uckYYIf9EmK5OlSBDsE=
14,31,Cp1jn9Y+aA/VGPyegP1xjfH0I3g=,OcMFiEe3uckYYIf9EmK5OlSBDsE=
15,31,Cp1jn9Y+aA/VGPyegP1xjfH0I3g=,OcMFiEe3uckYYIf9EmK5OlSBDsE=
10,27,Cp1jn9Y+aA/VGPyegP1xjfH0I3g=,OcMFiEe3uckYYIf9EmK5OlSBDsE=
9,26,Cp1jn9Y+aA/VGPyegP1xjfH0I3g=,OcMFiEe3uckYYIf9EmK5OlSBDsE=
10,26,Cp1jn9Y+aA/VGPyegP1xjfH0I3g=,OcMFiEe3uckYYIf9EmK5OlSBDsE=
12,26,Cp1jn9Y+aA/VGPyegP1xjfH0I3g=,OcMFiEe3uckYYIf9EmK5OlSBDsE=
8,30,Cp1jn9Y+aA/VGPyegP1xjfH0I3g=,OcMFiEe3uckYYIf9EmK5OlSBDsE=
8,26,Cp1jn9Y+aA/VGPyegP1xjfH0I3g=,OcMFiEe3uckYYIf9EmK5OlSBDsE=
11,26,Cp1jn9Y+aA/VGPyegP1xjfH0I3g=,OcMFiEe3uckYYIf9EmK5OlSBDsE=
14,25,Cp1jn9Y+aA/VGPyegP1xjfH0I3g=,OcMFiEe3uckYYIf9EmK5OlSBDsE=
7,31,Cp1jn9Y+aA/VGPyegP1xjfH0I3g=,A9Hgi25JvH6hI3sq+k6G5wdDSsk=
12,31,Cp1jn9Y+aA/VGPyegP1xjfH0I3g=,OcMFiEe3uckYYIf9EmK5OlSBDsE=
15,25,Cp1jn9Y+aA/VGPyegP1xjfH0I3g=,OcMFiEe3uckYYIf9EmK5OlSBDsE=
13,31,Cp1jn9Y+aA/VGPyegP1xjfH0I3g=,OcMFiEe3uckYYIf9EmK5OlSBDsE=
9,30,Cp1jn9Y+aA/VGPyegP1xjfH0I3g=,OcMFiEe3uckYYIf9EmK5OlSBDsE=
7,26,Cp1jn9Y+aA/VGPyegP1xjfH0I3g=,A9Hgi25JvH6hI3sq+k6G5wdDSsk=
13,25,Cp1jn9Y+aA/VGPyegP1xjfH0I3g=,OcMFiEe3uckYYIf9EmK5OlSBDsE=
10,31,Cp1jn9Y+aA/VGPyegP1xjfH0I3g=,OcMFiEe3uckYYIf9EmK5OlSBDsE=
9,31,Cp1jn9Y+aA/VGPyegP1xjfH0I3g=,OcMFiEe3uckYYIf9EmK5OlSBDsE=
11,31,Cp1jn9Y+aA/VGPyegP1xjfH0I3g=,OcMFiEe3uckYYIf9EmK5OlSBDsE=
10,30,Cp1jn9Y+aA/VGPyegP1xjfH0I3g=,OcMFiEe3uckYYIf9EmK5OlSBDsE=
12,25,Cp1jn9Y+aA/VGPyegP1xjfH0I3g=,OcMFiEe3uckYYIf9EmK5OlSBDsE=
7,25,Cp1jn9Y+aA/VGPyegP1xjfH0I3g=,A9Hgi25JvH6hI3sq+k6G5wdDSsk=
8,31,Cp1jn9Y+aA/VGPyegP1xjfH0I3g=,OcMFiEe3uckYYIf9EmK5OlSBDsE=
10,25,Cp1jn9Y+aA/VGPyegP1xjfH0I3g=,OcMFiEe3uckYYIf9EmK5OlSBDsE=
11,30,Cp1jn9Y+aA/VGPyegP1xjfH0I3g=,OcMFiEe3uckYYIf9EmK5OlSBDsE=
8,25,Cp1jn9Y+aA/VGPyegP1xjfH0I3g=,OcMFiEe3uckYYIf9EmK5OlSBDsE=
15,30,Cp1jn9Y+aA/VGPyegP1xjfH0I3g=,OcMFiEe3uckYYIf9EmK5OlSBDsE=
13,30,Cp1jn9Y+aA/VGPyegP1xjfH0I3g=,OcMFiEe3uckYYIf9EmK5OlSBDsE=
11,25,Cp1jn9Y+aA/VGPyegP1xjfH0I3g=,OcMFiEe3uckYYIf9EmK5OlSBDsE=
14,30,Cp1jn9Y+aA/VGPyegP1xjfH0I3g=,OcMFiEe3uckYYIf9EmK5OlSBDsE=
9,25,Cp1jn9Y+aA/VGPyegP1xjfH0I3g=,OcMFiEe3uckYYIf9EmK5OlSBDsE=
12,30,Cp1jn9Y+aA/VGPyegP1xjfH0I3g=,OcMFiEe3uckYYIf9EmK5OlSBDsE=
10,19,F8kQrLvTj1gjKsT0KhCQRIq1bUQ=,izgBoeWXgXLZ2tCR2pyk5cMlDRE=
13,23,F8kQrLvTj1gjKsT0KhCQRIq1bUQ=,izgBoeWXgXLZ2tCR2pyk5cMlDRE=
11,19,F8kQrLvTj1gjKsT0KhCQRIq1bUQ=,izgBoeWXgXLZ2tCR2pyk5cMlDRE=
12,19,F8kQrLvTj1gjKsT0KhCQRIq1bUQ=,izgBoeWXgXLZ2tCR2pyk5cMlDRE=
9,19,F8kQrLvTj1gjKsT0KhCQRIq1bUQ=,izgBoeWXgXLZ2tCR2pyk5cMlDRE=
8,19,F8kQrLvTj1gjKsT0KhCQRIq1bUQ=,izgBoeWXgXLZ2tCR2pyk5cMlDRE=
14,23,F8kQrLvTj1gjKsT0KhCQRIq1bUQ=,izgBoeWXgXLZ2tCR2pyk5cMlDRE=
15,23,F8kQrLvTj1gjKsT0KhCQRIq1bUQ=,izgBoeWXgXLZ2tCR2pyk5cMlDRE=
7,19,Cp1jn9Y+aA/VGPyegP1xjfH0I3g=,xKwqZMsRxOn6YqKnEia4DCG4PSI=
12,23,F8kQrLvTj1gjKsT0KhCQRIq1bUQ=,izgBoeWXgXLZ2tCR2pyk5cMlDRE=
7,21,Cp1jn9Y+aA/VGPyegP1xjfH0I3g=,xKwqZMsRxOn6YqKnEia4DCG4PSI=
15,18,F8kQrLvTj1gjKsT0KhCQRIq1bUQ=,izgBoeWXgXLZ2tCR2pyk5cMlDRE=
8,23,F8kQrLvTj1gjKsT0KhCQRIq1bUQ=,izgBoeWXgXLZ2tCR2pyk5cMlDRE=
7,20,Cp1jn9Y+aA/VGPyegP1xjfH0I3g=,xKwqZMsRxOn6YqKnEia4DCG4PSI=
13,19,F8kQrLvTj1gjKsT0KhCQRIq1bUQ=,izgBoeWXgXLZ2tCR2pyk5cMlDRE=
9,23,F8kQrLvTj1gjKsT0KhCQRIq1bUQ=,izgBoeWXgXLZ2tCR2pyk5cMlDRE=
14,18,F8kQrLvTj1gjKsT0KhCQRIq1bUQ=,izgBoeWXgXLZ2tCR2pyk5cMlDRE=
13,18,F8kQrLvTj1gjKsT0KhCQRIq1bUQ=,izgBoeWXgXLZ2tCR2pyk5cMlDRE=
12,18,F8kQrLvTj1gjKsT0KhCQRIq1bUQ=,izgBoeWXgXLZ2tCR2pyk5cMlDRE=
15,22,F8kQrLvTj1gjKsT0KhCQRIq1bUQ=,izgBoeWXgXLZ2tCR2pyk5cMlDRE=
14,19,F8kQrLvTj1gjKsT0KhCQRIq1bUQ=,izgBoeWXgXLZ2tCR2pyk5cMlDRE=
10,23,F8kQrLvTj1gjKsT0KhCQRIq1bUQ=,izgBoeWXgXLZ2tCR2pyk5cMlDRE=
12,22,F8kQrLvTj1gjKsT0KhCQRIq1bUQ=,izgBoeWXgXLZ2tCR2pyk5cMlDRE=
11,22,F8kQrLvTj1gjKsT0KhCQRIq1bUQ=,izgBoeWXgXLZ2tCR2pyk5cMlDRE=
11,18,F8kQrLvTj1gjKsT0KhCQRIq1bUQ=,izgBoeWXgXLZ2tCR2pyk5cMlDRE=
8,18,F8kQrLvTj1gjKsT0KhCQRIq1bUQ=,izgBoeWXgXLZ2tCR2pyk5cMlDRE=
11,23,F8kQrLvTj1gjKsT0KhCQRIq1bUQ=,izgBoeWXgXLZ2tCR2pyk5cMlDRE=
15,19,F8kQrLvTj1gjKsT0KhCQRIq1bUQ=,izgBoeWXgXLZ2tCR2pyk5cMlDRE=
10,18,F8kQrLvTj1gjKsT0KhCQRIq1bUQ=,izgBoeWXgXLZ2tCR2pyk5cMlDRE=
13,22,F8kQrLvTj1gjKsT0KhCQRIq1bUQ=,izgBoeWXgXLZ2tCR2pyk5cMlDRE=
9,18,F8kQrLvTj1gjKsT0KhCQRIq1bUQ=,izgBoeWXgXLZ2tCR2pyk5cMlDRE=
14,22,F8kQrLvTj1gjKsT0KhCQRIq1bUQ=,izgBoeWXgXLZ2tCR2pyk5cMlDRE=
10,22,F8kQrLvTj1gjKsT0KhCQRIq1bUQ=,izgBoeWXgXLZ2tCR2pyk5cMlDRE=
7,23,Cp1jn9Y+aA/VGPyegP1xjfH0I3g=,xKwqZMsRxOn6YqKnEia4DCG4PSI=
9,22,F8kQrLvTj1gjKsT0KhCQRIq1bUQ=,izgBoeWXgXLZ2tCR2pyk5cMlDRE=
8,22,F8kQrLvTj1gjKsT0KhCQRIq1bUQ=,izgBoeWXgXLZ2tCR2pyk5cMlDRE=
8,24,Cp1jn9Y+aA/VGPyegP1xjfH0I3g=,OcMFiEe3uckYYIf9EmK5OlSBDsE=
7,17,Cp1jn9Y+aA/VGPyegP1xjfH0I3g=,xKwqZMsRxOn6YqKnEia4DCG4PSI=
15,21,F8kQrLvTj1gjKsT0KhCQRIq1bUQ=,izgBoeWXgXLZ2tCR2pyk5cMlDRE=
13,17,F8kQrLvTj1gjKsT0KhCQRIq1bUQ=,izgBoeWXgXLZ2tCR2pyk5cMlDRE=
7,22,Cp1jn9Y+aA/VGPyegP1xjfH0I3g=,xKwqZMsRxOn6YqKnEia4DCG4PSI=
10,17,F8kQrLvTj1gjKsT0KhCQRIq1bUQ=,izgBoeWXgXLZ2tCR2pyk5cMlDRE=
11,17,F8kQrLvTj1gjKsT0KhCQRIq1bUQ=,izgBoeWXgXLZ2tCR2pyk5cMlDRE=
14,17,F8kQrLvTj1gjKsT0KhCQRIq1bUQ=,izgBoeWXgXLZ2tCR2pyk5cMlDRE=
9,24,Cp1jn9Y+aA/VGPyegP1xjfH0I3g=,OcMFiEe3uckYYIf9EmK5OlSBDsE=
12,17,F8kQrLvTj1gjKsT0KhCQRIq1bUQ=,izgBoeWXgXLZ2tCR2pyk5cMlDRE=
10,24,Cp1jn9Y+aA/VGPyegP1xjfH0I3g=,OcMFiEe3uckYYIf9EmK5OlSBDsE=
15,16,F8kQrLvTj1gjKsT0KhCQRIq1bUQ=,izgBoeWXgXLZ2tCR2pyk5cMlDRE=
7,18,Cp1jn9Y+aA/VGPyegP1xjfH0I3g=,xKwqZMsRxOn6YqKnEia4DCG4PSI=
9,17,F8kQrLvTj1gjKsT0KhCQRIq1bUQ=,izgBoeWXgXLZ2tCR2pyk5cMlDRE=
11,24,Cp1jn9Y+aA/VGPyegP1xjfH0I3g=,OcMFiEe3uckYYIf9EmK5OlSBDsE=
9,16,F8kQrLvTj1gjKsT0KhCQRIq1bUQ=,izgBoeWXgXLZ2tCR2pyk5cMlDRE=
15,17,F8kQrLvTj1gjKsT0KhCQRIq1bUQ=,izgBoeWXgXLZ2tCR2pyk5cMlDRE=
8,17,F8kQrLvTj1gjKsT0KhCQRIq1bUQ=,izgBoeWXgXLZ2tCR2pyk5cMlDRE=
12,21,F8kQrLvTj1gjKsT0KhCQRIq1bUQ=,izgBoeWXgXLZ2tCR2pyk5cMlDRE=
13,16,F8kQrLvTj1gjKsT0KhCQRIq1bUQ=,izgBoeWXgXLZ2tCR2pyk5cMlDRE=
14,21,F8kQrLvTj1gjKsT0KhCQRIq1bUQ=,izgBoeWXgXLZ2tCR2pyk5cMlDRE=
12,16,F8kQrLvTj1gjKsT0KhCQRIq1bUQ=,izgBoeWXgXLZ2tCR2pyk5cMlDRE=
14,16,F8kQrLvTj1gjKsT0KhCQRIq1bUQ=,izgBoeWXgXLZ2tCR2pyk5cMlDRE=
11,16,F8kQrLvTj1gjKsT0KhCQRIq1bUQ=,izgBoeWXgXLZ2tCR2pyk5cMlDRE=
12,24,Cp1jn9Y+aA/VGPyegP1xjfH0I3g=,OcMFiEe3uckYYIf9EmK5OlSBDsE=
10,16,F8kQrLvTj1gjKsT0KhCQRIq1bUQ=,izgBoeWXgXLZ2tCR2pyk5cMlDRE=
11,21,F8kQrLvTj1gjKsT0KhCQRIq1bUQ=,izgBoeWXgXLZ2tCR2pyk5cMlDRE=
13,24,Cp1jn9Y+aA/VGPyegP1xjfH0I3g=,OcMFiEe3uckYYIf9EmK5OlSBDsE=
8,16,F8kQrLvTj1gjKsT0KhCQRIq1bUQ=,izgBoeWXgXLZ2tCR2pyk5cMlDRE=
8,21,F8kQrLvTj1gjKsT0KhCQRIq1bUQ=,izgBoeWXgXLZ2tCR2pyk5cMlDRE=
9,21,F8kQrLvTj1gjKsT0KhCQRIq1bUQ=,izgBoeWXgXLZ2tCR2pyk5cMlDRE=
15,20,F8kQrLvTj1gjKsT0KhCQRIq1bUQ=,izgBoeWXgXLZ2tCR2pyk5cMlDRE=
13,21,F8kQrLvTj1gjKsT0KhCQRIq1bUQ=,izgBoeWXgXLZ2tCR2pyk5cMlDRE=
8,20,F8kQrLvTj1gjKsT0KhCQRIq1bUQ=,izgBoeWXgXLZ2tCR2pyk5cMlDRE=
10,21,F8kQrLvTj1gjKsT0KhCQRIq1bUQ=,izgBoeWXgXLZ2tCR2pyk5cMlDRE=
11,20,F8kQrLvTj1gjKsT0KhCQRIq1bUQ=,izgBoeWXgXLZ2tCR2pyk5cMlDRE=
13,20,F8kQrLvTj1gjKsT0KhCQRIq1bUQ=,izgBoeWXgXLZ2tCR2pyk5cMlDRE=
9,20,F8kQrLvTj1gjKsT0KhCQRIq1bUQ=,izgBoeWXgXLZ2tCR2pyk5cMlDRE=
7,16,Cp1jn9Y+aA/VGPyegP1xjfH0I3g=,xKwqZMsRxOn6YqKnEia4DCG4PSI=
14,20,F8kQrLvTj1gjKsT0KhCQRIq1bUQ=,izgBoeWXgXLZ2tCR2pyk5cMlDRE=
7,24,Cp1jn9Y+aA/VGPyegP1xjfH0I3g=,A9Hgi25JvH6hI3sq+k6G5wdDSsk=
15,24,Cp1jn9Y+aA/VGPyegP1xjfH0I3g=,OcMFiEe3uckYYIf9EmK5OlSBDsE=
12,20,F8kQrLvTj1gjKsT0KhCQRIq1bUQ=,izgBoeWXgXLZ2tCR2pyk5cMlDRE=
14,24,Cp1jn9Y+aA/VGPyegP1xjfH0I3g=,OcMFiEe3uckYYIf9EmK5OlSBDsE=
10,20,F8kQrLvTj1gjKsT0KhCQRIq1bUQ=,izgBoeWXgXLZ2tCR2pyk5cMlDRE=
28,19,0nF9olTGWnhFLwvIlBYf5deyLmI=,TUB5m43+8ydGbPyMuzka5DoCCnQ=
30,18,HexTdaUZ7NZWS541dr2CVQsl7Gc=,TUB5m43+8ydGbPyMuzka5DoCCnQ=
26,19,HexTdaUZ7NZWS541dr2CVQsl7Gc=,TUB5m43+8ydGbPyMuzka5DoCCnQ=
29,18,HexTdaUZ7NZWS541dr2CVQsl7Gc=,TUB5m43+8ydGbPyMuzka5DoCCnQ=
28,18,HexTdaUZ7NZWS541dr2CVQsl7Gc=,TUB5m43+8ydGbPyMuzka5DoCCnQ=
30,17,HexTdaUZ7NZWS541dr2CVQsl7Gc=,TUB5m43+8ydGbPyMuzka5DoCCnQ=
27,19,HexTdaUZ7NZWS541dr2CVQsl7Gc=,TUB5m43+8ydGbPyMuzka5DoCCnQ=
25,19,HexTdaUZ7NZWS541dr2CVQsl7Gc=,TUB5m43+8ydGbPyMuzka5DoCCnQ=
27,18,HexTdaUZ7NZWS541dr2CVQsl7Gc=,TUB5m43+8ydGbPyMuzka5DoCCnQ=
26,18,HexTdaUZ7NZWS541dr2CVQsl7Gc=,TUB5m43+8ydGbPyMuzka5DoCCnQ=
29,17,HexTdaUZ7NZWS541dr2CVQsl7Gc=,TUB5m43+8ydGbPyMuzka5DoCCnQ=
25,18,HexTdaUZ7NZWS541dr2CVQsl7Gc=,TUB5m43+8ydGbPyMuzka5DoCCnQ=
28,17,HexTdaUZ7NZWS541dr2CVQsl7Gc=,TUB5m43+8ydGbPyMuzka5DoCCnQ=
27,22,HexTdaUZ7NZWS541dr2CVQsl7Gc=,TUB5m43+8ydGbPyMuzka5DoCCnQ=
28,22,HexTdaUZ7NZWS541dr2CVQsl7Gc=,TUB5m43+8ydGbPyMuzka5DoCCnQ=
30,22,HexTdaUZ7NZWS541dr2CVQsl7Gc=,TUB5m43+8ydGbPyMuzka5DoCCnQ=
25,17,HexTdaUZ7NZWS541dr2CVQsl7Gc=,TUB5m43+8ydGbPyMuzka5DoCCnQ=
29,22,HexTdaUZ7NZWS541dr2CVQsl7Gc=,TUB5m43+8ydGbPyMuzka5DoCCnQ=
26,17,HexTdaUZ7NZWS541dr2CVQsl7Gc=,TUB5m43+8ydGbPyMuzka5DoCCnQ=
30,21,HexTdaUZ7NZWS541dr2CVQsl7Gc=,TUB5m43+8ydGbPyMuzka5DoCCnQ=
27,17,HexTdaUZ7NZWS541dr2CVQsl7Gc=,TUB5m43+8ydGbPyMuzka5DoCCnQ=
30,20,HexTdaUZ7NZWS541dr2CVQsl7Gc=,TUB5m43+8ydGbPyMuzka5DoCCnQ=
26,21,HexTdaUZ7NZWS541dr2CVQsl7Gc=,TUB5m43+8ydGbPyMuzka5DoCCnQ=
27,21,HexTdaUZ7NZWS541dr2CVQsl7Gc=,TUB5m43+8ydGbPyMuzka5DoCCnQ=
29,21,HexTdaUZ7NZWS541dr2CVQsl7Gc=,TUB5m43+8ydGbPyMuzka5DoCCnQ=
25,21,HexTdaUZ7NZWS541dr2CVQsl7Gc=,TUB5m43+8ydGbPyMuzka5DoCCnQ=
28,21,HexTdaUZ7NZWS541dr2CVQsl7Gc=,TUB5m43+8ydGbPyMuzka5DoCCnQ=
28,20,HexTdaUZ7NZWS541dr2CVQsl7Gc=,TUB5m43+8ydGbPyMuzka5DoCCnQ=
26,22,HexTdaUZ7NZWS541dr2CVQsl7Gc=,TUB5m43+8ydGbPyMuzka5DoCCnQ=
29,20,HexTdaUZ7NZWS541dr2CVQsl7Gc=,TUB5m43+8ydGbPyMuzka5DoCCnQ=
30,19,HexTdaUZ7NZWS541dr2CVQsl7Gc=,TUB5m43+8ydGbPyMuzka5DoCCnQ=
27,20,HexTdaUZ7NZWS541dr2CVQsl7Gc=,TUB5m43+8ydGbPyMuzka5DoCCnQ=
29,19,HexTdaUZ7NZWS541dr2CVQsl7Gc=,TUB5m43+8ydGbPyMuzka5DoCCnQ=
31,19,HexTdaUZ7NZWS541dr2CVQsl7Gc=,TUB5m43+8ydGbPyMuzka5DoCCnQ=
31,18,HexTdaUZ7NZWS541dr2CVQsl7Gc=,TUB5m43+8ydGbPyMuzka5DoCCnQ=
25,22,HexTdaUZ7NZWS541dr2CVQsl7Gc=,TUB5m43+8ydGbPyMuzka5DoCCnQ=
31,20,HexTdaUZ7NZWS541dr2CVQsl7Gc=,TUB5m43+8ydGbPyMuzka5DoCCnQ=
31,17,HexTdaUZ7NZWS541dr2CVQsl7Gc=,TUB5m43+8ydGbPyMuzka5DoCCnQ=
26,20,HexTdaUZ7NZWS541dr2CVQsl7Gc=,TUB5m43+8ydGbPyMuzka5DoCCnQ=
31,22,HexTdaUZ7NZWS541dr2CVQsl7Gc=,TUB5m43+8ydGbPyMuzka5DoCCnQ=
25,20,HexTdaUZ7NZWS541dr2CVQsl7Gc=,TUB5m43+8ydGbPyMuzka5DoCCnQ=
31,21,HexTdaUZ7NZWS541dr2CVQsl7Gc=,TUB5m43+8ydGbPyMuzka5DoCCnQ=
25,16,HexTdaUZ7NZWS541dr2CVQsl7Gc=,TUB5m43+8ydGbPyMuzka5DoCCnQ=
26,16,HexTdaUZ7NZWS541dr2CVQsl7Gc=,TUB5m43+8ydGbPyMuzka5DoCCnQ=
27,16,HexTdaUZ7NZWS541dr2CVQsl7Gc=,TUB5m43+8ydGbPyMuzka5DoCCnQ=
30,16,HexTdaUZ7NZWS541dr2CVQsl7Gc=,TUB5m43+8ydGbPyMuzka5DoCCnQ=
29,16,HexTdaUZ7NZWS541dr2CVQsl7Gc=,TUB5m43+8ydGbPyMuzka5DoCCnQ=
28,16,HexTdaUZ7NZWS541dr2CVQsl7Gc=,TUB5m43+8ydGbPyMuzka5DoCCnQ=
31,16,HexTdaUZ7NZWS541dr2CVQsl7Gc=,TUB5m43+8ydGbPyMuzka5DoCCnQ=
19,27,HexTdaUZ7NZWS541dr2CVQsl7Gc=,KawYHtVegWFmce8mS8tHUc9QSVE=
20,27,HexTdaUZ7NZWS541dr2CVQsl7Gc=,KawYHtVegWFmce8mS8tHUc9QSVE=
21,27,HexTdaUZ7NZWS541dr2CVQsl7Gc=,KawYHtVegWFmce8mS8tHUc9QSVE=
16,27,HexTdaUZ7NZWS541dr2CVQsl7Gc=,KawYHtVegWFmce8mS8tHUc9QSVE=
22,31,HexTdaUZ7NZWS541dr2CVQsl7Gc=,KawYHtVegWFmce8mS8tHUc9QSVE=
22,27,HexTdaUZ7NZWS541dr2CVQsl7Gc=,KawYHtVegWFmce8mS8tHUc9QSVE=
16,28,HexTdaUZ7NZWS541dr2CVQsl7Gc=,KawYHtVegWFmce8mS8tHUc9QSVE=
17,27,HexTdaUZ7NZWS541dr2CVQsl7Gc=,KawYHtVegWFmce8mS8tHUc9QSVE=
21,31,HexTdaUZ7NZWS541dr2CVQsl7Gc=,KawYHtVegWFmce8mS8tHUc9QSVE=
17,28,HexTdaUZ7NZWS541dr2CVQsl7Gc=,KawYHtVegWFmce8mS8tHUc9QSVE=
18,31,HexTdaUZ7NZWS541dr2CVQsl7Gc=,KawYHtVegWFmce8mS8tHUc9QSVE=
20,31,HexTdaUZ7NZWS541dr2CVQsl7Gc=,KawYHtVegWFmce8mS8tHUc9QSVE=
18,27,HexTdaUZ7NZWS541dr2CVQsl7Gc=,KawYHtVegWFmce8mS8tHUc9QSVE=
21,26,HexTdaUZ7NZWS541dr2CVQsl7Gc=,KawYHtVegWFmce8mS8tHUc9QSVE=
20,26,HexTdaUZ7NZWS541dr2CVQsl7Gc=,KawYHtVegWFmce8mS8tHUc9QSVE=
18,28,HexTdaUZ7NZWS541dr2CVQsl7Gc=,KawYHtVegWFmce8mS8tHUc9QSVE=
22,26,HexTdaUZ7NZWS541dr2CVQsl7Gc=,KawYHtVegWFmce8mS8tHUc9QSVE=
17,31,HexTdaUZ7NZWS541dr2CVQsl7Gc=,KawYHtVegWFmce8mS8tHUc9QSVE=
19,28,HexTdaUZ7NZWS541dr2CVQsl7Gc=,KawYHtVegWFmce8mS8tHUc9QSVE=
17,26,HexTdaUZ7NZWS541dr2CVQsl7Gc=,KawYHtVegWFmce8mS8tHUc9QSVE=
22,30,HexTdaUZ7NZWS541dr2CVQsl7Gc=,KawYHtVegWFmce8mS8tHUc9QSVE=
19,31,HexTdaUZ7NZWS541dr2CVQsl7Gc=,KawYHtVegWFmce8mS8tHUc9QSVE=
19,26,HexTdaUZ7NZWS541dr2CVQsl7Gc=,KawYHtVegWFmce8mS8tHUc9QSVE=
16,31,HexTdaUZ7NZWS541dr2CVQsl7Gc=,KawYHtVegWFmce8mS8tHUc9QSVE=
21,30,HexTdaUZ7NZWS541dr2CVQsl7Gc=,KawYHtVegWFmce8mS8tHUc9QSVE=
20,28,HexTdaUZ7NZWS541dr2CVQsl7Gc=,KawYHtVegWFmce8mS8tHUc9QSVE=
22,25,HexTdaUZ7NZWS541dr2CVQsl7Gc=,KawYHtVegWFmce8mS8tHUc9QSVE=
20,25,HexTdaUZ7NZWS541dr2CVQsl7Gc=,KawYHtVegWFmce8mS8tHUc9QSVE=
20,30,HexTdaUZ7NZWS541dr2CVQsl7Gc=,KawYHtVegWFmce8mS8tHUc9QSVE=
16,26,HexTdaUZ7NZWS541dr2CVQsl7Gc=,KawYHtVegWFmce8mS8tHUc9QSVE=
19,25,HexTdaUZ7NZWS541dr2CVQsl7Gc=,KawYHtVegWFmce8mS8tHUc9QSVE=
18,25,HexTdaUZ7NZWS541dr2CVQsl7Gc=,KawYHtVegWFmce8mS8tHUc9QSVE=
21,28,HexTdaUZ7NZWS541dr2CVQsl7Gc=,KawYHtVegWFmce8mS8tHUc9QSVE=
18,26,HexTdaUZ7NZWS541dr2CVQsl7Gc=,KawYHtVegWFmce8mS8tHUc9QSVE=
17,30,HexTdaUZ7NZWS541dr2CVQsl7Gc=,KawYHtVegWFmce8mS8tHUc9QSVE=
18,30,HexTdaUZ7NZWS541dr2CVQsl7Gc=,KawYHtVegWFmce8mS8tHUc9QSVE=
19,30,HexTdaUZ7NZWS541dr2CVQsl7Gc=,KawYHtVegWFmce8mS8tHUc9QSVE=
22,28,HexTdaUZ7NZWS541dr2CVQsl7Gc=,KawYHtVegWFmce8mS8tHUc9QSVE=
16,30,HexTdaUZ7NZWS541dr2CVQsl7Gc=,KawYHtVegWFmce8mS8tHUc9QSVE=
16,29,HexTdaUZ7NZWS541dr2CVQsl7Gc=,KawYHtVegWFmce8mS8tHUc9QSVE=
16,25,HexTdaUZ7NZWS541dr2CVQsl7Gc=,KawYHtVegWFmce8mS8tHUc9QSVE=
21,29,HexTdaUZ7NZWS541dr2CVQsl7Gc=,KawYHtVegWFmce8mS8tHUc9QSVE=
20,29,HexTdaUZ7NZWS541dr2CVQsl7Gc=,KawYHtVegWFmce8mS8tHUc9QSVE=
21,25,HexTdaUZ7NZWS541dr2CVQsl7Gc=,KawYHtVegWFmce8mS8tHUc9QSVE=
19,29,HexTdaUZ7NZWS541dr2CVQsl7Gc=,KawYHtVegWFmce8mS8tHUc9QSVE=
17,29,HexTdaUZ7NZWS541dr2CVQsl7Gc=,KawYHtVegWFmce8mS8tHUc9QSVE=
17,25,HexTdaUZ7NZWS541dr2CVQsl7Gc=,KawYHtVegWFmce8mS8tHUc9QSVE=
18,29,HexTdaUZ7NZWS541dr2CVQsl7Gc=,KawYHtVegWFmce8mS8tHUc9QSVE=
22,29,HexTdaUZ7NZWS541dr2CVQsl7Gc=,KawYHtVegWFmce8mS8tHUc9QSVE=
19,21,HexTdaUZ7NZWS541dr2CVQsl7Gc=,47Dp1X+kx6DCa+BIHQn6iGcDGhI=
20,21,HexTdaUZ7NZWS541dr2CVQsl7Gc=,47Dp1X+kx6DCa+BIHQn6iGcDGhI=
21,20,HexTdaUZ7NZWS541dr2CVQsl7Gc=,47Dp1X+kx6DCa+BIHQn6iGcDGhI=
23,17,HexTdaUZ7NZWS541dr2CVQsl7Gc=,47Dp1X+kx6DCa+BIHQn6iGcDGhI=
18,21,HexTdaUZ7NZWS541dr2CVQsl7Gc=,47Dp1X+kx6DCa+BIHQn6iGcDGhI=
24,19,HexTdaUZ7NZWS541dr2CVQsl7Gc=,TUB5m43+8ydGbPyMuzka5DoCCnQ=
17,21,HexTdaUZ7NZWS541dr2CVQsl7Gc=,47Dp1X+kx6DCa+BIHQn6iGcDGhI=
21,21,HexTdaUZ7NZWS541dr2CVQsl7Gc=,47Dp1X+kx6DCa+BIHQn6iGcDGhI=
24,18,HexTdaUZ7NZWS541dr2CVQsl7Gc=,TUB5m43+8ydGbPyMuzka5DoCCnQ=
24,17,HexTdaUZ7NZWS541dr2CVQsl7Gc=,TUB5m43+8ydGbPyMuzka5DoCCnQ=
31,23,HexTdaUZ7NZWS541dr2CVQsl7Gc=,TUB5m43+8ydGbPyMuzka5DoCCnQ=
22,17,HexTdaUZ7NZWS541dr2CVQsl7Gc=,47Dp1X+kx6DCa+BIHQn6iGcDGhI=
28,27,HexTdaUZ7NZWS541dr2CVQsl7Gc=,8CC9zC3RGojljlpOOMylNGT1/Uc=
30,31,HexTdaUZ7NZWS541dr2CVQsl7Gc=,8CC9zC3RGojljlpOOMylNGT1/Uc=
31,31,HexTdaUZ7NZWS541dr2CVQsl7Gc=,8CC9zC3RGojljlpOOMylNGT1/Uc=
22,21,HexTdaUZ7NZWS541dr2CVQsl7Gc=,47Dp1X+kx6DCa+BIHQn6iGcDGhI=
29,23,HexTdaUZ7NZWS541dr2CVQsl7Gc=,TUB5m43+8ydGbPyMuzka5DoCCnQ=
23,31,HexTdaUZ7NZWS541dr2CVQsl7Gc=,KawYHtVegWFmce8mS8tHUc9QSVE=
19,16,HexTdaUZ7NZWS541dr2CVQsl7Gc=,47Dp1X+kx6DCa+BIHQn6iGcDGhI=
29,27,HexTdaUZ7NZWS541dr2CVQsl7Gc=,8CC9zC3RGojljlpOOMylNGT1/Uc=
18,16,HexTdaUZ7NZWS541dr2CVQsl7Gc=,47Dp1X+kx6DCa+BIHQn6iGcDGhI=
28,31,HexTdaUZ7NZWS541dr2CVQsl7Gc=,8CC9zC3RGojljlpOOMylNGT1/Uc=
30,27,HexTdaUZ7NZWS541dr2CVQsl7Gc=,8CC9zC3RGojljlpOOMylNGT1/Uc=
29,31,HexTdaUZ7NZWS541dr2CVQsl7Gc=,8CC9zC3RGojljlpOOMylNGT1/Uc=
20,16,HexTdaUZ7NZWS541dr2CVQsl7Gc=,47Dp1X+kx6DCa+BIHQn6iGcDGhI=
21,17,HexTdaUZ7NZWS541dr2CVQsl7Gc=,47Dp1X+kx6DCa+BIHQn6iGcDGhI=
27,31,HexTdaUZ7NZWS541dr2CVQsl7Gc=,8CC9zC3RGojljlpOOMylNGT1/Uc=
27,27,HexTdaUZ7NZWS541dr2CVQsl7Gc=,8CC9zC3RGojljlpOOMylNGT1/Uc=
23,27,HexTdaUZ7NZWS541dr2CVQsl7Gc=,KawYHtVegWFmce8mS8tHUc9QSVE=
24,22,HexTdaUZ7NZWS541dr2CVQsl7Gc=,TUB5m43+8ydGbPyMuzka5DoCCnQ=
20,17,HexTdaUZ7NZWS541dr2CVQsl7Gc=,47Dp1X+kx6DCa+BIHQn6iGcDGhI=
24,16,HexTdaUZ7NZWS541dr2CVQsl7Gc=,TUB5m43+8ydGbPyMuzka5DoCCnQ=
16,17,HexTdaUZ7NZWS541dr2CVQsl7Gc=,47Dp1X+kx6DCa+BIHQn6iGcDGhI=
23,19,HexTdaUZ7NZWS541dr2CVQsl7Gc=,47Dp1X+kx6DCa+BIHQn6iGcDGhI=
23,28,HexTdaUZ7NZWS541dr2CVQsl7Gc=,KawYHtVegWFmce8mS8tHUc9QSVE=
25,31,HexTdaUZ7NZWS541dr2CVQsl7Gc=,8CC9zC3RGojljlpOOMylNGT1/Uc=
22,20,HexTdaUZ7NZWS541dr2CVQsl7Gc=,47Dp1X+kx6DCa+BIHQn6iGcDGhI=
20,20,HexTdaUZ7NZWS541dr2CVQsl7Gc=,47Dp1X+kx6DCa+BIHQn6iGcDGhI=
31,27,HexTdaUZ7NZWS541dr2CVQsl7Gc=,8CC9zC3RGojljlpOOMylNGT1/Uc=
24,31,HexTdaUZ7NZWS541dr2CVQsl7Gc=,8CC9zC3RGojljlpOOMylNGT1/Uc=
28,23,HexTdaUZ7NZWS541dr2CVQsl7Gc=,TUB5m43+8ydGbPyMuzka5DoCCnQ=
17,17,HexTdaUZ7NZWS541dr2CVQsl7Gc=,47Dp1X+kx6DCa+BIHQn6iGcDGhI=
26,31,HexTdaUZ7NZWS541dr2CVQsl7Gc=,8CC9zC3RGojljlpOOMylNGT1/Uc=
24,24,HexTdaUZ7NZWS541dr2CVQsl7Gc=,8CC9zC3RGojljlpOOMylNGT1/Uc=
23,16,HexTdaUZ7NZWS541dr2CVQsl7Gc=,47Dp1X+kx6DCa+BIHQn6iGcDGhI=
25,27,HexTdaUZ7NZWS541dr2CVQsl7Gc=,8CC9zC3RGojljlpOOMylNGT1/Uc=
26,27,HexTdaUZ7NZWS541dr2CVQsl7Gc=,8CC9zC3RGojljlpOOMylNGT1/Uc=
23,20,HexTdaUZ7NZWS541dr2CVQsl7Gc=,47Dp1X+kx6DCa+BIHQn6iGcDGhI=
25,24,HexTdaUZ7NZWS541dr2CVQsl7Gc=,8CC9zC3RGojljlpOOMylNGT1/Uc=
31,30,HexTdaUZ7NZWS541dr2CVQsl7Gc=,8CC9zC3RGojljlpOOMylNGT1/Uc=
30,23,HexTdaUZ7NZWS541dr2CVQsl7Gc=,TUB5m43+8ydGbPyMuzka5DoCCnQ=
26,23,HexTdaUZ7NZWS541dr2CVQsl7Gc=,TUB5m43+8ydGbPyMuzka5DoCCnQ=
27,23,HexTdaUZ7NZWS541dr2CVQsl7Gc=,TUB5m43+8ydGbPyMuzka5DoCCnQ=
24,28,HexTdaUZ7NZWS541dr2CVQsl7Gc=,8CC9zC3RGojljlpOOMylNGT1/Uc=
25,23,HexTdaUZ7NZWS541dr2CVQsl7Gc=,TUB5m43+8ydGbPyMuzka5DoCCnQ=
30,26,HexTdaUZ7NZWS541dr2CVQsl7Gc=,8CC9zC3RGojljlpOOMylNGT1/Uc=
23,26,HexTdaUZ7NZWS541dr2CVQsl7Gc=,KawYHtVegWFmce8mS8tHUc9QSVE=
31,26,HexTdaUZ7NZWS541dr2CVQsl7Gc=,8CC9zC3RGojljlpOOMylNGT1/Uc=
24,27,HexTdaUZ7NZWS541dr2CVQsl7Gc=,8CC9zC3RGojljlpOOMylNGT1/Uc=
16,20,HexTdaUZ7NZWS541dr2CVQsl7Gc=,47Dp1X+kx6DCa+BIHQn6iGcDGhI=
25,28,HexTdaUZ7NZWS541dr2CVQsl7Gc=,8CC9zC3RGojljlpOOMylNGT1/Uc=
24,21,HexTdaUZ7NZWS541dr2CVQsl7Gc=,TUB5m43+8ydGbPyMuzka5DoCCnQ=
29,26,HexTdaUZ7NZWS541dr2CVQsl7Gc=,8CC9zC3RGojljlpOOMylNGT1/Uc=
22,24,HexTdaUZ7NZWS541dr2CVQsl7Gc=,KawYHtVegWFmce8mS8tHUc9QSVE=
28,30,HexTdaUZ7NZWS541dr2CVQsl7Gc=,8CC9zC3RGojljlpOOMylNGT1/Uc=
26,28,HexTdaUZ7NZWS541dr2CVQsl7Gc=,8CC9zC3RGojljlpOOMylNGT1/Uc=
26,30,HexTdaUZ7NZWS541dr2CVQsl7Gc=,8CC9zC3RGojljlpOOMylNGT1/Uc=
29,30,HexTdaUZ7NZWS541dr2CVQsl7Gc=,8CC9zC3RGojljlpOOMylNGT1/Uc=
27,30,HexTdaUZ7NZWS541dr2CVQsl7Gc=,8CC9zC3RGojljlpOOMylNGT1/Uc=
25,30,HexTdaUZ7NZWS541dr2CVQsl7Gc=,8CC9zC3RGojljlpOOMylNGT1/Uc=
30,30,HexTdaUZ7NZWS541dr2CVQsl7Gc=,8CC9zC3RGojljlpOOMylNGT1/Uc=
24,23,HexTdaUZ7NZWS541dr2CVQsl7Gc=,TUB5m43+8ydGbPyMuzka5DoCCnQ=
23,30,HexTdaUZ7NZWS541dr2CVQsl7Gc=,KawYHtVegWFmce8mS8tHUc9QSVE=
16,21,HexTdaUZ7NZWS541dr2CVQsl7Gc=,47Dp1X+kx6DCa+BIHQn6iGcDGhI=
18,24,HexTdaUZ7NZWS541dr2CVQsl7Gc=,KawYHtVegWFmce8mS8tHUc9QSVE=
23,25,HexTdaUZ7NZWS541dr2CVQsl7Gc=,KawYHtVegWFmce8mS8tHUc9QSVE=
20,24,HexTdaUZ7NZWS541dr2CVQsl7Gc=,KawYHtVegWFmce8mS8tHUc9QSVE=
28,28,HexTdaUZ7NZWS541dr2CVQsl7Gc=,8CC9zC3RGojljlpOOMylNGT1/Uc=
27,28,HexTdaUZ7NZWS541dr2CVQsl7Gc=,8CC9zC3RGojljlpOOMylNGT1/Uc=
17,24,HexTdaUZ7NZWS541dr2CVQsl7Gc=,KawYHtVegWFmce8mS8tHUc9QSVE=
21,24,HexTdaUZ7NZWS541dr2CVQsl7Gc=,KawYHtVegWFmce8mS8tHUc9QSVE=
16,24,HexTdaUZ7NZWS541dr2CVQsl7Gc=,KawYHtVegWFmce8mS8tHUc9QSVE=
19,24,HexTdaUZ7NZWS541dr2CVQsl7Gc=,KawYHtVegWFmce8mS8tHUc9QSVE=
26,24,HexTdaUZ7NZWS541dr2CVQsl7Gc=,8CC9zC3RGojljlpOOMylNGT1/Uc=
22,16,HexTdaUZ7NZWS541dr2CVQsl7Gc=,47Dp1X+kx6DCa+BIHQn6iGcDGhI=
31,29,HexTdaUZ7NZWS541dr2CVQsl7Gc=,8CC9zC3RGojljlpOOMylNGT1/Uc=
24,30,HexTdaUZ7NZWS541dr2CVQsl7Gc=,8CC9zC3RGojljlpOOMylNGT1/Uc=
26,26,HexTdaUZ7NZWS541dr2CVQsl7Gc=,8CC9zC3RGojljlpOOMylNGT1/Uc=
27,26,HexTdaUZ7NZWS541dr2CVQsl7Gc=,8CC9zC3RGojljlpOOMylNGT1/Uc=
23,21,HexTdaUZ7NZWS541dr2CVQsl7Gc=,47Dp1X+kx6DCa+BIHQn6iGcDGhI=
24,20,HexTdaUZ7NZWS541dr2CVQsl7Gc=,TUB5m43+8ydGbPyMuzka5DoCCnQ=
24,26,HexTdaUZ7NZWS541dr2CVQsl7Gc=,8CC9zC3RGojljlpOOMylNGT1/Uc=
31,25,HexTdaUZ7NZWS541dr2CVQsl7Gc=,8CC9zC3RGojljlpOOMylNGT1/Uc=
25,26,HexTdaUZ7NZWS541dr2CVQsl7Gc=,8CC9zC3RGojljlpOOMylNGT1/Uc=
30,25,HexTdaUZ7NZWS541dr2CVQsl7Gc=,8CC9zC3RGojljlpOOMylNGT1/Uc=
28,26,HexTdaUZ7NZWS541dr2CVQsl7Gc=,8CC9zC3RGojljlpOOMylNGT1/Uc=
27,24,HexTdaUZ7NZWS541dr2CVQsl7Gc=,8CC9zC3RGojljlpOOMylNGT1/Uc=
16,22,HexTdaUZ7NZWS541dr2CVQsl7Gc=,47Dp1X+kx6DCa+BIHQn6iGcDGhI=
30,29,HexTdaUZ7NZWS541dr2CVQsl7Gc=,8CC9zC3RGojljlpOOMylNGT1/Uc=
28,25,HexTdaUZ7NZWS541dr2CVQsl7Gc=,8CC9zC3RGojljlpOOMylNGT1/Uc=
29,25,HexTdaUZ7NZWS541dr2CVQsl7Gc=,8CC9zC3RGojljlpOOMylNGT1/Uc=
19,20,HexTdaUZ7NZWS541dr2CVQsl7Gc=,47Dp1X+kx6DCa+BIHQn6iGcDGhI=
29,28,HexTdaUZ7NZWS541dr2CVQsl7Gc=,8CC9zC3RGojljlpOOMylNGT1/Uc=
27,25,HexTdaUZ7NZWS541dr2CVQsl7Gc=,8CC9zC3RGojljlpOOMylNGT1/Uc=
22,23,HexTdaUZ7NZWS541dr2CVQsl7Gc=,47Dp1X+kx6DCa+BIHQn6iGcDGhI=
16,18,HexTdaUZ7NZWS541dr2CVQsl7Gc=,47Dp1X+kx6DCa+BIHQn6iGcDGhI=
23,24,HexTdaUZ7NZWS541dr2CVQsl7Gc=,KawYHtVegWFmce8mS8tHUc9QSVE=
27,29,HexTdaUZ7NZWS541dr2CVQsl7Gc=,8CC9zC3RGojljlpOOMylNGT1/Uc=
23,23,HexTdaUZ7NZWS541dr2CVQsl7Gc=,47Dp1X+kx6DCa+BIHQn6iGcDGhI=
17,22,HexTdaUZ7NZWS541dr2CVQsl7Gc=,47Dp1X+kx6DCa+BIHQn6iGcDGhI=
29,29,HexTdaUZ7NZWS541dr2CVQsl7Gc=,8CC9zC3RGojljlpOOMylNGT1/Uc=
21,23,HexTdaUZ7NZWS541dr2CVQsl7Gc=,47Dp1X+kx6DCa+BIHQn6iGcDGhI=
26,25,HexTdaUZ7NZWS541dr2CVQsl7Gc=,8CC9zC3RGojljlpOOMylNGT1/Uc=
28,29,HexTdaUZ7NZWS541dr2CVQsl7Gc=,8CC9zC3RGojljlpOOMylNGT1/Uc=
20,23,HexTdaUZ7NZWS541dr2CVQsl7Gc=,47Dp1X+kx6DCa+BIHQn6iGcDGhI=
30,28,HexTdaUZ7NZWS541dr2CVQsl7Gc=,8CC9zC3RGojljlpOOMylNGT1/Uc=
18,22,HexTdaUZ7NZWS541dr2CVQsl7Gc=,47Dp1X+kx6DCa+BIHQn6iGcDGhI=
24,25,HexTdaUZ7NZWS541dr2CVQsl7Gc=,8CC9zC3RGojljlpOOMylNGT1/Uc=
23,29,HexTdaUZ7NZWS541dr2CVQsl7Gc=,KawYHtVegWFmce8mS8tHUc9QSVE=
25,25,HexTdaUZ7NZWS541dr2CVQsl7Gc=,8CC9zC3RGojljlpOOMylNGT1/Uc=
28,24,HexTdaUZ7NZWS541dr2CVQsl7Gc=,8CC9zC3RGojljlpOOMylNGT1/Uc=
19,22,HexTdaUZ7NZWS541dr2CVQsl7Gc=,47Dp1X+kx6DCa+BIHQn6iGcDGhI=
30,24,HexTdaUZ7NZWS541dr2CVQsl7Gc=,8CC9zC3RGojljlpOOMylNGT1/Uc=
18,23,HexTdaUZ7NZWS541dr2CVQsl7Gc=,47Dp1X+kx6DCa+BIHQn6iGcDGhI=
20,22,HexTdaUZ7NZWS541dr2CVQsl7Gc=,47Dp1X+kx6DCa+BIHQn6iGcDGhI=
29,24,HexTdaUZ7NZWS541dr2CVQsl7Gc=,8CC9zC3RGojljlpOOMylNGT1/Uc=
17,23,HexTdaUZ7NZWS541dr2CVQsl7Gc=,47Dp1X+kx6DCa+BIHQn6iGcDGhI=
31,28,HexTdaUZ7NZWS541dr2CVQsl7Gc=,8CC9zC3RGojljlpOOMylNGT1/Uc=
19,23,HexTdaUZ7NZWS541dr2CVQsl7Gc=,47Dp1X+kx6DCa+BIHQn6iGcDGhI=
26,29,HexTdaUZ7NZWS541dr2CVQsl7Gc=,8CC9zC3RGojljlpOOMylNGT1/Uc=
25,29,HexTdaUZ7NZWS541dr2CVQsl7Gc=,8CC9zC3RGojljlpOOMylNGT1/Uc=
24,29,HexTdaUZ7NZWS541dr2CVQsl7Gc=,8CC9zC3RGojljlpOOMylNGT1/Uc=
21,22,HexTdaUZ7NZWS541dr2CVQsl7Gc=,47Dp1X+kx6DCa+BIHQn6iGcDGhI=
21,16,HexTdaUZ7NZWS541dr2CVQsl7Gc=,47Dp1X+kx6DCa+BIHQn6iGcDGhI=
19,17,HexTdaUZ7NZWS541dr2CVQsl7Gc=,47Dp1X+kx6DCa+BIHQn6iGcDGhI=
16,23,HexTdaUZ7NZWS541dr2CVQsl7Gc=,47Dp1X+kx6DCa+BIHQn6iGcDGhI=
22,19,HexTdaUZ7NZWS541dr2CVQsl7Gc=,47Dp1X+kx6DCa+BIHQn6iGcDGhI=
17,16,HexTdaUZ7NZWS541dr2CVQsl7Gc=,47Dp1X+kx6DCa+BIHQn6iGcDGhI=
16,16,HexTdaUZ7NZWS541dr2CVQsl7Gc=,47Dp1X+kx6DCa+BIHQn6iGcDGhI=
18,20,HexTdaUZ7NZWS541dr2CVQsl7Gc=,47Dp1X+kx6DCa+BIHQn6iGcDGhI=
16,19,HexTdaUZ7NZWS541dr2CVQsl7Gc=,47Dp1X+kx6DCa+BIHQn6iGcDGhI=
31,24,HexTdaUZ7NZWS541dr2CVQsl7Gc=,8CC9zC3RGojljlpOOMylNGT1/Uc=
17,20,HexTdaUZ7NZWS541dr2CVQsl7Gc=,47Dp1X+kx6DCa+BIHQn6iGcDGhI=
18,19,HexTdaUZ7NZWS541dr2CVQsl7Gc=,47Dp1X+kx6DCa+BIHQn6iGcDGhI=
23,22,HexTdaUZ7NZWS541dr2CVQsl7Gc=,47Dp1X+kx6DCa+BIHQn6iGcDGhI=
21,19,HexTdaUZ7NZWS541dr2CVQsl7Gc=,47Dp1X+kx6DCa+BIHQn6iGcDGhI=
21,18,HexTdaUZ7NZWS541dr2CVQsl7Gc=,47Dp1X+kx6DCa+BIHQn6iGcDGhI=
18,17,HexTdaUZ7NZWS541dr2CVQsl7Gc=,47Dp1X+kx6DCa+BIHQn6iGcDGhI=
23,18,HexTdaUZ7NZWS541dr2CVQsl7Gc=,47Dp1X+kx6DCa+BIHQn6iGcDGhI=
19,19,HexTdaUZ7NZWS541dr2CVQsl7Gc=,47Dp1X+kx6DCa+BIHQn6iGcDGhI=
20,18,HexTdaUZ7NZWS541dr2CVQsl7Gc=,47Dp1X+kx6DCa+BIHQn6iGcDGhI=
20,19,HexTdaUZ7NZWS541dr2CVQsl7Gc=,47Dp1X+kx6DCa+BIHQn6iGcDGhI=
17,19,HexTdaUZ7NZWS541dr2CVQsl7Gc=,47Dp1X+kx6DCa+BIHQn6iGcDGhI=
19,18,HexTdaUZ7NZWS541dr2CVQsl7Gc=,47Dp1X+kx6DCa+BIHQn6iGcDGhI=
18,18,HexTdaUZ7NZWS541dr2CVQsl7Gc=,47Dp1X+kx6DCa+BIHQn6iGcDGhI=
22,22,HexTdaUZ7NZWS541dr2CVQsl7Gc=,47Dp1X+kx6DCa+BIHQn6iGcDGhI=
17,18,HexTdaUZ7NZWS541dr2CVQsl7Gc=,47Dp1X+kx6DCa+BIHQn6iGcDGhI=
22,18,HexTdaUZ7NZWS541dr2CVQsl7Gc=,47Dp1X+kx6DCa+BIHQn6iGcDGhI=
28,13,HexTdaUZ7NZWS541dr2CVQsl7Gc=,LcP6sgcLoWRJ0lKxVWPP4d6b6mw=
26,13,HexTdaUZ7NZWS541dr2CVQsl7Gc=,LcP6sgcLoWRJ0lKxVWPP4d6b6mw=
30,12,HexTdaUZ7NZWS541dr2CVQsl7Gc=,LcP6sgcLoWRJ0lKxVWPP4d6b6mw=
27,13,HexTdaUZ7NZWS541dr2CVQsl7Gc=,LcP6sgcLoWRJ0lKxVWPP4d6b6mw=
28,12,HexTdaUZ7NZWS541dr2CVQsl7Gc=,LcP6sgcLoWRJ0lKxVWPP4d6b6mw=
29,12,HexTdaUZ7NZWS541dr2CVQsl7Gc=,LcP6sgcLoWRJ0lKxVWPP4d6b6mw=
25,12,HexTdaUZ7NZWS541dr2CVQsl7Gc=,LcP6sgcLoWRJ0lKxVWPP4d6b6mw=
30,11,HexTdaUZ7NZWS541dr2CVQsl7Gc=,LcP6sgcLoWRJ0lKxVWPP4d6b6mw=
25,13,HexTdaUZ7NZWS541dr2CVQsl7Gc=,LcP6sgcLoWRJ0lKxVWPP4d6b6mw=
29,11,HexTdaUZ7NZWS541dr2CVQsl7Gc=,LcP6sgcLoWRJ0lKxVWPP4d6b6mw=
28,11,HexTdaUZ7NZWS541dr2CVQsl7Gc=,LcP6sgcLoWRJ0lKxVWPP4d6b6mw=
27,11,HexTdaUZ7NZWS541dr2CVQsl7Gc=,LcP6sgcLoWRJ0lKxVWPP4d6b6mw=
25,11,HexTdaUZ7NZWS541dr2CVQsl7Gc=,LcP6sgcLoWRJ0lKxVWPP4d6b6mw=
26,12,HexTdaUZ7NZWS541dr2CVQsl7Gc=,LcP6sgcLoWRJ0lKxVWPP4d6b6mw=
29,10,HexTdaUZ7NZWS541dr2CVQsl7Gc=,LcP6sgcLoWRJ0lKxVWPP4d6b6mw=
30,10,HexTdaUZ7NZWS541dr2CVQsl7Gc=,LcP6sgcLoWRJ0lKxVWPP4d6b6mw=
30,9,HexTdaUZ7NZWS541dr2CVQsl7Gc=,LcP6sgcLoWRJ0lKxVWPP4d6b6mw=
27,12,HexTdaUZ7NZWS541dr2CVQsl7Gc=,LcP6sgcLoWRJ0lKxVWPP4d6b6mw=
25,10,HexTdaUZ7NZWS541dr2CVQsl7Gc=,LcP6sgcLoWRJ0lKxVWPP4d6b6mw=
29,9,HexTdaUZ7NZWS541dr2CVQsl7Gc=,LcP6sgcLoWRJ0lKxVWPP4d6b6mw=
28,9,HexTdaUZ7NZWS541dr2CVQsl7Gc=,LcP6sgcLoWRJ0lKxVWPP4d6b6mw=
25,9,HexTdaUZ7NZWS541dr2CVQsl7Gc=,LcP6sgcLoWRJ0lKxVWPP4d6b6mw=
26,9,HexTdaUZ7NZWS541dr2CVQsl7Gc=,LcP6sgcLoWRJ0lKxVWPP4d6b6mw=
29,14,HexTdaUZ7NZWS541dr2CVQsl7Gc=,LcP6sgcLoWRJ0lKxVWPP4d6b6mw=
26,11,HexTdaUZ7NZWS541dr2CVQsl7Gc=,LcP6sgcLoWRJ0lKxVWPP4d6b6mw=
27,10,HexTdaUZ7NZWS541dr2CVQsl7Gc=,LcP6sgcLoWRJ0lKxVWPP4d6b6mw=
28,14,HexTdaUZ7NZWS541dr2CVQsl7Gc=,LcP6sgcLoWRJ0lKxVWPP4d6b6mw=
27,14,HexTdaUZ7NZWS541dr2CVQsl7Gc=,LcP6sgcLoWRJ0lKxVWPP4d6b6mw=
25,14,HexTdaUZ7NZWS541dr2CVQsl7Gc=,LcP6sgcLoWRJ0lKxVWPP4d6b6mw=
30,8,HexTdaUZ7NZWS541dr2CVQsl7Gc=,LcP6sgcLoWRJ0lKxVWPP4d6b6mw=
28,10,HexTdaUZ7NZWS541dr2CVQsl7Gc=,LcP6sgcLoWRJ0lKxVWPP4d6b6mw=
28,8,HexTdaUZ7NZWS541dr2CVQsl7Gc=,LcP6sgcLoWRJ0lKxVWPP4d6b6mw=
27,8,HexTdaUZ7NZWS541dr2CVQsl7Gc=,LcP6sgcLoWRJ0lKxVWPP4d6b6mw=
30,14,HexTdaUZ7NZWS541dr2CVQsl7Gc=,LcP6sgcLoWRJ0lKxVWPP4d6b6mw=
27,9,HexTdaUZ7NZWS541dr2CVQsl7Gc=,LcP6sgcLoWRJ0lKxVWPP4d6b6mw=
26,14,HexTdaUZ7NZWS541dr2CVQsl7Gc=,LcP6sgcLoWRJ0lKxVWPP4d6b6mw=
30,13,HexTdaUZ7NZWS541dr2CVQsl7Gc=,LcP6sgcLoWRJ0lKxVWPP4d6b6mw=
26,8,HexTdaUZ7NZWS541dr2CVQsl7Gc=,LcP6sgcLoWRJ0lKxVWPP4d6b6mw=
26,10,HexTdaUZ7NZWS541dr2CVQsl7Gc=,LcP6sgcLoWRJ0lKxVWPP4d6b6mw=
29,8,HexTdaUZ7NZWS541dr2CVQsl7Gc=,LcP6sgcLoWRJ0lKxVWPP4d6b6mw=
25,15,HexTdaUZ7NZWS541dr2CVQsl7Gc=,LcP6sgcLoWRJ0lKxVWPP4d6b6mw=
27,15,HexTdaUZ7NZWS541dr2CVQsl7Gc=,LcP6sgcLoWRJ0lKxVWPP4d6b6mw=
30,15,HexTdaUZ7NZWS541dr2CVQsl7Gc=,LcP6sgcLoWRJ0lKxVWPP4d6b6mw=
29,15,HexTdaUZ7NZWS541dr2CVQsl7Gc=,LcP6sgcLoWRJ0lKxVWPP4d6b6mw=
25,8,HexTdaUZ7NZWS541dr2CVQsl7Gc=,LcP6sgcLoWRJ0lKxVWPP4d6b6mw=
29,13,HexTdaUZ7NZWS541dr2CVQsl7Gc=,LcP6sgcLoWRJ0lKxVWPP4d6b6mw=
28,15,HexTdaUZ7NZWS541dr2CVQsl7Gc=,LcP6sgcLoWRJ0lKxVWPP4d6b6mw=
26,15,HexTdaUZ7NZWS541dr2CVQsl7Gc=,LcP6sgcLoWRJ0lKxVWPP4d6b6mw=
31,12,HexTdaUZ7NZWS541dr2CVQsl7Gc=,LcP6sgcLoWRJ0lKxVWPP4d6b6mw=
31,13,HexTdaUZ7NZWS541dr2CVQsl7Gc=,LcP6sgcLoWRJ0lKxVWPP4d6b6mw=
31,9,HexTdaUZ7NZWS541dr2CVQsl7Gc=,LcP6sgcLoWRJ0lKxVWPP4d6b6mw=
31,10,HexTdaUZ7NZWS541dr2CVQsl7Gc=,LcP6sgcLoWRJ0lKxVWPP4d6b6mw=
31,11,HexTdaUZ7NZWS541dr2CVQsl7Gc=,LcP6sgcLoWRJ0lKxVWPP4d6b6mw=
31,15,HexTdaUZ7NZWS541dr2CVQsl7Gc=,LcP6sgcLoWRJ0lKxVWPP4d6b6mw=
31,8,HexTdaUZ7NZWS541dr2CVQsl7Gc=,LcP6sgcLoWRJ0lKxVWPP4d6b6mw=
31,14,HexTdaUZ7NZWS541dr2CVQsl7Gc=,LcP6sgcLoWRJ0lKxVWPP4d6b6mw=
19,0,HexTdaUZ7NZWS541dr2CVQsl7Gc=,4prMCjChUaSivhSy8rcj78WxCVk=
19,5,HexTdaUZ7NZWS541dr2CVQsl7Gc=,4prMCjChUaSivhSy8rcj78WxCVk=
22,4,HexTdaUZ7NZWS541dr2CVQsl7Gc=,4prMCjChUaSivhSy8rcj78WxCVk=
20,2,HexTdaUZ7NZWS541dr2CVQsl7Gc=,4prMCjChUaSivhSy8rcj78WxCVk=
18,5,HexTdaUZ7NZWS541dr2CVQsl7Gc=,4prMCjChUaSivhSy8rcj78WxCVk=
21,5,HexTdaUZ7NZWS541dr2CVQsl7Gc=,4prMCjChUaSivhSy8rcj78WxCVk=
20,5,HexTdaUZ7NZWS541dr2CVQsl7Gc=,4prMCjChUaSivhSy8rcj78WxCVk=
21,4,HexTdaUZ7NZWS541dr2CVQsl7Gc=,4prMCjChUaSivhSy8rcj78WxCVk=
20,4,HexTdaUZ7NZWS541dr2CVQsl7Gc=,4prMCjChUaSivhSy8rcj78WxCVk=
19,4,HexTdaUZ7NZWS541dr2CVQsl7Gc=,4prMCjChUaSivhSy8rcj78WxCVk=
23,3,HexTdaUZ7NZWS541dr2CVQsl7Gc=,4prMCjChUaSivhSy8rcj78WxCVk=
20,6,HexTdaUZ7NZWS541dr2CVQsl7Gc=,4prMCjChUaSivhSy8rcj78WxCVk=
17,5,HexTdaUZ7NZWS541dr2CVQsl7Gc=,4prMCjChUaSivhSy8rcj78WxCVk=
18,4,HexTdaUZ7NZWS541dr2CVQsl7Gc=,4prMCjChUaSivhSy8rcj78WxCVk=
16,0,HexTdaUZ7NZWS541dr2CVQsl7Gc=,4prMCjChUaSivhSy8rcj78WxCVk=
19,6,HexTdaUZ7NZWS541dr2CVQsl7Gc=,4prMCjChUaSivhSy8rcj78WxCVk=
20,1,HexTdaUZ7NZWS541dr2CVQsl7Gc=,4prMCjChUaSivhSy8rcj78WxCVk=
21,6,HexTdaUZ7NZWS541dr2CVQsl7Gc=,4prMCjChUaSivhSy8rcj78WxCVk=
21,1,HexTdaUZ7NZWS541dr2CVQsl7Gc=,4prMCjChUaSivhSy8rcj78WxCVk=
23,4,HexTdaUZ7NZWS541dr2CVQsl7Gc=,4prMCjChUaSivhSy8rcj78WxCVk=
16,4,HexTdaUZ7NZWS541dr2CVQsl7Gc=,4prMCjChUaSivhSy8rcj78WxCVk=
22,1,HexTdaUZ7NZWS541dr2CVQsl7Gc=,4prMCjChUaSivhSy8rcj78WxCVk=
17,1,HexTdaUZ7NZWS541dr2CVQsl7Gc=,4prMCjChUaSivhSy8rcj78WxCVk=
18,0,HexTdaUZ7NZWS541dr2CVQsl7Gc=,4prMCjChUaSivhSy8rcj78WxCVk=
23,1,HexTdaUZ7NZWS541dr2CVQsl7Gc=,4prMCjChUaSivhSy8rcj78WxCVk=
19,2,HexTdaUZ7NZWS541dr2CVQsl7Gc=,4prMCjChUaSivhSy8rcj78WxCVk=
21,2,HexTdaUZ7NZWS541dr2CVQsl7Gc=,4prMCjChUaSivhSy8rcj78WxCVk=
17,3,HexTdaUZ7NZWS541dr2CVQsl7Gc=,4prMCjChUaSivhSy8rcj78WxCVk=
16,3,HexTdaUZ7NZWS541dr2CVQsl7Gc=,4prMCjChUaSivhSy8rcj78WxCVk=
23,0,HexTdaUZ7NZWS541dr2CVQsl7Gc=,4prMCjChUaSivhSy8rcj78WxCVk=
22,0,HexTdaUZ7NZWS541dr2CVQsl7Gc=,4prMCjChUaSivhSy8rcj78WxCVk=
21,0,HexTdaUZ7NZWS541dr2CVQsl7Gc=,4prMCjChUaSivhSy8rcj78WxCVk=
21,3,HexTdaUZ7NZWS541dr2CVQsl7Gc=,4prMCjChUaSivhSy8rcj78WxCVk=
18,1,HexTdaUZ7NZWS541dr2CVQsl7Gc=,4prMCjChUaSivhSy8rcj78WxCVk=
20,0,HexTdaUZ7NZWS541dr2CVQsl7Gc=,4prMCjChUaSivhSy8rcj78WxCVk=
22,3,HexTdaUZ7NZWS541dr2CVQsl7Gc=,4prMCjChUaSivhSy8rcj78WxCVk=
16,2,HexTdaUZ7NZWS541dr2CVQsl7Gc=,4prMCjChUaSivhSy8rcj78WxCVk=
16,5,HexTdaUZ7NZWS541dr2CVQsl7Gc=,4prMCjChUaSivhSy8rcj78WxCVk=
19,1,HexTdaUZ7NZWS541dr2CVQsl7Gc=,4prMCjChUaSivhSy8rcj78WxCVk=
17,4,HexTdaUZ7NZWS541dr2CVQsl7Gc=,4prMCjChUaSivhSy8rcj78WxCVk=
18,2,HexTdaUZ7NZWS541dr2CVQsl7Gc=,4prMCjChUaSivhSy8rcj78WxCVk=
18,3,HexTdaUZ7NZWS541dr2CVQsl7Gc=,4prMCjChUaSivhSy8rcj78WxCVk=
17,0,HexTdaUZ7NZWS541dr2CVQsl7Gc=,4prMCjChUaSivhSy8rcj78WxCVk=
16,1,HexTdaUZ7NZWS541dr2CVQsl7Gc=,4prMCjChUaSivhSy8rcj78WxCVk=
20,3,HexTdaUZ7NZWS541dr2CVQsl7Gc=,4prMCjChUaSivhSy8rcj78WxCVk=
18,6,HexTdaUZ7NZWS541dr2CVQsl7Gc=,4prMCjChUaSivhSy8rcj78WxCVk=
17,6,HexTdaUZ7NZWS541dr2CVQsl7Gc=,4prMCjChUaSivhSy8rcj78WxCVk=
22,2,HexTdaUZ7NZWS541dr2CVQsl7Gc=,4prMCjChUaSivhSy8rcj78WxCVk=
23,5,HexTdaUZ7NZWS541dr2CVQsl7Gc=,4prMCjChUaSivhSy8rcj78WxCVk=
19,3,HexTdaUZ7NZWS541dr2CVQsl7Gc=,4prMCjChUaSivhSy8rcj78WxCVk=
23,2,HexTdaUZ7NZWS541dr2CVQsl7Gc=,4prMCjChUaSivhSy8rcj78WxCVk=
23,6,HexTdaUZ7NZWS541dr2CVQsl7Gc=,4prMCjChUaSivhSy8rcj78WxCVk=
22,6,HexTdaUZ7NZWS541dr2CVQsl7Gc=,4prMCjChUaSivhSy8rcj78WxCVk=
22,5,HexTdaUZ7NZWS541dr2CVQsl7Gc=,4prMCjChUaSivhSy8rcj78WxCVk=
16,6,HexTdaUZ7NZWS541dr2CVQsl7Gc=,4prMCjChUaSivhSy8rcj78WxCVk=
17,2,HexTdaUZ7NZWS541dr2CVQsl7Gc=,4prMCjChUaSivhSy8rcj78WxCVk=
20,7,HexTdaUZ7NZWS541dr2CVQsl7Gc=,4prMCjChUaSivhSy8rcj78WxCVk=
21,7,HexTdaUZ7NZWS541dr2CVQsl7Gc=,4prMCjChUaSivhSy8rcj78WxCVk=
19,7,HexTdaUZ7NZWS541dr2CVQsl7Gc=,4prMCjChUaSivhSy8rcj78WxCVk=
23,14,HexTdaUZ7NZWS541dr2CVQsl7Gc=,44iQvTP4EN00yCRS3Egvpv4nePU=
22,14,HexTdaUZ7NZWS541dr2CVQsl7Gc=,44iQvTP4EN00yCRS3Egvpv4nePU=
24,13,HexTdaUZ7NZWS541dr2CVQsl7Gc=,LcP6sgcLoWRJ0lKxVWPP4d6b6mw=
19,15,HexTdaUZ7NZWS541dr2CVQsl7Gc=,44iQvTP4EN00yCRS3Egvpv4nePU=
18,15,HexTdaUZ7NZWS541dr2CVQsl7Gc=,44iQvTP4EN00yCRS3Egvpv4nePU=
21,14,HexTdaUZ7NZWS541dr2CVQsl7Gc=,44iQvTP4EN00yCRS3Egvpv4nePU=
22,7,HexTdaUZ7NZWS541dr2CVQsl7Gc=,4prMCjChUaSivhSy8rcj78WxCVk=
23,7,HexTdaUZ7NZWS541dr2CVQsl7Gc=,4prMCjChUaSivhSy8rcj78WxCVk=
18,7,HexTdaUZ7NZWS541dr2CVQsl7Gc=,4prMCjChUaSivhSy8rcj78WxCVk=
24,12,HexTdaUZ7NZWS541dr2CVQsl7Gc=,LcP6sgcLoWRJ0lKxVWPP4d6b6mw=
24,11,HexTdaUZ7NZWS541dr2CVQsl7Gc=,LcP6sgcLoWRJ0lKxVWPP4d6b6mw=
17,7,HexTdaUZ7NZWS541dr2CVQsl7Gc=,4prMCjChUaSivhSy8rcj78WxCVk=
19,14,HexTdaUZ7NZWS541dr2CVQsl7Gc=,44iQvTP4EN00yCRS3Egvpv4nePU=
16,8,HexTdaUZ7NZWS541dr2CVQsl7Gc=,44iQvTP4EN00yCRS3Egvpv4nePU=
24,10,HexTdaUZ7NZWS541dr2CVQsl7Gc=,LcP6sgcLoWRJ0lKxVWPP4d6b6mw=
16,14,HexTdaUZ7NZWS541dr2CVQsl7Gc=,44iQvTP4EN00yCRS3Egvpv4nePU=
22,13,HexTdaUZ7NZWS541dr2CVQsl7Gc=,44iQvTP4EN00yCRS3Egvpv4nePU=
17,8,HexTdaUZ7NZWS541dr2CVQsl7Gc=,44iQvTP4EN00yCRS3Egvpv4nePU=
17,14,HexTdaUZ7NZWS541dr2CVQsl7Gc=,44iQvTP4EN00yCRS3Egvpv4nePU=
21,13,HexTdaUZ7NZWS541dr2CVQsl7Gc=,44iQvTP4EN00yCRS3Egvpv4nePU=
18,14,HexTdaUZ7NZWS541dr2CVQsl7Gc=,44iQvTP4EN00yCRS3Egvpv4nePU=
23,13,HexTdaUZ7NZWS541dr2CVQsl7Gc=,44iQvTP4EN00yCRS3Egvpv4nePU=
20,14,HexTdaUZ7NZWS541dr2CVQsl7Gc=,44iQvTP4EN00yCRS3Egvpv4nePU=
16,7,HexTdaUZ7NZWS541dr2CVQsl7Gc=,4prMCjChUaSivhSy8rcj78WxCVk=
18,13,HexTdaUZ7NZWS541dr2CVQsl7Gc=,44iQvTP4EN00yCRS3Egvpv4nePU=
17,13,HexTdaUZ7NZWS541dr2CVQsl7Gc=,44iQvTP4EN00yCRS3Egvpv4nePU=
19,12,HexTdaUZ7NZWS541dr2CVQsl7Gc=,44iQvTP4EN00yCRS3Egvpv4nePU=
18,12,HexTdaUZ7NZWS541dr2CVQsl7Gc=,44iQvTP4EN00yCRS3Egvpv4nePU=
19,13,HexTdaUZ7NZWS541dr2CVQsl7Gc=,44iQvTP4EN00yCRS3Egvpv4nePU=
22,11,HexTdaUZ7NZWS541dr2CVQsl7Gc=,44iQvTP4EN00yCRS3Egvpv4nePU=
23,11,HexTdaUZ7NZWS541dr2CVQsl7Gc=,44iQvTP4EN00yCRS3Egvpv4nePU=
16,13,HexTdaUZ7NZWS541dr2CVQsl7Gc=,44iQvTP4EN00yCRS3Egvpv4nePU=
20,12,HexTdaUZ7NZWS541dr2CVQsl7Gc=,44iQvTP4EN00yCRS3Egvpv4nePU=
20,15,HexTdaUZ7NZWS541dr2CVQsl7Gc=,44iQvTP4EN00yCRS3Egvpv4nePU=
17,12,HexTdaUZ7NZWS541dr2CVQsl7Gc=,44iQvTP4EN00yCRS3Egvpv4nePU=
19,11,HexTdaUZ7NZWS541dr2CVQsl7Gc=,44iQvTP4EN00yCRS3Egvpv4nePU=
17,15,HexTdaUZ7NZWS541dr2CVQsl7Gc=,44iQvTP4EN00yCRS3Egvpv4nePU=
20,11,HexTdaUZ7NZWS541dr2CVQsl7Gc=,44iQvTP4EN00yCRS3Egvpv4nePU=
20,13,HexTdaUZ7NZWS541dr2CVQsl7Gc=,44iQvTP4EN00yCRS3Egvpv4nePU=
16,15,HexTdaUZ7NZWS541dr2CVQsl7Gc=,44iQvTP4EN00yCRS3Egvpv4nePU=
21,12,HexTdaUZ7NZWS541dr2CVQsl7Gc=,44iQvTP4EN00yCRS3Egvpv4nePU=
22,12,HexTdaUZ7NZWS541dr2CVQsl7Gc=,44iQvTP4EN00yCRS3Egvpv4nePU=
23,12,HexTdaUZ7NZWS541dr2CVQsl7Gc=,44iQvTP4EN00yCRS3Egvpv4nePU=
24,9,HexTdaUZ7NZWS541dr2CVQsl7Gc=,LcP6sgcLoWRJ0lKxVWPP4d6b6mw=
24,14,HexTdaUZ7NZWS541dr2CVQsl7Gc=,LcP6sgcLoWRJ0lKxVWPP4d6b6mw=
21,10,HexTdaUZ7NZWS541dr2CVQsl7Gc=,44iQvTP4EN00yCRS3Egvpv4nePU=
22,10,HexTdaUZ7NZWS541dr2CVQsl7Gc=,44iQvTP4EN00yCRS3Egvpv4nePU=
18,8,HexTdaUZ7NZWS541dr2CVQsl7Gc=,44iQvTP4EN00yCRS3Egvpv4nePU=
16,11,HexTdaUZ7NZWS541dr2CVQsl7Gc=,44iQvTP4EN00yCRS3Egvpv4nePU=
23,15,HexTdaUZ7NZWS541dr2CVQsl7Gc=,44iQvTP4EN00yCRS3Egvpv4nePU=
24,8,HexTdaUZ7NZWS541dr2CVQsl7Gc=,LcP6sgcLoWRJ0lKxVWPP4d6b6mw=
18,10,HexTdaUZ7NZWS541dr2CVQsl7Gc=,44iQvTP4EN00yCRS3Egvpv4nePU=
22,9,HexTdaUZ7NZWS541dr2CVQsl7Gc=,44iQvTP4EN00yCRS3Egvpv4nePU=
20,10,HexTdaUZ7NZWS541dr2CVQsl7Gc=,44iQvTP4EN00yCRS3Egvpv4nePU=
16,10,HexTdaUZ7NZWS541dr2CVQsl7Gc=,44iQvTP4EN00yCRS3Egvpv4nePU=
21,9,HexTdaUZ7NZWS541dr2CVQsl7Gc=,44iQvTP4EN00yCRS3Egvpv4nePU=
19,10,HexTdaUZ7NZWS541dr2CVQsl7Gc=,44iQvTP4EN00yCRS3Egvpv4nePU=
23,9,HexTdaUZ7NZWS541dr2CVQsl7Gc=,44iQvTP4EN00yCRS3Egvpv4nePU=
16,12,HexTdaUZ7NZWS541dr2CVQsl7Gc=,44iQvTP4EN00yCRS3Egvpv4nePU=
21,11,HexTdaUZ7NZWS541dr2CVQsl7Gc=,44iQvTP4EN00yCRS3Egvpv4nePU=
24,15,HexTdaUZ7NZWS541dr2CVQsl7Gc=,LcP6sgcLoWRJ0lKxVWPP4d6b6mw=
17,9,HexTdaUZ7NZWS541dr2CVQsl7Gc=,44iQvTP4EN00yCRS3Egvpv4nePU=
17,11,HexTdaUZ7NZWS541dr2CVQsl7Gc=,44iQvTP4EN00yCRS3Egvpv4nePU=
18,9,HexTdaUZ7NZWS541dr2CVQsl7Gc=,44iQvTP4EN00yCRS3Egvpv4nePU=
19,8,HexTdaUZ7NZWS541dr2CVQsl7Gc=,44iQvTP4EN00yCRS3Egvpv4nePU=
20,9,HexTdaUZ7NZWS541dr2CVQsl7Gc=,44iQvTP4EN00yCRS3Egvpv4nePU=
18,11,HexTdaUZ7NZWS541dr2CVQsl7Gc=,44iQvTP4EN00yCRS3Egvpv4nePU=
16,9,HexTdaUZ7NZWS541dr2CVQsl7Gc=,44iQvTP4EN00yCRS3Egvpv4nePU=
23,10,HexTdaUZ7NZWS541dr2CVQsl7Gc=,44iQvTP4EN00yCRS3Egvpv4nePU=
19,9,HexTdaUZ7NZWS541dr2CVQsl7Gc=,44iQvTP4EN00yCRS3Egvpv4nePU=
17,10,HexTdaUZ7NZWS541dr2CVQsl7Gc=,44iQvTP4EN00yCRS3Egvpv4nePU=
22,8,HexTdaUZ7NZWS541dr2CVQsl7Gc=,44iQvTP4EN00yCRS3Egvpv4nePU=
21,8,HexTdaUZ7NZWS541dr2CVQsl7Gc=,44iQvTP4EN00yCRS3Egvpv4nePU=
23,8,HexTdaUZ7NZWS541dr2CVQsl7Gc=,44iQvTP4EN00yCRS3Egvpv4nePU=
20,8,HexTdaUZ7NZWS541dr2CVQsl7Gc=,44iQvTP4EN00yCRS3Egvpv4nePU=
22,15,HexTdaUZ7NZWS541dr2CVQsl7Gc=,44iQvTP4EN00yCRS3Egvpv4nePU=
21,15,HexTdaUZ7NZWS541dr2CVQsl7Gc=,44iQvTP4EN00yCRS3Egvpv4nePU=
