0,0,vRckiPR33L1kcoL9uiYYC8yXd2A=,ZAsA1ElwkWw17TGe3S0K+r0w7IQ=
0,1,avzGA8kdUpWcYYamJpj2PwxfvJc=,yOARhm49y7MhIfsAaNDHSSpPDcs=
0,2,avzGA8kdUpWcYYamJpj2PwxfvJc=,AAdUYwjJmxAM2ydBFSbWZ4rppXw=
0,3,EohmczVO52j26MWHUNJ2l+OA+Jk=,FMVQvRsEu6BkPBQ5U/kl5zPkzXo=
14,14,avzGA8kdUpWcYYamJpj2PwxfvJc=,uI1e4llkAY+cjvXJMFKxBRCDPBY=
14,15,avzGA8kdUpWcYYamJpj2PwxfvJc=,00vFtVtwV205mwJE8PL9VYcWfPc=
0,4,EohmczVO52j26MWHUNJ2l+OA+Jk=,+/dAyZwLNfXWzjt+UGqAut1lwPk=
15,15,avzGA8kdUpWcYYamJpj2PwxfvJc=,QRks2MvG4bAKBnEBHqtmgESEqWc=
0,5,EohmczVO52j26MWHUNJ2l+OA+Jk=,+/dAyZwLNfXWzjt+UGqAut1lwPk=
15,14,avzGA8kdUpWcYYamJpj2PwxfvJc=,Ra2GN9XyC43XQMJlNdDciltwqxI=
0,6,EohmczVO52j26MWHUNJ2l+OA+Jk=,vGQ0d4OtRoeSMzFaQ8MX71Bd6gI=
1,1,avzGA8kdUpWcYYamJpj2PwxfvJc=,FlM78ZH1lqVMrH+DdDlCnEoNuK4=
1,0,7fbitdfWpHYNWqNzB4xRmyhJjnU=,/5vU/XzVnjf+O52EhwKz4tLgrrs=
1,3,EohmczVO52j26MWHUNJ2l+OA+Jk=,/MQh5lfqqCi9apPYAt/CD04fLD8=
1,2,avzGA8kdUpWcYYamJpj2PwxfvJc=,QRks2MvG4bAKBnEBHqtmgESEqWc=
15,16,avzGA8kdUpWcYYamJpj2PwxfvJc=,w7AHdmmzCEvxox7DyrOqREe1mxI=
1,5,EohmczVO52j26MWHUNJ2l+OA+Jk=,+/dAyZwLNfXWzjt+UGqAut1lwPk=
1,7,EohmczVO52j26MWHUNJ2l+OA+Jk=,/MQh5lfqqCi9apPYAt/CD04fLD8=
1,6,EohmczVO52j26MWHUNJ2l+OA+Jk=,+/dAyZwLNfXWzjt+UGqAut1lwPk=
1,4,EohmczVO52j26MWHUNJ2l+OA+Jk=,+/dAyZwLNfXWzjt+UGqAut1lwPk=
1,9,EohmczVO52j26MWHUNJ2l+OA+Jk=,+/dAyZwLNfXWzjt+UGqAut1lwPk=
1,8,EohmczVO52j26MWHUNJ2l+OA+Jk=,+/dAyZwLNfXWzjt+UGqAut1lwPk=
2,2,avzGA8kdUpWcYYamJpj2PwxfvJc=,FlM78ZH1lqVMrH+DdDlCnEoNuK4=
2,3,avzGA8kdUpWcYYamJpj2PwxfvJc=,Ue29ARXKubJ1APCOcRQ/gN3PmaM=
2,1,EohmczVO52j26MWHUNJ2l+OA+Jk=,/MQh5lfqqCi9apPYAt/CD04fLD8=
2,4,EohmczVO52j26MWHUNJ2l+OA+Jk=,+/dAyZwLNfXWzjt+UGqAut1lwPk=
2,5,EohmczVO52j26MWHUNJ2l+OA+Jk=,/MQh5lfqqCi9apPYAt/CD04fLD8=
2,10,EohmczVO52j26MWHUNJ2l+OA+Jk=,FMVQvRsEu6BkPBQ5U/kl5zPkzXo=
2,11,EohmczVO52j26MWHUNJ2l+OA+Jk=,FMVQvRsEu6BkPBQ5U/kl5zPkzXo=
2,9,EohmczVO52j26MWHUNJ2l+OA+Jk=,FMVQvRsEu6BkPBQ5U/kl5zPkzXo=
2,6,EohmczVO52j26MWHUNJ2l+OA+Jk=,+/dAyZwLNfXWzjt+UGqAut1lwPk=
16,15,avzGA8kdUpWcYYamJpj2PwxfvJc=,Ra2GN9XyC43XQMJlNdDciltwqxI=
2,7,EohmczVO52j26MWHUNJ2l+OA+Jk=,+/dAyZwLNfXWzjt+UGqAut1lwPk=
2,8,EohmczVO52j26MWHUNJ2l+OA+Jk=,+/dAyZwLNfXWzjt+UGqAut1lwPk=
2,12,EohmczVO52j26MWHUNJ2l+OA+Jk=,+/dAyZwLNfXWzjt+UGqAut1lwPk=
2,13,EohmczVO52j26MWHUNJ2l+OA+Jk=,vGQ0d4OtRoeSMzFaQ8MX71Bd6gI=
3,3,avzGA8kdUpWcYYamJpj2PwxfvJc=,jyIN3idx1qv4XLm2v0ATVxuRdVc=
3,2,EohmczVO52j26MWHUNJ2l+OA+Jk=,/MQh5lfqqCi9apPYAt/CD04fLD8=
3,4,avzGA8kdUpWcYYamJpj2PwxfvJc=,Avo3q6Ly7LSdKY3PYXrHHdEFw0A=
4,4,avzGA8kdUpWcYYamJpj2PwxfvJc=,Qjwvl6JGxepUmNnMSHV93+Txym0=
4,5,avzGA8kdUpWcYYamJpj2PwxfvJc=,jG8G2xSmeqUpBPf6ES0lYy1RZZs=
4,3,EohmczVO52j26MWHUNJ2l+OA+Jk=,/MQh5lfqqCi9apPYAt/CD04fLD8=
5,5,avzGA8kdUpWcYYamJpj2PwxfvJc=,+AyMmCPZu4AO7IxFSRDMXbXnViQ=
5,4,EohmczVO52j26MWHUNJ2l+OA+Jk=,QWWZA0ZOLeyn9LqO2H/aCw4SDE4=
5,6,avzGA8kdUpWcYYamJpj2PwxfvJc=,qwdNPzz0CnqnVApiMACn7DSWBDg=
5,3,EohmczVO52j26MWHUNJ2l+OA+Jk=,FL/hBldyik+rj/9syhlo2isUZe4=
6,6,avzGA8kdUpWcYYamJpj2PwxfvJc=,rcHDtg2nH0SYa8y5IulXg7JI6Lw=
6,7,avzGA8kdUpWcYYamJpj2PwxfvJc=,zWtjuIKAMwtcHoElgTmj/YXAreA=
6,4,EohmczVO52j26MWHUNJ2l+OA+Jk=,FL/hBldyik+rj/9syhlo2isUZe4=
6,5,EohmczVO52j26MWHUNJ2l+OA+Jk=,yD7Rg7Cp994Drx1uov/l+SagWhQ=
6,3,EohmczVO52j26MWHUNJ2l+OA+Jk=,FL/hBldyik+rj/9syhlo2isUZe4=
7,7,avzGA8kdUpWcYYamJpj2PwxfvJc=,rcHDtg2nH0SYa8y5IulXg7JI6Lw=
7,4,EohmczVO52j26MWHUNJ2l+OA+Jk=,FL/hBldyik+rj/9syhlo2isUZe4=
7,8,avzGA8kdUpWcYYamJpj2PwxfvJc=,zWtjuIKAMwtcHoElgTmj/YXAreA=
8,8,avzGA8kdUpWcYYamJpj2PwxfvJc=,rcHDtg2nH0SYa8y5IulXg7JI6Lw=
8,9,avzGA8kdUpWcYYamJpj2PwxfvJc=,zWtjuIKAMwtcHoElgTmj/YXAreA=
8,4,EohmczVO52j26MWHUNJ2l+OA+Jk=,FL/hBldyik+rj/9syhlo2isUZe4=
9,9,avzGA8kdUpWcYYamJpj2PwxfvJc=,rcHDtg2nH0SYa8y5IulXg7JI6Lw=
9,10,avzGA8kdUpWcYYamJpj2PwxfvJc=,zWtjuIKAMwtcHoElgTmj/YXAreA=
9,4,EohmczVO52j26MWHUNJ2l+OA+Jk=,FL/hBldyik+rj/9syhlo2isUZe4=
10,10,avzGA8kdUpWcYYamJpj2PwxfvJc=,+AyMmCPZu4AO7IxFSRDMXbXnViQ=
10,11,avzGA8kdUpWcYYamJpj2PwxfvJc=,zWtjuIKAMwtcHoElgTmj/YXAreA=
10,9,EohmczVO52j26MWHUNJ2l+OA+Jk=,yD7Rg7Cp994Drx1uov/l+SagWhQ=
10,4,EohmczVO52j26MWHUNJ2l+OA+Jk=,FL/hBldyik+rj/9syhlo2isUZe4=
11,11,avzGA8kdUpWcYYamJpj2PwxfvJc=,+AyMmCPZu4AO7IxFSRDMXbXnViQ=
11,10,EohmczVO52j26MWHUNJ2l+OA+Jk=,yD7Rg7Cp994Drx1uov/l+SagWhQ=
11,12,avzGA8kdUpWcYYamJpj2PwxfvJc=,zWtjuIKAMwtcHoElgTmj/YXAreA=
11,4,EohmczVO52j26MWHUNJ2l+OA+Jk=,GPK2JbeambveaUQuX/g1pS3GcOY=
12,12,avzGA8kdUpWcYYamJpj2PwxfvJc=,+AyMmCPZu4AO7IxFSRDMXbXnViQ=
12,13,EohmczVO52j26MWHUNJ2l+OA+Jk=,FL/hBldyik+rj/9syhlo2isUZe4=
12,11,EohmczVO52j26MWHUNJ2l+OA+Jk=,yD7Rg7Cp994Drx1uov/l+SagWhQ=
12,4,EohmczVO52j26MWHUNJ2l+OA+Jk=,FL/hBldyik+rj/9syhlo2isUZe4=
12,5,EohmczVO52j26MWHUNJ2l+OA+Jk=,GPK2JbeambveaUQuX/g1pS3GcOY=
12,8,EohmczVO52j26MWHUNJ2l+OA+Jk=,FL/hBldyik+rj/9syhlo2isUZe4=
12,9,EohmczVO52j26MWHUNJ2l+OA+Jk=,FL/hBldyik+rj/9syhlo2isUZe4=
12,10,EohmczVO52j26MWHUNJ2l+OA+Jk=,FL/hBldyik+rj/9syhlo2isUZe4=
12,6,EohmczVO52j26MWHUNJ2l+OA+Jk=,FL/hBldyik+rj/9syhlo2isUZe4=
12,7,EohmczVO52j26MWHUNJ2l+OA+Jk=,FL/hBldyik+rj/9syhlo2isUZe4=
13,13,avzGA8kdUpWcYYamJpj2PwxfvJc=,QRks2MvG4bAKBnEBHqtmgESEqWc=
13,12,avzGA8kdUpWcYYamJpj2PwxfvJc=,OOJKZBRgUQtCqAmlrypaCRWU6OE=
13,9,EohmczVO52j26MWHUNJ2l+OA+Jk=,FL/hBldyik+rj/9syhlo2isUZe4=
13,8,EohmczVO52j26MWHUNJ2l+OA+Jk=,FL/hBldyik+rj/9syhlo2isUZe4=
13,11,EohmczVO52j26MWHUNJ2l+OA+Jk=,FL/hBldyik+rj/9syhlo2isUZe4=
13,10,EohmczVO52j26MWHUNJ2l+OA+Jk=,FL/hBldyik+rj/9syhlo2isUZe4=
13,14,EohmczVO52j26MWHUNJ2l+OA+Jk=,yD7Rg7Cp994Drx1uov/l+SagWhQ=
14,13,avzGA8kdUpWcYYamJpj2PwxfvJc=,4K6h+pJi9Vl2ypp2RAgeD5BLjpE=
16,16,avzGA8kdUpWcYYamJpj2PwxfvJc=,k8P15V9u+1PWL7nY4Wc0kD2Zdn4=
17,17,KESBcFxkYwikpNqPINu3j+akbwg=,wbMXVhrs2zG12QF5nbYxlc9d/c4=
17,18,KESBcFxkYwikpNqPINu3j+akbwg=,wbMXVhrs2zG12QF5nbYxlc9d/c4=
16,17,KESBcFxkYwikpNqPINu3j+akbwg=,+EjBBzZBRpVwo9WPnUcScPXx2uA=
18,18,KESBcFxkYwikpNqPINu3j+akbwg=,SUqvpBjOT6QQvu8Zn5d4MemrTWM=
18,19,KESBcFxkYwikpNqPINu3j+akbwg=,+EjBBzZBRpVwo9WPnUcScPXx2uA=
19,19,KESBcFxkYwikpNqPINu3j+akbwg=,wQViK5fGp7avsX+wO9CXZenOO90=
20,20,KESBcFxkYwikpNqPINu3j+akbwg=,wbMXVhrs2zG12QF5nbYxlc9d/c4=
20,21,KESBcFxkYwikpNqPINu3j+akbwg=,wQViK5fGp7avsX+wO9CXZenOO90=
20,22,KESBcFxkYwikpNqPINu3j+akbwg=,wQViK5fGp7avsX+wO9CXZenOO90=
19,20,KESBcFxkYwikpNqPINu3j+akbwg=,SUqvpBjOT6QQvu8Zn5d4MemrTWM=
21,21,KESBcFxkYwikpNqPINu3j+akbwg=,SUqvpBjOT6QQvu8Zn5d4MemrTWM=
21,23,KESBcFxkYwikpNqPINu3j+akbwg=,SUqvpBjOT6QQvu8Zn5d4MemrTWM=
21,22,KESBcFxkYwikpNqPINu3j+akbwg=,SUqvpBjOT6QQvu8Zn5d4MemrTWM=
20,23,KESBcFxkYwikpNqPINu3j+akbwg=,SUqvpBjOT6QQvu8Zn5d4MemrTWM=
13,15,KESBcFxkYwikpNqPINu3j+akbwg=,+EjBBzZBRpVwo9WPnUcScPXx2uA=
2,0,7fbitdfWpHYNWqNzB4xRmyhJjnU=,X4GW/3joHeoiF04ipqeGFIcWg1I=
3,0,7fbitdfWpHYNWqNzB4xRmyhJjnU=,fcsibq18Lqc8UUCmA+IUFep/Kzo=
