-17,2,vcCnMNyOVTbWipKOe/7y+YzPj7g=,UJkf2bGUnhGtxcIPUHyoq5cvhPs=
-17,0,vcCnMNyOVTbWipKOe/7y+YzPj7g=,UJkf2bGUnhGtxcIPUHyoq5cvhPs=
-16,0,vcCnMNyOVTbWipKOe/7y+YzPj7g=,XMKvKK1PUHHl2IZQI4N43unK+nQ=
-16,1,vcCnMNyOVTbWipKOe/7y+YzPj7g=,XMKvKK1PUHHl2IZQI4N43unK+nQ=
-16,2,vcCnMNyOVTbWipKOe/7y+YzPj7g=,XMKvKK1PUHHl2IZQI4N43unK+nQ=
-15,0,vcCnMNyOVTbWipKOe/7y+YzPj7g=,XMKvKK1PUHHl2IZQI4N43unK+nQ=
-15,2,vcCnMNyOVTbWipKOe/7y+YzPj7g=,XMKvKK1PUHHl2IZQI4N43unK+nQ=
-14,2,vcCnMNyOVTbWipKOe/7y+YzPj7g=,XMKvKK1PUHHl2IZQI4N43unK+nQ=
-14,0,vcCnMNyOVTbWipKOe/7y+YzPj7g=,XMKvKK1PUHHl2IZQI4N43unK+nQ=
-13,2,vcCnMNyOVTbWipKOe/7y+YzPj7g=,XMKvKK1PUHHl2IZQI4N43unK+nQ=
-13,1,vcCnMNyOVTbWipKOe/7y+YzPj7g=,XMKvKK1PUHHl2IZQI4N43unK+nQ=
-13,0,vcCnMNyOVTbWipKOe/7y+YzPj7g=,XMKvKK1PUHHl2IZQI4N43unK+nQ=
-12,0,vcCnMNyOVTbWipKOe/7y+YzPj7g=,XMKvKK1PUHHl2IZQI4N43unK+nQ=
-12,2,vcCnMNyOVTbWipKOe/7y+YzPj7g=,XMKvKK1PUHHl2IZQI4N43unK+nQ=
-11,0,vcCnMNyOVTbWipKOe/7y+YzPj7g=,XMKvKK1PUHHl2IZQI4N43unK+nQ=
-11,2,vcCnMNyOVTbWipKOe/7y+YzPj7g=,XMKvKK1PUHHl2IZQI4N43unK+nQ=
-10,2,vcCnMNyOVTbWipKOe/7y+YzPj7g=,XMKvKK1PUHHl2IZQI4N43unK+nQ=
-10,0,vcCnMNyOVTbWipKOe/7y+YzPj7g=,XMKvKK1PUHHl2IZQI4N43unK+nQ=
-10,1,vcCnMNyOVTbWipKOe/7y+YzPj7g=,XMKvKK1PUHHl2IZQI4N43unK+nQ=
-9,2,vcCnMNyOVTbWipKOe/7y+YzPj7g=,XMKvKK1PUHHl2IZQI4N43unK+nQ=
-9,1,vcCnMNyOVTbWipKOe/7y+YzPj7g=,XMKvKK1PUHHl2IZQI4N43unK+nQ=
-9,0,vcCnMNyOVTbWipKOe/7y+YzPj7g=,XMKvKK1PUHHl2IZQI4N43unK+nQ=
-8,0,vcCnMNyOVTbWipKOe/7y+YzPj7g=,od0V3Eu3WLJoB5kanTDDR6FuMTY=
-8,1,vcCnMNyOVTbWipKOe/7y+YzPj7g=,od0V3Eu3WLJoB5kanTDDR6FuMTY=
-8,2,vcCnMNyOVTbWipKOe/7y+YzPj7g=,od0V3Eu3WLJoB5kanTDDR6FuMTY=
-7,0,EohmczVO52j26MWHUNJ2l+OA+Jk=,od0V3Eu3WLJoB5kanTDDR6FuMTY=
-7,2,EohmczVO52j26MWHUNJ2l+OA+Jk=,od0V3Eu3WLJoB5kanTDDR6FuMTY=
-6,2,EohmczVO52j26MWHUNJ2l+OA+Jk=,od0V3Eu3WLJoB5kanTDDR6FuMTY=
-6,0,EohmczVO52j26MWHUNJ2l+OA+Jk=,od0V3Eu3WLJoB5kanTDDR6FuMTY=
-5,2,EohmczVO52j26MWHUNJ2l+OA+Jk=,od0V3Eu3WLJoB5kanTDDR6FuMTY=
-5,0,BVrPDbsiblAoAEphqMyh/tRiZfY=,CQlU0fAU0GKhXGSY7/vxBd3M6Lk=
-4,4,EohmczVO52j26MWHUNJ2l+OA+Jk=,od0V3Eu3WLJoB5kanTDDR6FuMTY=
-4,0,BVrPDbsiblAoAEphqMyh/tRiZfY=,CQlU0fAU0GKhXGSY7/vxBd3M6Lk=
-4,2,EohmczVO52j26MWHUNJ2l+OA+Jk=,od0V3Eu3WLJoB5kanTDDR6FuMTY=
-4,3,EohmczVO52j26MWHUNJ2l+OA+Jk=,od0V3Eu3WLJoB5kanTDDR6FuMTY=
-3,4,EohmczVO52j26MWHUNJ2l+OA+Jk=,od0V3Eu3WLJoB5kanTDDR6FuMTY=
-3,1,EohmczVO52j26MWHUNJ2l+OA+Jk=,od0V3Eu3WLJoB5kanTDDR6FuMTY=
-3,0,7oT+/NCcOgud3rYY0pmlZxVYus0=,SgH/yIYfGqHxg62brQT/4MLttdk=
-3,3,EohmczVO52j26MWHUNJ2l+OA+Jk=,od0V3Eu3WLJoB5kanTDDR6FuMTY=
-3,2,EohmczVO52j26MWHUNJ2l+OA+Jk=,od0V3Eu3WLJoB5kanTDDR6FuMTY=
-2,4,EohmczVO52j26MWHUNJ2l+OA+Jk=,od0V3Eu3WLJoB5kanTDDR6FuMTY=
-2,2,EohmczVO52j26MWHUNJ2l+OA+Jk=,od0V3Eu3WLJoB5kanTDDR6FuMTY=
-2,3,EohmczVO52j26MWHUNJ2l+OA+Jk=,od0V3Eu3WLJoB5kanTDDR6FuMTY=
-2,0,vRckiPR33L1kcoL9uiYYC8yXd2A=,yCJKW6i76W63Lb/Qq1Fp+Orvdqg=
-2,1,7fbitdfWpHYNWqNzB4xRmyhJjnU=,wMCzCZHxhZuY8hgeruYgYmLPN7U=
-1,5,EohmczVO52j26MWHUNJ2l+OA+Jk=,od0V3Eu3WLJoB5kanTDDR6FuMTY=
-1,4,EohmczVO52j26MWHUNJ2l+OA+Jk=,od0V3Eu3WLJoB5kanTDDR6FuMTY=
-1,3,KESBcFxkYwikpNqPINu3j+akbwg=,u+BQzNy/5ANNlHBlJH5CpLKfAQY=
-1,2,KESBcFxkYwikpNqPINu3j+akbwg=,u+BQzNy/5ANNlHBlJH5CpLKfAQY=
-1,1,KESBcFxkYwikpNqPINu3j+akbwg=,u+BQzNy/5ANNlHBlJH5CpLKfAQY=
-1,0,vRckiPR33L1kcoL9uiYYC8yXd2A=,yCJKW6i76W63Lb/Qq1Fp+Orvdqg=
-19,1,EohmczVO52j26MWHUNJ2l+OA+Jk=,UJkf2bGUnhGtxcIPUHyoq5cvhPs=
-18,2,EohmczVO52j26MWHUNJ2l+OA+Jk=,UJkf2bGUnhGtxcIPUHyoq5cvhPs=
-18,0,EohmczVO52j26MWHUNJ2l+OA+Jk=,UJkf2bGUnhGtxcIPUHyoq5cvhPs=
-18,1,EohmczVO52j26MWHUNJ2l+OA+Jk=,UJkf2bGUnhGtxcIPUHyoq5cvhPs=
-4,1,7fbitdfWpHYNWqNzB4xRmyhJjnU=,wMCzCZHxhZuY8hgeruYgYmLPN7U=
